 , 0, 1, 2, 3, 4, 5, 6, 7, 8, 9, 10, 11, 12, 13, 14, 15, 16, 17, 18, 19, 20, 21, 22, 23, 24, 25, 26, 27, 28, 29, 30, 31, 32, 33, 34, 35, 36, 37, 38, 39, 40, 41, 42, 43, 44, 45, 46, 47, 48, rowcost
C major (0), 0+0+0:0:0:0:0, 0+0+0:0:0:0:0, 0+0+0:0:0:0:0, 0+0+0:0:0:0:0, 0+0+0:0:0:0:0, 1+0+1:0:0:0:0, 1+0+2:0:0:0:0, 2+0+3:0:0:0:0, 0+0+0:0:0:0:0, 1+0+0:0:0:0:0, 0+0+0:0:0:0:0, 0+0+0:0:0:0:0, 0+0+0:0:0:0:0, 0+0+0:0:0:0:0, 2+0+1:1:0:0:1, 2+0+1:0:0:0:0, 1+0+0:0:0:0:0, 0+0+0:0:0:0:0, 0+0+0:0:0:0:0, 2+0+2:0:0:0:0, 0+0+0:0:0:0:0, 4+0+1:0:0:0:0, 0+0+0:0:0:0:0, 1+0+0:0:0:0:0, 0+0+0:0:0:0:0, 2+0+2:0:0:0:0, 2+0+1:0:0:0:0, 2+0+2:1:0:0:0, 1+0+0:0:0:0:0, 0+0+0:0:0:0:0, 1+0+1:0:0:0:0, 2+0+1:0:0:0:0, 0+0+0:0:0:0:0, 2+0+1:0:0:0:0, 1+0+1:0:0:0:1,  , 1+0+1:0:0:0:0, 1+0+0:0:0:0:0, 2+0+1:0:0:0:0, 5+0+3:0:0:0:0, 2+0+2:0:0:0:0, 1+0+0:0:0:0:0, 1+0+1:0:0:0:0, 2+0+1:0:0:0:0, 0+0+0:0:0:0:0, 0+0+0:0:0:0:0, 0+0+0:0:0:0:0, 1+0+2:0:0:0:0, 0+0+0:0:0:0:0, 46+0+31:2:0:0:2
A minor (0), 0+0+0:0:0:0:0, 0+0+0:0:0:0:0, 0+0+0:0:0:0:0, 0+0+0:0:0:0:0, 0+0+0:0:0:0:0, 1+0+1:0:0:0:0, 1+0+2:0:0:0:0, 2+0+3:0:0:0:0, 0+0+0:0:0:0:0, 1+0+0:0:0:0:0, 0+0+0:0:0:0:0, 0+0+0:0:0:0:0, 0+0+0:0:0:0:0, 0+0+0:0:0:0:0, 2+0+2:0:0:0:1, 2+0+1:0:0:0:0, 1+0+1:0:0:0:0, 0+0+0:0:0:0:0, 0+0+0:0:0:0:0, 2+0+2:0:0:0:0, 0+0+0:0:0:0:0, 4+0+1:0:0:0:0, 0+0+0:0:0:0:0, 1+0+0:0:0:0:0, 0+0+0:0:0:0:0, 2+0+2:0:0:0:0, 1+0+2:0:0:0:0, 2+0+0:0:0:0:0, 1+0+2:0:0:0:0, 0+0+0:0:0:0:0, 1+0+1:0:0:0:0, 2+0+1:0:0:0:0, 0+0+0:0:0:0:0, 2+0+1:0:0:0:0, 1+0+1:0:0:0:1,  , 1+0+1:0:0:0:0, 1+0+3:0:0:0:0, 2+0+1:0:0:0:0, 5+0+3:0:0:0:0, 2+0+2:0:0:0:0, 1+0+0:0:0:0:0, 1+0+1:0:0:0:0, 2+0+1:0:0:0:0, 0+0+0:0:0:0:0, 0+0+0:0:0:0:0, 0+0+0:0:0:0:0, 1+0+2:0:0:0:0, 0+0+0:0:0:0:0, 45+0+37:0:0:0:2
F major (1b), 1+0+0:0:0:0:0, 1+0+0:0:0:0:0, 0+0+0:0:0:0:0, 0+0+0:0:0:0:0, 0+0+0:0:0:0:0, 2+0+1:0:0:0:0, 1+0+2:0:0:0:0, 2+0+1:0:1:0:1, 0+0+0:0:0:0:0, 1+0+0:0:0:0:0, 0+0+0:0:0:0:0, 1+0+0:0:0:0:0, 0+0+0:0:0:0:0, 1+0+0:0:0:0:0, 1+0+1:1:0:0:1, 1+0+1:0:0:0:0, 1+0+0:0:0:0:0, 0+0+0:0:0:0:0, 1+0+0:0:0:0:0, 1+0+1:0:0:0:0, 0+0+0:0:0:0:0, 3+0+2:0:0:0:0, 0+0+0:0:0:0:0, 1+0+1:0:0:0:0, 1+0+0:0:0:0:0, 3+0+2:0:0:0:0, 2+0+1:0:0:0:1, 1+0+2:1:0:0:1, 1+0+0:0:0:0:0, 0+0+0:0:0:0:0, 1+0+1:0:0:0:0, 1+0+1:0:0:0:0, 0+0+0:0:0:0:0, 3+0+2:0:0:0:0, 2+0+1:0:0:0:0,  , 1+0+0:0:0:0:0, 0+0+0:0:0:0:0, 2+0+1:0:0:0:0, 3+0+3:0:0:0:0, 1+0+1:0:0:0:0, 1+0+0:0:0:0:0, 1+0+1:1:0:0:1, 1+0+1:0:0:0:0, 0+0+0:0:0:0:0, 1+0+0:0:0:0:0, 0+0+0:0:0:0:0, 2+0+2:0:0:0:0, 0+0+0:0:0:0:0, 47+0+29:3:1:0:5
G major (1#), 1+0+0:0:0:0:0, 1+0+0:0:0:0:0, 1+0+0:0:0:0:0, 0+0+0:0:0:0:0, 1+0+0:0:0:0:0, 1+0+1:0:0:0:0, 1+0+2:0:0:0:0, 2+0+3:0:0:0:0, 0+0+0:0:0:0:0, 2+0+0:0:0:0:0, 1+0+0:0:0:0:0, 0+0+0:0:0:0:0, 0+0+0:0:0:0:0, 0+0+0:0:0:0:0, 3+0+2:0:0:0:1, 3+0+2:0:0:0:0, 2+0+0:0:0:0:0, 0+0+0:0:0:0:0, 1+0+0:0:0:0:0, 3+0+2:0:0:0:0, 2+0+0:0:0:0:0, 5+0+1:0:0:0:0, 1+0+0:0:0:0:0, 0+0+0:0:0:0:0, 0+0+0:0:0:0:0, 2+0+2:2:0:0:0, 2+0+2:0:0:0:1, 2+0+2:1:0:0:0, 2+0+0:0:0:0:0, 0+0+0:0:0:0:0, 2+0+1:0:0:0:0, 2+0+1:0:0:0:0, 2+0+0:0:0:0:0, 1+0+1:1:0:0:0, 2+0+1:0:0:0:1,  , 1+0+1:0:0:0:0, 2+0+3:0:0:0:0, 3+0+1:0:0:0:0, 4+0+2:1:0:0:0, 3+0+4:0:0:0:0, 1+0+0:0:0:0:0, 1+0+1:0:0:0:0, 2+0+3:0:0:0:0, 1+0+0:0:0:0:0, 1+0+0:0:0:0:0, 1+0+0:0:0:0:0, 2+0+2:0:0:0:0, 0+0+0:0:0:0:0, 70+0+40:5:0:0:3
D minor (1b), 1+0+1:0:0:0:0, 1+0+1:0:0:0:0, 0+0+0:0:0:0:0, 0+0+0:0:0:0:0, 0+0+0:0:0:0:0, 2+0+1:0:0:0:0, 1+0+2:0:0:0:0, 2+0+1:0:1:0:1, 0+0+0:0:0:0:0, 1+0+0:0:0:0:0, 0+0+0:0:0:0:0, 1+0+0:0:0:0:0, 0+0+0:0:0:0:0, 1+0+1:0:0:0:0, 1+0+1:1:0:0:1, 1+0+1:0:0:0:0, 1+0+1:0:0:0:0, 0+0+0:0:0:0:0, 1+0+0:0:0:0:0, 1+0+0:0:0:0:0, 0+0+0:0:0:0:0, 3+0+2:0:0:0:0, 0+0+0:0:0:0:0, 1+0+0:0:0:0:0, 1+0+0:0:0:0:0, 3+0+2:0:0:0:0, 2+0+2:0:0:0:0, 1+0+0:0:0:0:0, 1+0+2:0:0:0:0, 0+0+0:0:0:0:0, 1+0+1:0:0:0:0, 1+0+1:0:0:0:0, 0+0+1:0:0:0:0, 3+0+1:0:0:0:0, 1+0+1:1:0:0:1,  , 1+0+1:0:0:0:0, 0+0+0:0:0:0:0, 2+0+1:0:0:0:0, 3+0+3:0:0:0:0, 1+0+4:0:0:0:0, 1+0+0:0:0:0:0, 1+0+3:0:0:0:0, 2+0+1:0:0:0:0, 0+0+0:0:0:0:0, 1+0+1:0:0:0:0, 0+0+0:0:0:0:0, 2+0+2:0:0:0:0, 0+0+0:0:0:0:0, 47+0+39:2:1:0:3
E minor (1#), 1+0+1:0:0:0:0, 1+0+1:0:0:0:0, 1+0+3:0:0:0:0, 0+0+0:0:0:0:0, 1+0+2:0:0:0:0, 1+0+0:0:0:0:0, 1+0+2:0:0:0:0, 2+0+1:0:0:0:0, 0+0+0:0:0:0:0, 3+0+2:0:0:0:0, 1+0+0:0:0:0:0, 0+0+0:0:0:0:0, 0+0+0:0:0:0:0, 0+0+0:0:0:0:0, 3+0+2:0:0:0:1, 3+0+1:0:0:0:0, 2+0+1:0:0:0:0, 0+0+0:0:0:0:0, 1+0+0:0:0:0:0, 3+0+2:0:0:0:0, 2+0+0:0:0:0:0, 5+0+1:0:0:0:0, 1+0+0:0:0:0:0, 0+0+0:0:0:0:0, 0+0+0:0:0:0:0, 2+0+2:0:0:0:0, 2+0+2:0:0:0:0, 2+0+0:0:0:0:0, 2+0+2:0:0:0:0, 0+0+0:0:0:0:0, 2+0+1:0:0:0:0, 2+0+1:0:0:0:0, 2+0+1:0:0:0:0, 1+0+1:0:0:0:0, 2+0+2:0:0:0:0,  , 2+0+1:0:0:0:0, 2+0+3:0:0:0:0, 3+0+1:0:0:0:0, 4+0+3:2:0:0:0, 3+0+2:0:0:0:0, 1+0+0:0:0:0:0, 1+0+1:0:0:0:0, 3+0+1:0:0:0:0, 1+0+1:0:0:0:0, 1+0+0:0:0:0:0, 1+0+1:0:0:0:0, 2+0+2:0:0:0:0, 0+0+0:0:0:0:0, 73+0+47:2:0:0:1
Bb major (2b), 2+0+1:0:0:0:0, 2+0+1:0:0:0:0, 1+0+0:0:0:0:0, 0+0+0:0:0:0:0, 1+0+0:0:0:0:0, 1+0+1:0:0:0:0, 2+0+2:0:0:0:0, 3+0+1:0:1:0:1, 1+0+0:0:0:0:0, 1+0+0:0:0:0:0, 1+0+0:0:0:0:0, 1+0+0:0:0:0:0, 1+0+0:0:0:0:0, 1+0+1:0:0:0:0, 2+0+1:1:0:0:1, 2+0+1:0:0:0:0, 0+0+0:0:0:0:0, 1+0+0:0:0:0:0, 2+0+2:0:0:0:0, 2+0+1:0:0:0:0, 1+0+0:0:0:0:0, 2+0+2:0:0:0:0, 0+0+0:0:0:0:0, 1+0+0:0:0:0:0, 1+0+0:0:0:0:0, 3+0+2:0:0:0:0, 2+0+1:0:0:0:0, 1+0+2:1:0:0:0, 0+0+0:0:0:0:0, 0+0+0:0:0:0:0, 2+0+1:0:0:0:0, 2+0+1:0:0:0:0, 1+0+0:0:0:0:0, 4+0+2:0:0:0:0, 1+0+1:0:0:0:0,  , 0+0+0:0:0:0:0, 0+0+0:0:0:0:0, 3+0+1:0:0:0:0, 3+0+3:0:0:0:0, 2+0+1:0:0:0:0, 0+0+0:0:0:0:0, 2+0+1:1:0:0:1, 2+0+1:0:0:0:0, 1+0+0:0:0:0:0, 1+0+1:0:0:0:0, 1+0+0:0:0:0:0, 2+0+2:0:0:0:0, 1+0+0:0:0:0:0, 66+0+34:3:1:0:3
D major (2#), 2+0+1:0:0:0:0, 2+0+1:0:0:0:0, 1+0+0:0:0:0:0, 1+0+0:0:0:0:0, 2+0+2:0:0:0:0, 1+0+0:0:0:0:0, 1+0+2:0:0:0:0, 2+0+1:0:0:0:0, 1+0+0:0:0:0:0, 2+0+1:0:0:0:0, 1+0+0:0:0:0:0, 1+0+0:0:0:0:0, 0+0+0:0:0:0:0, 1+0+4:0:0:0:0, 3+0+1:1:1:0:1, 5+0+1:0:0:0:0, 3+0+1:0:0:0:0, 0+0+0:0:0:0:0, 2+0+0:0:0:0:0, 2+0+0:0:0:0:0, 3+0+1:0:0:0:0, 6+0+3:0:0:0:0, 1+0+0:0:0:0:0, 1+0+0:0:0:0:0, 1+0+0:0:0:0:0, 3+0+2:2:0:0:0, 3+0+2:0:0:0:1, 1+0+0:0:0:0:0, 3+0+2:0:0:0:0, 1+0+0:0:0:0:0, 2+0+1:0:0:0:0, 2+0+1:0:0:0:0, 3+0+1:0:0:0:0, 2+0+1:0:0:0:0, 3+0+1:0:0:0:1,  , 2+0+1:0:0:0:0, 3+0+0:0:0:0:0, 4+0+1:0:0:0:0, 5+0+3:0:0:0:0, 4+0+4:0:0:0:0, 1+0+0:0:0:0:0, 2+0+1:0:0:0:0, 2+0+1:0:0:0:0, 2+0+1:0:0:0:0, 2+0+0:0:0:0:0, 2+0+0:0:0:0:0, 2+0+2:0:0:0:0, 0+0+0:0:0:0:0, 99+0+44:3:1:0:3
G minor (2b), 2+0+1:0:0:0:0, 2+0+1:0:0:0:0, 1+0+0:0:0:0:0, 0+0+0:0:0:0:0, 1+0+0:0:0:0:0, 1+0+2:0:0:0:0, 2+0+2:0:0:0:0, 4+0+3:0:0:0:0, 1+0+0:0:0:0:0, 1+0+0:0:0:0:0, 1+0+0:0:0:0:0, 1+0+0:0:0:0:0, 1+0+0:0:0:0:0, 1+0+0:0:0:0:0, 2+0+1:0:0:0:0, 2+0+1:0:0:0:0, 0+0+0:0:0:0:0, 1+0+0:0:0:0:0, 2+0+0:0:0:0:0, 2+0+0:0:0:0:0, 1+0+0:0:0:0:0, 2+0+2:0:0:0:0, 0+0+0:0:0:0:0, 1+0+0:0:0:0:0, 1+0+0:0:0:0:0, 3+0+2:0:0:0:0, 2+0+1:0:0:0:0, 1+0+2:1:0:0:0, 0+0+0:0:0:0:0, 0+0+0:0:0:0:0, 2+0+2:0:0:0:0, 2+0+1:0:0:0:0, 1+0+1:0:0:0:0, 4+0+1:0:0:0:0, 1+0+1:0:0:0:0,  , 0+0+0:0:0:0:0, 0+0+0:0:0:0:0, 3+0+1:0:0:0:0, 3+0+2:1:0:0:0, 2+0+4:0:0:0:0, 0+0+0:0:0:0:0, 2+0+3:0:0:0:0, 3+0+1:0:0:0:0, 1+0+1:0:0:0:0, 1+0+0:0:0:0:0, 1+0+0:0:0:0:0, 2+0+0:0:0:0:0, 1+0+0:0:0:0:0, 68+0+36:2:0:0:0
B minor (2#), 2+0+1:0:0:0:0, 2+0+1:0:0:0:0, 1+0+3:0:0:0:0, 1+0+0:0:0:0:0, 2+0+2:0:0:0:0, 1+0+0:0:0:0:0, 1+0+2:0:0:0:0, 2+0+1:0:0:0:0, 1+0+0:0:0:0:0, 3+0+2:0:0:0:0, 1+0+0:0:0:0:0, 1+0+4:0:0:0:0, 0+0+0:0:0:0:0, 1+0+4:0:0:0:0, 3+0+1:1:1:0:1, 5+0+1:0:0:0:0, 3+0+3:0:0:0:0, 0+0+0:0:0:0:0, 2+0+0:0:0:0:0, 2+0+0:0:0:0:0, 3+0+1:0:0:0:0, 6+0+3:0:0:0:0, 1+0+0:0:0:0:0, 1+0+0:0:0:0:0, 1+0+0:0:0:0:0, 3+0+2:1:0:0:1, 3+0+2:0:0:0:0, 1+0+0:0:0:0:0, 3+0+2:0:0:0:0, 1+0+0:0:0:0:0, 2+0+1:0:0:0:1, 2+0+1:0:0:0:0, 3+0+1:0:0:0:0, 2+0+1:0:0:0:0, 3+0+2:0:0:0:0,  , 3+0+1:0:0:0:0, 3+0+2:0:0:0:0, 4+0+1:0:0:0:0, 5+0+3:0:0:0:0, 4+0+4:0:0:0:0, 1+0+0:0:0:0:0, 2+0+2:0:0:0:0, 2+0+1:0:0:0:0, 2+0+1:0:0:0:0, 2+0+0:0:0:0:0, 2+0+1:0:0:0:0, 2+0+2:0:0:0:0, 0+0+0:0:0:0:0, 101+0+59:2:1:0:3
Eb major (3b), 3+0+0:0:0:0:0, 3+0+0:0:0:0:0, 2+0+0:0:0:0:0, 1+0+0:0:0:0:0, 1+0+0:0:0:0:0, 2+0+2:0:0:0:0, 1+0+2:0:0:0:0, 3+0+3:0:0:0:0, 2+0+0:0:0:0:0, 0+0+0:0:0:0:0, 2+0+0:0:0:0:0, 1+0+0:0:0:0:0, 1+0+0:0:0:0:0, 2+0+1:0:0:0:0, 3+0+1:0:0:0:0, 4+0+1:0:0:0:0, 0+0+0:0:0:0:0, 1+0+0:0:0:0:0, 2+0+0:0:0:0:0, 3+0+1:0:0:0:0, 2+0+1:0:0:0:0, 0+0+0:0:0:0:0, 0+0+0:0:0:0:0, 1+0+0:0:0:0:0, 1+0+0:0:0:0:0, 4+0+2:0:0:0:0, 2+0+1:0:0:0:0, 2+0+2:1:0:0:0, 0+0+0:0:0:0:0, 0+0+0:0:0:0:0, 1+0+2:0:0:0:0, 3+0+2:0:0:0:0, 2+0+0:0:0:0:0, 3+0+2:0:0:0:0, 1+0+1:0:0:0:0,  , 1+0+0:0:0:0:0, 1+0+0:0:0:0:0, 3+0+1:0:0:0:0, 4+0+3:0:0:0:0, 3+0+1:0:0:0:0, 0+0+0:0:0:0:0, 2+0+1:1:0:0:1, 3+0+1:0:0:0:0, 1+0+0:0:0:0:0, 3+0+0:0:0:0:0, 1+0+0:0:0:0:0, 1+0+0:0:0:0:0, 1+0+0:0:0:0:0, 83+0+31:2:0:0:1
A major (3#), 3+0+2:0:0:0:0, 3+0+2:0:0:0:0, 2+0+0:0:0:0:0, 1+0+0:0:0:0:0, 3+0+1:0:0:0:0, 2+0+0:0:0:0:0, 2+0+2:0:0:0:0, 3+0+1:0:0:0:0, 1+0+0:0:0:0:0, 2+0+2:0:0:0:0, 2+0+0:0:0:0:0, 2+0+0:0:0:0:0, 1+0+0:0:0:0:0, 2+0+4:0:0:0:0, 5+0+1:1:1:0:1, 4+0+1:0:0:0:0, 4+0+1:0:0:0:0, 0+0+0:0:0:0:0, 2+0+0:0:0:0:0, 3+0+2:0:0:0:0, 4+0+0:0:0:0:0, 7+0+1:0:0:0:0, 2+0+0:0:0:0:0, 2+0+0:0:0:0:0, 1+0+0:0:0:0:0, 4+0+2:0:0:0:0, 4+0+2:0:0:0:0, 3+0+0:0:0:0:0, 3+0+2:0:0:0:0, 1+0+0:0:0:0:0, 3+0+1:0:0:0:0, 3+0+1:0:0:0:0, 4+0+1:0:0:0:0, 1+0+1:0:0:0:0, 4+0+2:0:0:0:0,  , 3+0+1:0:0:0:0, 4+0+3:0:0:0:0, 4+0+1:0:0:0:1, 5+0+3:2:0:0:0, 5+0+2:0:0:0:0, 1+0+0:0:0:0:0, 4+0+2:0:0:0:0, 3+0+1:0:0:0:0, 3+0+1:0:0:0:0, 2+0+0:0:0:0:0, 3+0+1:0:0:0:0, 3+0+2:0:0:0:0, 1+0+0:0:0:0:0, 134+0+49:3:1:0:2
C minor (3b), 3+0+0:0:0:0:0, 3+0+0:0:0:0:0, 2+0+0:0:0:0:0, 1+0+0:0:0:0:0, 1+0+0:0:0:0:0, 2+0+2:0:0:0:0, 1+0+2:0:0:0:0, 3+0+3:0:0:0:0, 2+0+0:0:0:0:0, 0+0+0:0:0:0:0, 2+0+0:0:0:0:0, 1+0+0:0:0:0:0, 1+0+0:0:0:0:0, 2+0+0:0:0:0:0, 2+0+2:0:0:0:1, 4+0+2:0:0:0:0, 0+0+0:0:0:0:0, 1+0+0:0:0:0:0, 2+0+0:0:0:0:0, 3+0+2:0:0:0:0, 2+0+0:0:0:0:0, 0+0+1:0:0:0:0, 0+0+0:0:0:0:0, 1+0+0:0:0:0:0, 1+0+0:0:0:0:0, 4+0+2:0:0:0:0, 2+0+1:0:0:0:0, 2+0+2:1:0:0:0, 0+0+0:0:0:0:0, 0+0+0:0:0:0:0, 1+0+2:0:0:0:0, 3+0+2:0:0:0:0, 2+0+0:0:0:0:0, 3+0+2:0:0:0:0, 1+0+1:0:0:0:0,  , 1+0+1:0:0:0:0, 1+0+3:0:0:0:0, 3+0+1:0:0:0:0, 4+0+2:1:0:0:0, 3+0+2:0:0:0:0, 0+0+0:0:0:0:0, 2+0+1:0:0:0:0, 3+0+1:0:0:0:0, 1+0+0:0:0:0:0, 3+0+0:0:0:0:0, 1+0+0:0:0:0:0, 1+0+0:0:0:0:0, 1+0+0:0:0:0:0, 82+0+37:2:0:0:1
F# minor (3#), 3+0+2:0:0:0:0, 3+0+2:0:0:0:0, 2+0+3:0:0:0:0, 1+0+0:0:0:0:0, 3+0+1:0:0:0:0, 2+0+0:0:0:0:0, 2+0+2:0:0:0:0, 3+0+1:0:0:0:0, 1+0+0:0:0:0:0, 2+0+2:0:0:0:0, 2+0+1:0:0:0:0, 2+0+4:0:0:0:0, 1+0+0:0:0:0:0, 2+0+4:0:0:0:0, 5+0+1:1:1:0:1, 4+0+1:0:0:0:0, 4+0+1:0:0:0:0, 0+0+0:0:0:0:0, 2+0+0:0:0:0:0, 3+0+0:0:0:0:0, 4+0+1:0:0:0:0, 7+0+1:0:0:0:0, 2+0+0:0:0:0:0, 2+0+0:0:0:0:0, 1+0+0:0:0:0:0, 4+0+2:1:0:0:1, 4+0+2:0:0:0:0, 4+0+1:0:0:0:0, 3+0+2:0:0:0:0, 1+0+0:0:0:0:0, 3+0+1:0:0:0:0, 3+0+1:0:0:0:0, 4+0+1:0:0:0:0, 1+0+1:0:0:0:0, 4+0+2:0:0:0:0,  , 4+0+1:0:0:0:0, 4+0+3:0:0:0:0, 4+0+2:0:0:0:1, 4+0+3:2:1:0:1, 5+0+3:0:0:0:0, 1+0+0:0:0:0:0, 4+0+2:0:0:0:0, 3+0+1:0:0:0:0, 3+0+1:0:0:0:0, 2+0+0:0:0:0:0, 3+0+1:0:0:0:0, 3+0+2:0:0:0:0, 1+0+0:0:0:0:0, 135+0+59:4:2:0:4
Ab major (4b), 3+0+1:0:0:0:0, 3+0+1:0:0:0:0, 3+0+0:0:0:0:0, 1+0+0:0:0:0:0, 1+0+0:0:0:0:0, 2+0+2:0:0:0:0, 2+0+1:0:0:0:0, 2+0+1:0:1:0:1, 3+0+0:0:0:0:0, 0+0+0:0:0:0:0, 2+0+1:0:0:0:0, 2+0+0:0:0:0:0, 1+0+0:0:0:0:0, 3+0+1:0:0:0:0, 2+0+1:0:0:0:0, 5+0+1:0:0:0:0, 1+0+0:0:0:0:0, 2+0+0:0:0:0:0, 3+0+2:0:0:0:0, 4+0+1:0:0:0:0, 3+0+0:0:0:0:0, 0+0+0:0:0:0:0, 0+0+0:0:0:0:0, 2+0+1:0:0:0:0, 2+0+0:0:0:0:0, 4+0+2:0:0:0:0, 3+0+1:0:0:0:0, 3+0+2:0:0:0:0, 1+0+0:0:0:0:0, 0+0+0:0:0:0:0, 2+0+1:0:0:0:0, 2+0+2:0:0:0:0, 2+0+0:0:0:0:0, 4+0+2:0:0:0:0, 2+0+1:0:0:0:1,  , 2+0+0:0:0:0:0, 1+0+0:0:0:0:0, 3+0+1:0:0:0:0, 5+0+3:0:0:0:0, 4+0+1:0:0:0:0, 0+0+0:0:0:0:0, 3+0+1:1:0:0:1, 2+0+2:0:0:0:0, 2+0+1:0:0:0:0, 4+0+1:0:0:0:0, 2+0+1:0:0:0:0, 2+0+0:0:0:0:0, 1+0+0:0:0:0:0, 106+0+36:1:1:0:3
E major (4#), 3+0+1:0:0:0:0, 3+0+1:0:0:0:0, 3+0+3:0:0:0:0, 1+0+0:0:0:0:0, 3+0+2:0:0:0:0, 1+0+0:0:0:0:0, 3+0+2:0:0:0:0, 3+0+3:0:0:0:0, 2+0+0:0:0:0:0, 2+0+2:0:0:0:0, 2+0+1:0:0:0:0, 3+0+0:0:0:0:0, 1+0+0:0:0:0:0, 3+0+0:0:0:0:0, 7+0+2:0:0:0:0, 5+0+1:0:0:0:0, 5+0+1:0:0:0:0, 1+0+0:0:0:0:0, 3+0+0:0:0:0:0, 4+0+0:0:0:0:0, 5+0+1:0:0:0:0, 7+0+1:0:0:0:0, 2+0+0:0:0:0:0, 2+0+0:0:0:0:0, 2+0+0:0:0:0:0, 4+0+2:2:0:0:0, 5+0+2:0:0:0:1, 4+0+2:1:0:0:0, 4+0+2:0:0:0:0, 1+0+0:0:0:0:0, 4+0+1:0:0:0:0, 3+0+1:0:0:0:0, 4+0+1:0:0:0:0, 2+0+1:0:0:0:0, 5+0+2:0:0:0:0,  , 3+0+1:0:0:0:0, 4+0+3:0:0:0:0, 4+0+1:0:0:0:1, 6+0+3:2:0:0:0, 6+0+3:2:0:0:0, 0+0+0:0:0:0:0, 5+0+2:0:0:0:0, 3+0+1:0:0:0:0, 4+0+1:0:0:0:0, 3+0+0:0:0:0:0, 4+0+1:0:0:0:0, 4+0+2:0:0:0:0, 1+0+0:0:0:0:0, 159+0+53:7:0:0:2
F minor (4b), 3+0+1:0:0:0:0, 3+0+1:0:0:0:0, 3+0+0:0:0:0:0, 1+0+0:0:0:0:0, 1+0+0:0:0:0:0, 2+0+2:0:0:0:0, 2+0+1:0:0:0:0, 2+0+1:0:1:0:1, 3+0+0:0:0:0:0, 0+0+0:0:0:0:0, 2+0+0:0:0:0:0, 2+0+0:0:0:0:0, 1+0+0:0:0:0:0, 3+0+1:0:0:0:0, 2+0+1:0:0:0:0, 5+0+1:0:0:0:0, 1+0+0:0:0:0:0, 2+0+0:0:0:0:0, 3+0+2:0:0:0:0, 4+0+1:0:0:0:0, 3+0+0:0:0:0:0, 0+0+1:0:0:0:0, 0+0+0:0:0:0:0, 1+0+0:0:0:0:0, 2+0+0:0:0:0:0, 4+0+2:0:0:0:0, 3+0+1:0:0:0:0, 3+0+2:1:0:0:0, 1+0+0:0:0:0:0, 0+0+0:0:0:0:0, 2+0+1:0:0:0:0, 2+0+2:0:0:0:0, 2+0+0:0:0:0:0, 4+0+2:0:0:0:0, 2+0+1:0:0:0:0,  , 2+0+1:0:0:0:0, 1+0+1:0:0:0:0, 3+0+1:0:0:0:0, 5+0+3:0:0:0:0, 4+0+1:0:0:0:0, 0+0+0:0:0:0:0, 3+0+1:1:0:0:1, 2+0+1:0:0:0:0, 2+0+0:0:0:0:0, 4+0+1:0:0:0:0, 2+0+0:0:0:0:0, 2+0+0:0:0:0:0, 1+0+0:0:0:0:0, 105+0+34:2:1:0:2
C# minor (4#), 3+0+1:0:0:0:0, 3+0+1:0:0:0:0, 3+0+2:0:0:0:0, 1+0+0:0:0:0:0, 3+0+2:0:0:0:0, 1+0+0:0:0:0:0, 3+0+2:0:0:0:0, 3+0+0:0:0:0:0, 2+0+1:0:0:0:0, 2+0+2:0:0:0:0, 2+0+1:0:0:0:0, 3+0+2:0:0:0:0, 1+0+0:0:0:0:0, 3+0+2:0:0:0:0, 6+0+2:0:1:0:2, 5+0+1:0:0:0:0, 5+0+1:0:0:0:0, 1+0+0:0:0:0:0, 3+0+0:0:0:0:0, 4+0+2:0:0:0:0, 5+0+0:0:0:0:0, 7+0+1:0:0:0:0, 2+0+0:0:0:0:0, 2+0+0:0:0:0:0, 2+0+2:0:0:0:0, 4+0+2:1:0:0:1, 5+0+2:0:0:0:0, 5+0+1:0:0:0:0, 4+0+2:0:0:0:0, 1+0+0:0:0:0:0, 4+0+1:0:0:0:0, 3+0+1:0:0:0:0, 4+0+2:0:0:0:0, 2+0+3:0:0:0:0, 5+0+2:0:0:0:0,  , 3+0+1:0:0:0:0, 4+0+3:0:0:0:0, 4+0+1:0:0:0:1, 6+0+3:2:0:0:0, 6+0+2:0:0:0:0, 0+0+0:0:0:0:0, 5+0+2:0:0:0:0, 3+0+1:0:0:0:0, 4+0+1:0:0:0:0, 3+0+0:0:0:0:0, 4+0+0:0:0:0:0, 4+0+2:0:0:0:0, 1+0+0:0:0:0:0, 159+0+57:3:1:0:4
Db major (5b), 4+0+2:0:0:0:0, 4+0+1:0:0:0:0, 4+0+2:0:0:0:0, 1+0+0:0:0:0:0, 2+0+0:0:0:0:0, 3+0+2:0:0:0:0, 3+0+1:0:0:0:0, 3+0+1:0:1:0:1, 3+0+0:0:0:0:0, 1+0+0:0:0:0:0, 3+0+1:0:0:0:0, 3+0+0:0:0:0:0, 2+0+0:0:0:0:0, 4+0+1:0:0:0:0, 4+0+1:0:0:0:0, 5+0+1:0:0:0:0, 2+0+0:0:0:0:0, 2+0+0:0:0:0:0, 3+0+2:0:0:0:0, 5+0+3:0:0:0:0, 4+0+1:0:0:0:0, 1+0+0:0:0:0:0, 1+0+0:0:0:0:0, 2+0+0:0:0:0:0, 2+0+0:0:0:0:0, 4+0+2:0:1:0:0, 4+0+2:0:0:0:1, 5+0+2:0:0:0:0, 1+0+0:0:0:0:0, 0+0+0:0:0:0:0, 3+0+1:0:0:0:0, 3+0+2:0:0:0:0, 3+0+0:0:0:0:0, 3+0+2:0:0:0:0, 3+0+1:0:0:0:0,  , 3+0+0:0:0:0:0, 2+0+0:0:0:0:0, 2+0+3:0:0:0:0, 4+0+3:0:0:0:1, 5+0+1:0:0:0:0, 0+0+0:0:0:0:0, 4+0+1:0:0:0:0, 3+0+2:0:0:0:0, 3+0+1:0:0:0:0, 4+0+1:0:0:0:0, 3+0+1:0:0:0:0, 3+0+0:0:0:0:0, 2+0+0:0:0:0:0, 138+0+44:0:2:0:3
B major (5#), 4+0+1:0:0:0:0, 4+0+1:0:0:0:0, 4+0+2:0:0:0:0, 2+0+0:0:0:0:0, 3+0+2:0:0:0:0, 2+0+0:0:0:0:0, 3+0+2:0:0:0:0, 2+0+0:0:0:0:0, 3+0+1:0:0:0:0, 2+0+2:0:0:0:0, 3+0+1:0:0:0:0, 3+0+4:0:0:0:0, 1+0+0:0:0:0:0, 4+0+4:0:0:0:0, 6+0+1:1:1:0:1, 7+0+1:0:0:0:0, 5+0+1:0:0:0:0, 1+0+0:0:0:0:0, 3+0+0:0:0:0:0, 5+0+0:0:0:0:0, 6+0+0:0:0:0:0, 5+0+2:0:0:0:0, 2+0+0:0:0:0:0, 2+0+0:0:0:0:0, 2+0+5:0:0:0:0, 4+0+2:0:0:0:0, 5+0+2:0:0:0:0, 4+0+1:0:0:0:0, 4+0+2:0:0:0:0, 1+0+0:0:0:0:0, 4+0+1:0:0:0:1, 4+0+1:0:0:0:0, 5+0+2:0:0:0:0, 2+0+2:0:0:0:0, 5+0+4:0:0:0:1,  , 4+0+1:0:0:0:0, 5+0+2:0:0:0:0, 4+0+1:0:0:0:0, 7+0+3:0:0:0:0, 7+0+4:0:0:0:0, 0+0+0:0:0:0:0, 5+0+2:0:0:0:0, 4+0+1:0:0:0:0, 4+0+1:0:0:0:0, 5+0+0:0:0:0:0, 4+0+1:0:0:0:0, 4+0+2:0:0:0:0, 1+0+0:0:0:0:0, 176+0+65:1:1:0:3
Bb minor (5b), 4+0+1:0:0:0:0, 4+0+1:0:0:0:0, 4+0+2:0:0:0:0, 1+0+0:0:0:0:0, 2+0+0:0:0:0:0, 3+0+2:0:0:0:0, 3+0+1:0:0:0:0, 3+0+1:0:1:0:1, 3+0+0:0:0:0:0, 1+0+0:0:0:0:0, 3+0+1:0:0:0:0, 3+0+0:0:0:0:0, 2+0+0:0:0:0:0, 4+0+1:0:0:0:0, 4+0+1:0:0:0:0, 5+0+1:0:0:0:0, 2+0+0:0:0:0:0, 2+0+0:0:0:0:0, 3+0+2:0:0:0:0, 5+0+3:0:0:0:0, 4+0+1:0:0:0:0, 1+0+2:0:0:0:0, 1+0+0:0:0:0:0, 2+0+0:0:0:0:0, 2+0+0:0:0:0:0, 5+0+2:0:0:0:0, 4+0+1:0:0:0:0, 5+0+2:1:0:0:0, 1+0+0:0:0:0:0, 0+0+0:0:0:0:0, 3+0+1:0:0:0:0, 3+0+2:0:0:0:0, 3+0+0:0:0:0:0, 3+0+2:0:0:0:0, 3+0+1:0:0:0:0,  , 3+0+0:0:0:0:0, 2+0+0:0:0:0:0, 2+0+3:0:0:0:0, 4+0+3:0:0:0:1, 5+0+1:0:0:0:0, 0+0+0:0:0:0:0, 4+0+1:0:0:0:0, 3+0+2:0:0:0:0, 3+0+1:0:0:0:0, 4+0+1:0:0:0:0, 3+0+1:0:0:0:0, 3+0+0:0:0:0:0, 2+0+0:0:0:0:0, 139+0+44:1:1:0:2
G# minor (5#), 4+0+1:0:0:0:0, 4+0+1:0:0:0:0, 4+0+3:0:0:0:0, 2+0+0:0:0:0:0, 3+0+2:0:0:0:0, 2+0+0:0:0:0:0, 3+0+2:0:0:0:0, 2+0+0:0:0:0:0, 3+0+1:0:0:0:0, 2+0+2:0:0:0:0, 3+0+1:0:0:0:0, 3+0+4:0:0:0:0, 1+0+0:0:0:0:0, 4+0+4:0:0:0:0, 6+0+1:1:1:0:1, 7+0+1:0:0:0:0, 5+0+1:0:0:0:0, 1+0+0:0:0:0:0, 3+0+0:0:0:0:0, 5+0+0:0:0:0:0, 6+0+0:0:0:0:0, 5+0+2:0:0:0:0, 2+0+0:0:0:0:0, 2+0+1:0:0:0:0, 2+0+5:0:0:0:0, 4+0+2:0:0:0:1, 5+0+4:0:0:0:1, 4+0+1:0:0:0:0, 4+0+2:0:0:0:0, 1+0+0:0:0:0:0, 4+0+1:0:0:0:0, 4+0+1:0:0:0:0, 5+0+2:0:0:0:0, 2+0+2:0:0:0:0, 5+0+4:0:0:0:1,  , 4+0+1:0:0:0:0, 5+0+2:0:0:0:0, 4+0+1:0:0:0:0, 7+0+3:0:0:0:0, 7+0+4:0:0:0:0, 0+0+0:0:0:0:0, 5+0+2:0:0:0:0, 4+0+1:0:0:0:0, 4+0+1:0:0:0:0, 5+0+0:0:0:0:0, 4+0+0:0:0:0:0, 4+0+2:0:0:0:0, 1+0+0:0:0:0:0, 176+0+68:1:1:0:4
Gb major (6b), 5+0+0:0:0:0:0, 5+0+0:0:0:0:0, 4+0+0:0:0:0:0, 2+0+0:0:0:0:0, 3+0+0:0:0:0:0, 3+0+2:0:0:0:0, 3+0+2:0:0:0:0, 2+0+4:0:0:0:0, 4+0+0:0:0:0:0, 1+0+0:0:0:0:0, 3+0+0:0:0:0:0, 4+0+0:0:0:0:0, 2+0+0:0:0:0:0, 5+0+1:0:0:0:0, 5+0+1:0:0:0:0, 7+0+1:0:0:0:0, 3+0+0:0:0:0:0, 2+0+0:0:0:0:0, 4+0+0:0:0:0:0, 5+0+1:0:0:0:0, 5+0+1:0:0:0:0, 2+0+0:0:0:0:0, 1+0+0:0:0:0:0, 3+0+0:0:0:0:0, 3+0+0:0:0:0:0, 6+0+2:0:0:0:0, 5+0+1:0:0:0:0, 5+0+2:1:0:0:0, 2+0+0:0:0:0:0, 1+0+0:0:0:0:0, 3+0+2:0:0:0:0, 4+0+2:0:0:0:0, 4+0+0:0:0:0:0, 4+0+2:0:0:0:0, 4+0+1:0:0:0:1,  , 4+0+1:0:0:0:0, 3+0+0:0:0:0:0, 3+0+3:0:0:0:0, 5+0+3:0:0:0:1, 6+0+1:0:0:0:0, 0+0+0:0:0:0:0, 5+0+1:0:0:0:0, 4+0+2:0:0:0:0, 4+0+0:0:0:0:0, 5+0+0:0:0:0:0, 4+0+1:0:0:0:0, 2+0+2:0:0:0:0, 2+0+0:0:0:0:0, 171+0+39:1:0:0:2
F# major (6#), 5+0+2:0:0:0:0, 5+0+2:0:0:0:0, 5+0+0:0:0:0:0, 2+0+0:0:0:0:0, 4+0+1:0:0:0:0, 2+0+0:0:0:0:0, 4+0+2:0:0:0:0, 3+0+0:0:0:0:0, 4+0+1:0:0:0:0, 1+0+2:0:0:0:0, 4+0+1:0:0:0:0, 3+0+4:0:0:0:0, 2+0+0:0:0:0:0, 4+0+4:0:0:0:0, 7+0+1:1:1:0:1, 8+0+1:0:0:0:0, 5+0+1:0:0:0:0, 2+0+0:0:0:0:0, 4+0+0:0:0:0:0, 5+0+2:0:0:0:0, 7+0+0:0:0:0:0, 6+0+1:0:0:0:0, 2+0+0:0:0:0:0, 2+0+0:0:0:0:0, 2+0+0:0:0:0:0, 4+0+2:0:0:0:0, 6+0+2:0:0:0:0, 5+0+0:0:0:0:0, 4+0+2:0:0:0:0, 1+0+0:0:0:0:0, 5+0+1:0:0:0:0, 5+0+1:0:0:0:0, 6+0+1:0:0:0:0, 3+0+1:0:0:0:0, 6+0+2:0:0:0:0,  , 4+0+1:0:0:0:0, 4+0+3:0:0:0:0, 5+0+1:0:0:0:1, 5+1+3:1:0:0:0, 7+0+2:0:0:0:0, 0+0+0:0:0:0:0, 6+0+2:0:0:0:0, 5+0+1:0:0:0:0, 5+0+1:0:0:0:0, 5+0+0:0:0:0:0, 5+0+0:0:0:0:0, 4+0+2:0:0:0:0, 2+0+0:0:0:0:0, 200+1+53:2:1:0:2
Eb minor (6b), 4+0+2:0:0:0:0, 5+0+1:0:0:0:0, 4+0+2:0:0:0:0, 2+0+0:0:0:0:0, 3+0+0:0:0:0:0, 3+0+2:0:0:0:0, 3+0+2:0:0:0:0, 2+0+1:0:0:0:0, 4+0+0:0:0:0:0, 1+0+0:0:0:0:0, 3+0+1:0:0:0:0, 4+0+0:0:0:0:0, 2+0+0:0:0:0:0, 5+0+1:0:0:0:0, 5+0+1:0:0:0:0, 7+0+1:0:0:0:0, 3+0+0:0:0:0:0, 2+0+0:0:0:0:0, 4+0+2:0:0:0:0, 5+0+3:0:0:0:0, 5+0+1:0:0:0:0, 2+0+0:0:0:0:0, 1+0+0:0:0:0:0, 2+0+1:0:0:0:0, 3+0+0:0:0:0:0, 6+0+2:0:0:0:0, 5+0+1:0:0:0:0, 5+0+2:0:0:0:0, 2+0+0:0:0:0:0, 1+0+0:0:0:0:0, 3+0+2:0:0:0:0, 4+0+2:0:0:0:0, 4+0+0:0:0:0:0, 4+0+2:0:0:0:0, 4+0+1:0:0:0:1,  , 4+0+1:0:0:0:0, 3+0+0:0:0:0:0, 3+0+3:0:0:0:0, 5+0+3:0:0:0:1, 6+0+1:0:0:0:0, 0+0+0:0:0:0:0, 5+0+1:0:0:0:0, 4+0+2:0:0:0:0, 4+0+1:0:0:0:0, 5+0+2:0:0:0:0, 4+0+1:0:0:0:0, 2+0+2:0:0:0:0, 2+0+0:0:0:0:0, 169+0+50:0:0:0:2
D# minor (6#), 5+0+2:0:0:0:0, 5+0+2:0:0:0:0, 5+0+0:0:0:0:0, 2+0+0:0:0:0:0, 4+0+1:0:0:0:0, 2+0+0:0:0:0:0, 4+0+2:0:0:0:0, 3+0+0:0:0:0:0, 4+0+1:0:0:0:0, 1+0+2:0:0:0:0, 4+0+1:0:0:0:0, 3+0+4:0:0:0:0, 2+0+0:0:0:0:0, 4+0+4:0:0:0:0, 7+0+1:1:1:0:1, 8+0+1:0:0:0:0, 5+0+1:0:0:0:0, 2+0+0:0:0:0:0, 4+0+0:0:0:0:0, 5+0+2:0:0:0:0, 7+0+0:0:0:0:0, 6+0+1:0:0:0:0, 2+0+0:0:0:0:0, 2+0+0:0:0:0:0, 2+0+0:0:0:0:0, 4+0+2:0:0:0:0, 6+0+2:0:0:0:0, 5+0+0:0:0:0:0, 4+0+2:0:0:0:0, 1+0+0:0:0:0:0, 5+0+1:0:0:0:0, 5+0+1:0:0:0:0, 6+0+1:0:0:0:0, 3+0+1:0:0:0:0, 6+0+2:0:0:0:0,  , 4+0+1:0:0:0:0, 4+0+3:0:0:0:0, 5+0+1:0:0:0:1, 5+1+3:1:0:0:0, 7+0+2:0:0:0:0, 0+0+0:0:0:0:0, 6+0+2:0:0:0:0, 5+0+1:0:0:0:0, 5+0+1:0:0:0:0, 5+0+0:0:0:0:0, 5+0+0:0:0:0:0, 4+0+2:0:0:0:0, 2+0+0:0:0:0:0, 200+1+53:2:1:0:2
Cb major (7b), 5+0+1:0:0:0:0, 6+0+1:0:0:0:0, 5+0+0:0:0:0:0, 2+0+0:0:0:0:0, 4+0+0:0:0:0:0, 2+0+2:0:0:0:1, 2+0+1:0:0:0:0, 1+0+0:0:0:0:0, 4+0+0:0:0:0:0, 2+0+0:0:0:0:0, 4+0+1:0:0:0:0, 4+0+0:0:0:0:0, 2+0+0:0:0:0:0, 5+0+1:0:0:0:0, 6+0+1:0:0:0:0, 8+0+1:0:0:0:0, 4+0+0:0:0:0:0, 2+0+0:0:0:0:0, 5+0+2:0:0:0:0, 6+0+1:0:0:0:0, 7+0+0:0:0:0:0, 3+0+0:0:0:0:0, 2+0+0:0:0:0:0, 2+0+1:0:0:0:0, 3+0+0:0:0:0:0, 6+0+2:0:0:0:0, 6+0+1:0:0:0:0, 5+0+2:1:0:0:0, 3+0+0:0:0:0:0, 1+0+0:0:0:0:0, 4+0+1:0:0:0:0, 4+0+2:0:0:0:0, 6+0+0:0:0:0:0, 4+0+2:0:0:0:0, 5+0+1:0:0:0:1,  , 4+0+0:0:0:0:0, 4+0+0:0:0:0:0, 4+0+1:0:0:0:0, 5+0+3:0:0:0:0, 5+0+2:0:0:0:0, 0+0+0:0:0:0:0, 6+0+1:0:0:0:0, 4+0+2:0:0:0:0, 5+0+0:0:0:0:0, 6+0+1:0:0:0:0, 5+0+1:0:0:0:0, 3+0+2:0:0:0:0, 1+0+0:0:0:0:0, 192+0+37:1:0:0:2
C# major (7#), 6+0+1:0:0:0:0, 6+0+1:0:0:0:0, 5+0+3:0:0:0:0, 2+0+0:0:0:0:0, 4+0+2:0:0:0:0, 3+0+0:0:0:0:0, 4+0+2:0:0:0:0, 4+0+0:0:0:0:0, 3+0+1:0:0:0:0, 1+0+2:0:0:0:0, 4+0+1:0:0:0:0, 4+0+0:0:0:0:0, 2+0+0:0:0:0:0, 5+0+0:0:0:0:0, 5+0+3:0:0:0:0, 8+0+1:0:0:0:0, 5+0+1:0:0:0:0, 2+0+0:0:0:0:0, 5+0+0:0:0:0:0, 5+0+2:0:0:0:0, 7+0+0:0:0:0:0, 6+0+1:0:0:0:0, 2+0+0:0:0:0:0, 2+0+0:0:0:0:0, 3+0+0:0:0:0:0, 5+0+2:0:0:0:0, 7+0+2:0:0:0:0, 5+0+0:0:0:0:0, 4+0+2:0:0:0:0, 1+0+0:0:0:0:0, 5+0+1:0:0:0:0, 5+0+1:0:0:0:0, 6+0+1:0:0:0:0, 3+0+1:0:0:0:0, 6+0+2:0:0:0:0,  , 4+0+1:0:0:0:0, 4+0+3:0:0:0:0, 5+0+1:0:0:0:1, 4+1+4:1:0:0:0, 7+0+2:0:0:0:0, 0+0+0:0:0:0:0, 6+0+2:0:0:0:0, 5+0+1:0:0:0:0, 5+0+1:0:0:0:0, 6+0+0:0:0:0:0, 5+0+0:0:0:0:0, 5+0+2:0:0:0:0, 2+0+0:0:0:0:0, 208+1+50:1:0:0:1
Ab minor (7b), 5+0+2:0:0:0:0, 6+0+1:0:0:0:0, 5+0+0:0:0:0:0, 2+0+0:0:0:0:0, 4+0+0:0:0:0:0, 2+0+2:0:0:0:1, 2+0+1:0:0:0:0, 1+0+0:0:0:0:0, 4+0+0:0:0:0:0, 2+0+0:0:0:0:0, 4+0+1:0:0:0:0, 4+0+0:0:0:0:0, 2+0+0:0:0:0:0, 5+0+1:0:0:0:0, 6+0+1:0:0:0:0, 8+0+1:0:0:0:0, 4+0+0:0:0:0:0, 2+0+0:0:0:0:0, 5+0+2:0:0:0:0, 6+0+1:0:0:0:0, 7+0+0:0:0:0:0, 3+0+0:0:0:0:0, 2+0+0:0:0:0:0, 2+0+1:0:0:0:0, 3+0+0:0:0:0:0, 6+0+2:0:0:0:0, 6+0+1:0:0:0:0, 5+0+2:1:0:0:0, 3+0+0:0:0:0:0, 1+0+0:0:0:0:0, 4+0+1:0:0:0:0, 4+0+2:0:0:0:0, 6+0+0:0:0:0:0, 4+0+2:0:0:0:0, 5+0+1:0:0:0:1,  , 4+0+1:0:0:0:0, 4+0+0:0:0:0:0, 4+0+3:0:0:0:0, 5+0+3:0:0:0:1, 5+0+1:0:0:0:0, 0+0+0:0:0:0:0, 6+0+1:0:0:0:0, 4+0+2:0:0:0:0, 5+0+1:0:0:0:0, 6+0+1:0:0:0:0, 5+0+1:0:0:0:0, 3+0+2:0:0:0:0, 1+0+0:0:0:0:0, 192+0+41:1:0:0:3
A# minor (7#), 6+0+1:0:0:0:0, 6+0+1:0:0:0:0, 5+0+3:0:0:0:0, 2+0+0:0:0:0:0, 4+0+2:0:0:0:0, 3+0+0:0:0:0:0, 4+0+2:0:0:0:0, 4+0+0:0:0:0:0, 3+0+1:0:0:0:0, 1+0+2:0:0:0:0, 4+0+1:0:0:0:0, 4+0+0:0:0:0:0, 2+0+0:0:0:0:0, 5+0+0:0:0:0:0, 5+0+3:0:0:0:0, 8+0+1:0:0:0:0, 5+0+1:0:0:0:0, 2+0+0:0:0:0:0, 5+0+0:0:0:0:0, 5+0+2:0:0:0:0, 7+0+0:0:0:0:0, 6+0+1:0:0:0:0, 2+0+0:0:0:0:0, 2+0+0:0:0:0:0, 3+0+0:0:0:0:0, 5+0+2:0:0:0:0, 7+0+2:0:0:0:0, 5+0+0:0:0:0:0, 4+0+2:0:0:0:0, 1+0+0:0:0:0:0, 5+0+1:0:0:0:0, 5+0+1:0:0:0:0, 6+0+1:0:0:0:0, 3+0+1:0:0:0:0, 6+0+2:0:0:0:0,  , 4+0+1:0:0:0:0, 4+0+3:0:0:0:0, 5+0+1:0:0:0:1, 4+1+4:1:0:0:0, 7+0+2:0:0:0:0, 0+0+0:0:0:0:0, 6+0+2:0:0:0:0, 5+0+1:0:0:0:0, 5+0+1:0:0:0:0, 6+0+0:0:0:0:0, 5+0+0:0:0:0:0, 5+0+2:0:0:0:0, 2+0+0:0:0:0:0, 208+1+50:1:0:0:1
