 , 0, 1, 2, 3, 4, 5, 6, 7, 8, 9, 10, 11, 12, 13, 14, 15, 16, 17, 18, 19, 20, 21, 22, 23, 24, 25, 26, 27, 28, 29, 30, 31, 32, 33, 34, 35, 36, rowcost
C major (0), 1+0:0:0:0:0, 2+0:0:0:0:0, 6+0:0:0:0:1, 3+0:0:0:0:0, 2+0:0:0:0:0, 4+0:0:0:0:0, 7+0:0:1:0:2, 3+0:0:0:0:0, 5+0:0:0:0:2, 5+0:0:0:0:2, 2+0:0:0:0:0, 3+0:0:0:0:0, 3+0:0:0:0:0, 2+0:0:0:0:0, 1+0:0:0:0:0, 3+0:0:0:0:0, 3+0:0:0:0:0, 2+0:0:0:0:0, 0+0:0:0:0:0, 2+0:0:0:0:0, 2+0:0:0:0:1, 3+0:0:0:0:0, 1+0:0:0:0:0, 4+0:0:1:0:2, 3+0:0:1:0:1, 2+0:0:0:0:0, 5+0:0:0:0:2, 2+0:0:0:0:0, 6+0:0:0:0:1, 3+0:0:0:0:0, 2+0:0:0:0:0, 4+0:0:0:0:0, 7+0:0:1:0:2, 4+0:0:0:0:0, 5+0:0:0:0:2, 2+0:0:0:0:0, 3+0:0:0:0:1, 117+0:0:4:0:19
A minor (0), 0+0:0:0:0:0, 3+0:0:0:0:2, 6+0:0:0:0:3, 3+0:0:0:0:2, 2+0:0:0:0:0, 5+0:0:0:0:3, 7+0:0:1:0:5, 4+0:0:0:0:2, 4+0:0:0:0:0, 6+0:0:0:0:1, 2+0:0:0:0:2, 3+0:0:0:0:2, 4+0:0:0:0:2, 3+0:0:0:0:2, 1+0:0:0:0:1, 3+0:0:0:0:2, 4+0:0:0:0:2, 3+0:0:0:0:2, 0+0:0:0:0:0, 3+0:0:0:0:1, 1+0:0:0:0:0, 3+0:0:0:0:2, 0+0:0:0:0:0, 4+0:0:1:0:4, 4+0:0:1:0:3, 3+0:0:0:0:1, 4+0:0:0:0:0, 3+0:0:0:0:2, 6+0:0:0:0:3, 3+0:0:0:0:2, 2+0:0:0:0:0, 5+0:0:0:0:3, 7+0:0:1:0:5, 4+0:0:0:0:3, 6+0:0:0:0:1, 2+0:0:0:0:2, 4+0:0:0:0:1, 127+0:0:4:0:66
A minor mel (0), 0+0:0:0:0:0, 4+0:0:0:0:2, 7+0:0:0:0:3, 4+0:0:0:0:2, 2+0:0:0:0:0, 6+0:0:0:0:3, 8+0:0:1:0:5, 5+0:0:0:0:2, 4+0:0:0:0:0, 7+0:0:0:0:1, 3+0:0:0:0:2, 4+0:0:0:0:2, 5+0:0:0:0:2, 4+0:0:0:0:2, 2+0:0:0:0:1, 4+0:0:0:0:2, 4+0:0:0:0:2, 3+0:0:0:0:2, 0+0:0:0:0:0, 4+0:0:0:0:1, 1+0:0:0:0:0, 4+0:0:0:0:2, 1+0:0:0:0:0, 4+0:0:1:0:4, 5+0:0:1:0:3, 4+0:0:0:0:1, 4+0:0:0:0:0, 4+0:0:0:0:2, 7+0:0:0:0:3, 4+0:0:0:0:2, 2+0:0:0:0:0, 6+0:0:0:0:3, 8+0:0:1:0:5, 5+0:0:0:0:3, 7+0:0:0:0:1, 3+0:0:0:0:2, 5+0:0:0:0:1, 154+0:0:4:0:66
C major blues (0), 3+0:0:0:0:0, 3+0:0:0:0:0, 7+0:0:0:0:1, 4+0:0:0:0:0, 2+0:0:0:0:0, 5+0:0:0:0:0, 8+0:0:1:0:2, 4+0:0:0:0:0, 6+0:0:0:0:2, 7+0:0:0:0:2, 3+0:0:0:0:0, 4+0:0:0:0:0, 4+0:0:0:0:0, 3+0:0:0:0:0, 2+0:0:0:0:0, 4+0:0:0:0:0, 3+0:0:0:0:0, 2+0:0:0:0:0, 0+0:0:0:0:0, 3+0:0:0:0:0, 3+0:0:0:0:1, 4+0:0:0:0:0, 2+0:0:0:0:0, 4+0:0:1:0:2, 4+0:0:1:0:1, 3+0:0:0:0:0, 6+0:0:0:0:2, 3+0:0:0:0:0, 7+0:0:0:0:1, 4+0:0:0:0:0, 2+0:0:0:0:0, 5+0:0:0:0:0, 8+0:0:1:0:2, 5+0:0:0:0:0, 7+0:0:0:0:2, 3+0:0:0:0:0, 5+0:0:0:0:1, 152+0:0:4:0:19
A minor blues (0), 3+0:0:0:0:0, 3+0:0:0:0:0, 7+0:0:0:0:1, 4+0:0:0:0:0, 2+0:0:0:0:0, 5+0:0:0:0:0, 8+0:0:1:0:2, 4+0:0:0:0:0, 6+0:0:0:0:2, 7+0:0:0:0:2, 3+0:0:0:0:0, 4+0:0:0:0:0, 4+0:0:0:0:0, 3+0:0:0:0:0, 2+0:0:0:0:0, 4+0:0:0:0:0, 3+0:0:0:0:0, 2+0:0:0:0:0, 0+0:0:0:0:0, 3+0:0:0:0:0, 3+0:0:0:0:1, 4+0:0:0:0:0, 2+0:0:0:0:0, 4+0:0:1:0:2, 4+0:0:1:0:1, 3+0:0:0:0:0, 6+0:0:0:0:2, 3+0:0:0:0:0, 7+0:0:0:0:1, 4+0:0:0:0:0, 2+0:0:0:0:0, 5+0:0:0:0:0, 8+0:0:1:0:2, 5+0:0:0:0:0, 7+0:0:0:0:2, 3+0:0:0:0:0, 5+0:0:0:0:1, 152+0:0:4:0:19
C dorian (0), 1+0:0:0:0:0, 3+0:0:0:0:0, 7+0:0:0:0:1, 4+0:0:0:0:0, 2+0:0:0:0:0, 5+0:0:0:0:0, 8+0:0:1:0:2, 4+0:0:0:0:0, 5+0:0:0:0:2, 6+0:0:0:0:2, 3+0:0:0:0:0, 4+0:0:0:0:0, 4+0:0:0:0:0, 3+0:0:0:0:0, 2+0:0:0:0:0, 4+0:0:0:0:0, 3+0:0:0:0:0, 2+0:0:0:0:0, 0+0:0:0:0:0, 3+0:0:0:0:0, 2+0:0:0:0:1, 4+0:0:0:0:0, 2+0:0:0:0:0, 4+0:0:1:0:2, 4+0:0:1:0:1, 3+0:0:0:0:0, 5+0:0:0:0:2, 3+0:0:0:0:0, 7+0:0:0:0:1, 4+0:0:0:0:0, 2+0:0:0:0:0, 5+0:0:0:0:0, 8+0:0:1:0:2, 5+0:0:0:0:0, 6+0:0:0:0:2, 3+0:0:0:0:0, 4+0:0:0:0:1, 144+0:0:4:0:19
C phrygian (0), 2+0:0:0:0:0, 2+0:0:0:0:0, 6+0:0:0:0:1, 2+0:0:0:0:0, 1+0:0:0:0:0, 3+0:0:0:0:0, 6+0:0:1:0:2, 2+0:0:0:0:0, 4+0:0:0:0:2, 4+0:0:0:0:2, 2+0:0:0:0:0, 2+0:0:0:0:0, 2+0:0:0:0:0, 2+0:0:0:0:0, 1+0:0:0:0:0, 2+0:0:0:0:0, 2+0:0:0:0:0, 2+0:0:0:0:0, 0+0:0:0:0:0, 1+0:0:0:0:0, 1+0:0:0:0:1, 2+0:0:0:0:0, 1+0:0:0:0:0, 4+0:0:1:0:2, 3+0:0:1:0:1, 1+0:0:0:0:0, 4+0:0:0:0:2, 2+0:0:0:0:0, 6+0:0:0:0:1, 2+0:0:0:0:0, 1+0:0:0:0:0, 3+0:0:0:0:0, 6+0:0:1:0:2, 3+0:0:0:0:0, 4+0:0:0:0:2, 2+0:0:0:0:0, 2+0:0:0:0:1, 95+0:0:4:0:19
C lydian (0), 1+0:0:0:0:0, 3+0:0:0:0:0, 7+0:0:0:0:1, 4+0:0:0:0:0, 2+0:0:0:0:0, 5+0:0:0:0:0, 8+0:0:1:0:2, 4+0:0:0:0:0, 5+0:0:0:0:2, 6+0:0:0:0:2, 3+0:0:0:0:0, 4+0:0:0:0:0, 4+0:0:0:0:0, 3+0:0:0:0:0, 2+0:0:0:0:0, 4+0:0:0:0:0, 3+0:0:0:0:0, 2+0:0:0:0:0, 0+0:0:0:0:0, 3+0:0:0:0:0, 2+0:0:0:0:1, 4+0:0:0:0:0, 2+0:0:0:0:0, 4+0:0:1:0:2, 4+0:0:1:0:1, 3+0:0:0:0:0, 5+0:0:0:0:2, 3+0:0:0:0:0, 7+0:0:0:0:1, 4+0:0:0:0:0, 2+0:0:0:0:0, 5+0:0:0:0:0, 8+0:0:1:0:2, 5+0:0:0:0:0, 6+0:0:0:0:2, 3+0:0:0:0:0, 4+0:0:0:0:1, 144+0:0:4:0:19
C mixolydian (0), 2+0:0:0:0:0, 2+0:0:0:0:0, 6+0:0:0:0:1, 2+0:0:0:0:0, 1+0:0:0:0:0, 3+0:0:0:0:0, 6+0:0:1:0:2, 2+0:0:0:0:0, 4+0:0:0:0:2, 4+0:0:0:0:2, 2+0:0:0:0:0, 2+0:0:0:0:0, 2+0:0:0:0:0, 2+0:0:0:0:0, 1+0:0:0:0:0, 2+0:0:0:0:0, 2+0:0:0:0:0, 2+0:0:0:0:0, 0+0:0:0:0:0, 1+0:0:0:0:0, 1+0:0:0:0:1, 2+0:0:0:0:0, 1+0:0:0:0:0, 4+0:0:1:0:2, 3+0:0:1:0:1, 1+0:0:0:0:0, 4+0:0:0:0:2, 2+0:0:0:0:0, 6+0:0:0:0:1, 2+0:0:0:0:0, 1+0:0:0:0:0, 3+0:0:0:0:0, 6+0:0:1:0:2, 3+0:0:0:0:0, 4+0:0:0:0:2, 2+0:0:0:0:0, 2+0:0:0:0:1, 95+0:0:4:0:19
C aeolian (0), 1+0:0:0:0:0, 2+0:0:0:0:0, 6+0:0:0:0:1, 3+0:0:0:0:0, 2+0:0:0:0:0, 4+0:0:0:0:0, 7+0:0:1:0:2, 3+0:0:0:0:0, 5+0:0:0:0:2, 5+0:0:0:0:2, 2+0:0:0:0:0, 3+0:0:0:0:0, 3+0:0:0:0:0, 2+0:0:0:0:0, 1+0:0:0:0:0, 3+0:0:0:0:0, 3+0:0:0:0:0, 2+0:0:0:0:0, 0+0:0:0:0:0, 2+0:0:0:0:0, 2+0:0:0:0:1, 3+0:0:0:0:0, 1+0:0:0:0:0, 4+0:0:1:0:2, 3+0:0:1:0:1, 2+0:0:0:0:0, 5+0:0:0:0:2, 2+0:0:0:0:0, 6+0:0:0:0:1, 3+0:0:0:0:0, 2+0:0:0:0:0, 4+0:0:0:0:0, 7+0:0:1:0:2, 4+0:0:0:0:0, 5+0:0:0:0:2, 2+0:0:0:0:0, 3+0:0:0:0:1, 117+0:0:4:0:19
C locrian (0), 3+0:0:0:0:0, 1+0:0:0:0:0, 5+0:0:0:0:1, 2+0:0:0:0:0, 1+0:0:0:0:0, 2+0:0:0:0:0, 5+0:0:1:0:2, 2+0:0:0:0:0, 5+0:0:0:0:2, 5+0:0:0:0:2, 1+0:0:0:0:0, 2+0:0:0:0:0, 1+0:0:0:0:0, 1+0:0:0:0:0, 0+0:0:0:0:0, 2+0:0:0:0:0, 1+0:0:0:0:0, 1+0:0:0:0:0, 0+0:0:0:0:0, 1+0:0:0:0:0, 2+0:0:0:0:1, 1+0:0:0:0:0, 1+0:0:0:0:0, 3+0:0:1:0:2, 3+0:0:1:0:1, 1+0:0:0:0:0, 5+0:0:0:0:2, 1+0:0:0:0:0, 5+0:0:0:0:1, 2+0:0:0:0:0, 1+0:0:0:0:0, 2+0:0:0:0:0, 5+0:0:1:0:2, 2+0:0:0:0:0, 5+0:0:0:0:2, 1+0:0:0:0:0, 3+0:0:0:0:1, 84+0:0:4:0:19
F major (1b), 2+0:0:0:0:0, 2+0:0:0:0:0, 6+0:0:0:0:1, 2+0:0:0:0:0, 1+0:0:0:0:0, 3+0:0:0:0:0, 6+0:0:1:0:2, 2+0:0:0:0:0, 4+0:0:0:0:2, 4+0:0:0:0:2, 2+0:0:0:0:0, 2+0:0:0:0:0, 2+0:0:0:0:0, 2+0:0:0:0:0, 1+0:0:0:0:0, 2+0:0:0:0:0, 2+0:0:0:0:0, 2+0:0:0:0:0, 0+0:0:0:0:0, 1+0:0:0:0:0, 1+0:0:0:0:1, 2+0:0:0:0:0, 1+0:0:0:0:0, 4+0:0:1:0:2, 3+0:0:1:0:1, 1+0:0:0:0:0, 4+0:0:0:0:2, 2+0:0:0:0:0, 6+0:0:0:0:1, 2+0:0:0:0:0, 1+0:0:0:0:0, 3+0:0:0:0:0, 6+0:0:1:0:2, 3+0:0:0:0:0, 4+0:0:0:0:2, 2+0:0:0:0:0, 2+0:0:0:0:1, 95+0:0:4:0:19
G major (1#), 1+0:0:0:0:0, 3+0:0:0:0:0, 7+0:0:0:0:1, 4+0:0:0:0:0, 2+0:0:0:0:0, 5+0:0:0:0:0, 8+0:0:1:0:2, 4+0:0:0:0:0, 5+0:0:0:0:2, 6+0:0:0:0:2, 3+0:0:0:0:0, 4+0:0:0:0:0, 4+0:0:0:0:0, 3+0:0:0:0:0, 2+0:0:0:0:0, 4+0:0:0:0:0, 3+0:0:0:0:0, 2+0:0:0:0:0, 0+0:0:0:0:0, 3+0:0:0:0:0, 2+0:0:0:0:1, 4+0:0:0:0:0, 2+0:0:0:0:0, 4+0:0:1:0:2, 4+0:0:1:0:1, 3+0:0:0:0:0, 5+0:0:0:0:2, 3+0:0:0:0:0, 7+0:0:0:0:1, 4+0:0:0:0:0, 2+0:0:0:0:0, 5+0:0:0:0:0, 8+0:0:1:0:2, 5+0:0:0:0:0, 6+0:0:0:0:2, 3+0:0:0:0:0, 4+0:0:0:0:1, 144+0:0:4:0:19
D minor (1b), 3+0:1:0:0:0, 3+0:0:0:0:1, 7+0:0:0:0:1, 3+0:0:0:0:2, 1+0:1:1:0:1, 4+0:0:0:0:2, 6+0:0:1:0:4, 2+0:0:0:0:2, 5+0:2:0:0:0, 5+0:2:0:0:1, 3+0:0:0:0:1, 2+0:0:0:0:2, 2+0:0:0:0:1, 3+0:0:0:0:1, 2+0:0:0:0:0, 2+0:0:0:0:2, 2+0:0:0:0:1, 3+0:0:0:0:1, 1+0:0:0:0:0, 1+0:0:0:0:1, 2+0:1:0:0:0, 3+0:0:0:0:1, 1+0:1:0:0:0, 4+0:0:1:0:3, 3+0:0:1:0:3, 1+0:0:0:0:1, 5+0:2:0:0:0, 3+0:0:0:0:1, 7+0:0:0:0:1, 3+0:0:0:0:2, 1+0:1:1:0:1, 4+0:0:0:0:2, 6+0:0:1:0:4, 3+0:0:0:0:2, 5+0:2:0:0:1, 3+0:0:0:0:1, 3+0:1:0:0:1, 117+0:14:6:0:48
E minor (1#), 1+0:0:0:0:0, 3+0:2:0:0:2, 7+0:3:0:0:3, 4+0:3:0:0:3, 2+0:0:0:0:0, 5+0:4:0:0:4, 8+0:6:1:0:6, 4+0:3:0:0:3, 5+0:1:0:0:1, 6+0:2:0:0:2, 3+0:2:0:0:2, 4+0:3:0:0:3, 4+0:3:0:0:3, 3+0:2:0:0:2, 2+0:1:0:0:1, 4+0:3:0:0:3, 3+0:3:0:0:3, 2+0:2:0:0:2, 0+0:0:0:0:0, 3+0:2:0:0:2, 2+0:1:0:0:1, 4+0:3:0:0:3, 2+0:0:0:0:0, 4+0:4:1:0:4, 4+0:3:1:0:3, 3+0:2:0:0:2, 5+0:1:0:0:1, 3+0:2:0:0:2, 7+0:3:0:0:3, 4+0:3:0:0:3, 2+0:0:0:0:0, 5+0:4:0:0:4, 8+0:6:1:0:6, 5+0:4:0:0:4, 6+0:2:0:0:2, 3+0:2:0:0:2, 4+0:2:0:0:2, 144+0:87:4:0:87
D minor mel (1b), 2+0:1:0:0:0, 3+0:0:0:0:1, 7+0:0:0:0:1, 4+0:0:0:0:2, 2+0:1:1:0:1, 5+0:0:0:0:2, 7+0:0:1:0:4, 3+0:0:0:0:2, 6+0:2:0:0:0, 6+0:2:0:0:1, 3+0:0:0:0:1, 3+0:0:0:0:2, 3+0:0:0:0:1, 3+0:0:0:0:1, 2+0:0:0:0:0, 3+0:0:0:0:2, 3+0:0:0:0:1, 3+0:0:0:0:1, 1+0:0:0:0:0, 2+0:0:0:0:1, 3+0:1:0:0:0, 4+0:0:0:0:1, 1+0:1:0:0:0, 4+0:0:1:0:3, 3+0:0:1:0:3, 2+0:0:0:0:1, 6+0:2:0:0:0, 3+0:0:0:0:1, 7+0:0:0:0:1, 4+0:0:0:0:2, 2+0:1:1:0:1, 5+0:0:0:0:2, 7+0:0:1:0:4, 4+0:0:0:0:2, 6+0:2:0:0:1, 3+0:0:0:0:1, 4+0:1:0:0:1, 139+0:14:6:0:48
E minor mel (1#), 2+0:0:0:0:0, 4+0:2:0:0:2, 8+0:3:0:0:3, 5+0:3:0:0:3, 2+0:0:1:0:1, 6+0:4:0:0:4, 8+0:6:1:0:6, 4+0:3:0:0:3, 6+0:1:0:0:1, 7+0:2:0:0:2, 4+0:2:0:0:2, 4+0:3:0:0:3, 4+0:3:0:0:3, 4+0:2:0:0:2, 3+0:1:0:0:1, 4+0:3:0:0:3, 3+0:3:0:0:3, 3+0:2:0:0:2, 1+0:0:0:0:0, 3+0:2:0:0:2, 3+0:1:0:0:1, 5+0:3:0:0:3, 2+0:0:0:0:0, 4+0:4:1:0:4, 4+0:3:1:0:3, 3+0:2:0:0:2, 6+0:1:0:0:1, 4+0:2:0:0:2, 8+0:3:0:0:3, 5+0:3:0:0:3, 2+0:0:1:0:1, 6+0:4:0:0:4, 8+0:6:1:0:6, 5+0:4:0:0:4, 7+0:2:0:0:2, 4+0:2:0:0:2, 5+0:2:0:0:2, 166+0:87:6:0:89
F major blues (1b), 3+0:0:0:0:0, 2+0:0:0:0:0, 6+0:1:0:0:1, 3+0:0:0:0:0, 2+0:0:0:0:0, 4+0:0:0:0:0, 7+0:0:1:0:1, 3+0:0:0:0:0, 6+0:2:0:0:2, 6+0:2:0:0:2, 2+0:0:0:0:0, 3+0:0:0:0:0, 3+0:0:0:0:0, 2+0:0:0:0:0, 2+0:0:0:0:0, 3+0:0:0:0:0, 3+0:0:0:0:0, 2+0:0:0:0:0, 0+0:0:0:0:0, 2+0:0:0:0:0, 3+0:1:0:0:1, 3+0:0:0:0:0, 1+0:0:0:0:0, 4+0:0:1:0:1, 3+0:0:1:0:1, 2+0:0:0:0:0, 6+0:2:0:0:2, 2+0:0:0:0:0, 6+0:1:0:0:1, 3+0:0:0:0:0, 2+0:0:0:0:0, 4+0:0:0:0:0, 7+0:0:1:0:1, 4+0:0:0:0:0, 6+0:2:0:0:2, 2+0:0:0:0:0, 4+0:1:0:0:1, 126+0:12:4:0:16
G major blues (1#), 3+0:1:0:0:0, 4+0:2:0:0:0, 8+0:3:0:0:0, 5+0:2:0:0:1, 3+0:0:0:0:0, 6+0:3:0:0:1, 8+0:5:1:0:3, 4+0:2:0:0:1, 6+0:0:0:0:2, 7+0:1:0:0:3, 4+0:2:0:0:0, 4+0:2:0:0:1, 4+0:2:0:0:1, 4+0:2:0:0:0, 3+0:1:0:0:0, 4+0:2:0:0:1, 3+0:2:0:0:1, 3+0:2:0:0:0, 1+0:0:0:0:0, 3+0:1:0:0:1, 3+0:0:0:0:1, 5+0:2:0:0:0, 2+0:1:0:0:0, 4+0:4:1:0:2, 4+0:3:1:0:2, 3+0:1:0:0:1, 6+0:0:0:0:2, 4+0:2:0:0:0, 8+0:3:0:0:0, 5+0:2:0:0:1, 3+0:0:0:0:0, 6+0:3:0:0:1, 8+0:5:1:0:3, 5+0:3:0:0:1, 7+0:1:0:0:3, 4+0:2:0:0:0, 5+0:1:0:0:2, 169+0:68:4:0:35
D minor blues (1b), 3+0:0:0:0:0, 2+0:0:0:0:0, 6+0:1:0:0:1, 3+0:0:0:0:0, 2+0:0:0:0:0, 4+0:0:0:0:0, 7+0:0:1:0:1, 3+0:0:0:0:0, 6+0:2:0:0:2, 6+0:2:0:0:2, 2+0:0:0:0:0, 3+0:0:0:0:0, 3+0:0:0:0:0, 2+0:0:0:0:0, 2+0:0:0:0:0, 3+0:0:0:0:0, 3+0:0:0:0:0, 2+0:0:0:0:0, 0+0:0:0:0:0, 2+0:0:0:0:0, 3+0:1:0:0:1, 3+0:0:0:0:0, 1+0:0:0:0:0, 4+0:0:1:0:1, 3+0:0:1:0:1, 2+0:0:0:0:0, 6+0:2:0:0:2, 2+0:0:0:0:0, 6+0:1:0:0:1, 3+0:0:0:0:0, 2+0:0:0:0:0, 4+0:0:0:0:0, 7+0:0:1:0:1, 4+0:0:0:0:0, 6+0:2:0:0:2, 2+0:0:0:0:0, 4+0:1:0:0:1, 126+0:12:4:0:16
E minor blues (1#), 3+0:1:0:0:0, 4+0:2:0:0:0, 8+0:3:0:0:0, 5+0:2:0:0:1, 3+0:0:0:0:0, 6+0:3:0:0:1, 8+0:5:1:0:3, 4+0:2:0:0:1, 6+0:0:0:0:2, 7+0:1:0:0:3, 4+0:2:0:0:0, 4+0:2:0:0:1, 4+0:2:0:0:1, 4+0:2:0:0:0, 3+0:1:0:0:0, 4+0:2:0:0:1, 3+0:2:0:0:1, 3+0:2:0:0:0, 1+0:0:0:0:0, 3+0:1:0:0:1, 3+0:0:0:0:1, 5+0:2:0:0:0, 2+0:1:0:0:0, 4+0:4:1:0:2, 4+0:3:1:0:2, 3+0:1:0:0:1, 6+0:0:0:0:2, 4+0:2:0:0:0, 8+0:3:0:0:0, 5+0:2:0:0:1, 3+0:0:0:0:0, 6+0:3:0:0:1, 8+0:5:1:0:3, 5+0:3:0:0:1, 7+0:1:0:0:3, 4+0:2:0:0:0, 5+0:1:0:0:2, 169+0:68:4:0:35
F dorian (1b), 1+0:0:0:0:0, 2+0:0:0:0:0, 6+0:0:0:0:1, 3+0:0:0:0:0, 2+0:0:0:0:0, 4+0:0:0:0:0, 7+0:0:1:0:2, 3+0:0:0:0:0, 5+0:0:0:0:2, 5+0:0:0:0:2, 2+0:0:0:0:0, 3+0:0:0:0:0, 3+0:0:0:0:0, 2+0:0:0:0:0, 1+0:0:0:0:0, 3+0:0:0:0:0, 3+0:0:0:0:0, 2+0:0:0:0:0, 0+0:0:0:0:0, 2+0:0:0:0:0, 2+0:0:0:0:1, 3+0:0:0:0:0, 1+0:0:0:0:0, 4+0:0:1:0:2, 3+0:0:1:0:1, 2+0:0:0:0:0, 5+0:0:0:0:2, 2+0:0:0:0:0, 6+0:0:0:0:1, 3+0:0:0:0:0, 2+0:0:0:0:0, 4+0:0:0:0:0, 7+0:0:1:0:2, 4+0:0:0:0:0, 5+0:0:0:0:2, 2+0:0:0:0:0, 3+0:0:0:0:1, 117+0:0:4:0:19
G dorian (1#), 2+0:1:0:0:0, 4+0:2:0:0:0, 8+0:3:0:0:0, 5+0:3:0:0:1, 2+0:1:1:0:1, 6+0:4:0:0:1, 8+0:6:1:0:3, 4+0:3:0:0:1, 6+0:1:0:0:2, 7+0:2:0:0:3, 4+0:2:0:0:0, 4+0:3:0:0:1, 4+0:3:0:0:1, 4+0:2:0:0:0, 3+0:1:0:0:0, 4+0:3:0:0:1, 3+0:3:0:0:1, 3+0:2:0:0:0, 1+0:0:0:0:0, 3+0:2:0:0:1, 3+0:1:0:0:1, 5+0:3:0:0:0, 2+0:1:0:0:0, 4+0:4:1:0:2, 4+0:3:1:0:2, 3+0:2:0:0:1, 6+0:1:0:0:2, 4+0:2:0:0:0, 8+0:3:0:0:0, 5+0:3:0:0:1, 2+0:1:1:0:1, 6+0:4:0:0:1, 8+0:6:1:0:3, 5+0:4:0:0:1, 7+0:2:0:0:3, 4+0:2:0:0:0, 5+0:2:0:0:2, 166+0:91:6:0:37
F phrygian (1b), 3+0:0:0:0:0, 1+0:0:0:0:0, 5+0:0:0:0:1, 2+0:0:0:0:0, 1+0:0:0:0:0, 2+0:0:0:0:0, 5+0:0:1:0:2, 2+0:0:0:0:0, 5+0:0:0:0:2, 5+0:0:0:0:2, 1+0:0:0:0:0, 2+0:0:0:0:0, 1+0:0:0:0:0, 1+0:0:0:0:0, 0+0:0:0:0:0, 2+0:0:0:0:0, 1+0:0:0:0:0, 1+0:0:0:0:0, 0+0:0:0:0:0, 1+0:0:0:0:0, 2+0:0:0:0:1, 1+0:0:0:0:0, 1+0:0:0:0:0, 3+0:0:1:0:2, 3+0:0:1:0:1, 1+0:0:0:0:0, 5+0:0:0:0:2, 1+0:0:0:0:0, 5+0:0:0:0:1, 2+0:0:0:0:0, 1+0:0:0:0:0, 2+0:0:0:0:0, 5+0:0:1:0:2, 2+0:0:0:0:0, 5+0:0:0:0:2, 1+0:0:0:0:0, 3+0:0:0:0:1, 84+0:0:4:0:19
G phrygian (1#), 1+0:0:0:0:0, 2+0:0:0:0:0, 6+0:0:0:0:1, 3+0:0:0:0:0, 2+0:0:0:0:0, 4+0:0:0:0:0, 7+0:0:1:0:2, 3+0:0:0:0:0, 5+0:0:0:0:2, 5+0:0:0:0:2, 2+0:0:0:0:0, 3+0:0:0:0:0, 3+0:0:0:0:0, 2+0:0:0:0:0, 1+0:0:0:0:0, 3+0:0:0:0:0, 3+0:0:0:0:0, 2+0:0:0:0:0, 0+0:0:0:0:0, 2+0:0:0:0:0, 2+0:0:0:0:1, 3+0:0:0:0:0, 1+0:0:0:0:0, 4+0:0:1:0:2, 3+0:0:1:0:1, 2+0:0:0:0:0, 5+0:0:0:0:2, 2+0:0:0:0:0, 6+0:0:0:0:1, 3+0:0:0:0:0, 2+0:0:0:0:0, 4+0:0:0:0:0, 7+0:0:1:0:2, 4+0:0:0:0:0, 5+0:0:0:0:2, 2+0:0:0:0:0, 3+0:0:0:0:1, 117+0:0:4:0:19
F lydian (1b), 1+0:0:0:0:0, 2+0:0:0:0:0, 6+0:0:0:0:1, 3+0:0:0:0:0, 2+0:0:0:0:0, 4+0:0:0:0:0, 7+0:0:1:0:2, 3+0:0:0:0:0, 5+0:0:0:0:2, 5+0:0:0:0:2, 2+0:0:0:0:0, 3+0:0:0:0:0, 3+0:0:0:0:0, 2+0:0:0:0:0, 1+0:0:0:0:0, 3+0:0:0:0:0, 3+0:0:0:0:0, 2+0:0:0:0:0, 0+0:0:0:0:0, 2+0:0:0:0:0, 2+0:0:0:0:1, 3+0:0:0:0:0, 1+0:0:0:0:0, 4+0:0:1:0:2, 3+0:0:1:0:1, 2+0:0:0:0:0, 5+0:0:0:0:2, 2+0:0:0:0:0, 6+0:0:0:0:1, 3+0:0:0:0:0, 2+0:0:0:0:0, 4+0:0:0:0:0, 7+0:0:1:0:2, 4+0:0:0:0:0, 5+0:0:0:0:2, 2+0:0:0:0:0, 3+0:0:0:0:1, 117+0:0:4:0:19
G lydian (1#), 2+0:1:0:0:0, 4+0:2:0:0:0, 8+0:3:0:0:0, 5+0:3:0:0:1, 2+0:1:1:0:1, 6+0:4:0:0:1, 8+0:6:1:0:3, 4+0:3:0:0:1, 6+0:1:0:0:2, 7+0:2:0:0:3, 4+0:2:0:0:0, 4+0:3:0:0:1, 4+0:3:0:0:1, 4+0:2:0:0:0, 3+0:1:0:0:0, 4+0:3:0:0:1, 3+0:3:0:0:1, 3+0:2:0:0:0, 1+0:0:0:0:0, 3+0:2:0:0:1, 3+0:1:0:0:1, 5+0:3:0:0:0, 2+0:1:0:0:0, 4+0:4:1:0:2, 4+0:3:1:0:2, 3+0:2:0:0:1, 6+0:1:0:0:2, 4+0:2:0:0:0, 8+0:3:0:0:0, 5+0:3:0:0:1, 2+0:1:1:0:1, 6+0:4:0:0:1, 8+0:6:1:0:3, 5+0:4:0:0:1, 7+0:2:0:0:3, 4+0:2:0:0:0, 5+0:2:0:0:2, 166+0:91:6:0:37
F mixolydian (1b), 3+0:0:0:0:0, 1+0:0:0:0:0, 5+0:0:0:0:1, 2+0:0:0:0:0, 1+0:0:0:0:0, 2+0:0:0:0:0, 5+0:0:1:0:2, 2+0:0:0:0:0, 5+0:0:0:0:2, 5+0:0:0:0:2, 1+0:0:0:0:0, 2+0:0:0:0:0, 1+0:0:0:0:0, 1+0:0:0:0:0, 0+0:0:0:0:0, 2+0:0:0:0:0, 1+0:0:0:0:0, 1+0:0:0:0:0, 0+0:0:0:0:0, 1+0:0:0:0:0, 2+0:0:0:0:1, 1+0:0:0:0:0, 1+0:0:0:0:0, 3+0:0:1:0:2, 3+0:0:1:0:1, 1+0:0:0:0:0, 5+0:0:0:0:2, 1+0:0:0:0:0, 5+0:0:0:0:1, 2+0:0:0:0:0, 1+0:0:0:0:0, 2+0:0:0:0:0, 5+0:0:1:0:2, 2+0:0:0:0:0, 5+0:0:0:0:2, 1+0:0:0:0:0, 3+0:0:0:0:1, 84+0:0:4:0:19
G mixolydian (1#), 1+0:0:0:0:0, 2+0:0:0:0:0, 6+0:0:0:0:1, 3+0:0:0:0:0, 2+0:0:0:0:0, 4+0:0:0:0:0, 7+0:0:1:0:2, 3+0:0:0:0:0, 5+0:0:0:0:2, 5+0:0:0:0:2, 2+0:0:0:0:0, 3+0:0:0:0:0, 3+0:0:0:0:0, 2+0:0:0:0:0, 1+0:0:0:0:0, 3+0:0:0:0:0, 3+0:0:0:0:0, 2+0:0:0:0:0, 0+0:0:0:0:0, 2+0:0:0:0:0, 2+0:0:0:0:1, 3+0:0:0:0:0, 1+0:0:0:0:0, 4+0:0:1:0:2, 3+0:0:1:0:1, 2+0:0:0:0:0, 5+0:0:0:0:2, 2+0:0:0:0:0, 6+0:0:0:0:1, 3+0:0:0:0:0, 2+0:0:0:0:0, 4+0:0:0:0:0, 7+0:0:1:0:2, 4+0:0:0:0:0, 5+0:0:0:0:2, 2+0:0:0:0:0, 3+0:0:0:0:1, 117+0:0:4:0:19
F aeolian (1b), 2+0:0:0:0:0, 2+0:0:0:0:0, 6+0:0:0:0:1, 2+0:0:0:0:0, 1+0:0:0:0:0, 3+0:0:0:0:0, 6+0:0:1:0:2, 2+0:0:0:0:0, 4+0:0:0:0:2, 4+0:0:0:0:2, 2+0:0:0:0:0, 2+0:0:0:0:0, 2+0:0:0:0:0, 2+0:0:0:0:0, 1+0:0:0:0:0, 2+0:0:0:0:0, 2+0:0:0:0:0, 2+0:0:0:0:0, 0+0:0:0:0:0, 1+0:0:0:0:0, 1+0:0:0:0:1, 2+0:0:0:0:0, 1+0:0:0:0:0, 4+0:0:1:0:2, 3+0:0:1:0:1, 1+0:0:0:0:0, 4+0:0:0:0:2, 2+0:0:0:0:0, 6+0:0:0:0:1, 2+0:0:0:0:0, 1+0:0:0:0:0, 3+0:0:0:0:0, 6+0:0:1:0:2, 3+0:0:0:0:0, 4+0:0:0:0:2, 2+0:0:0:0:0, 2+0:0:0:0:1, 95+0:0:4:0:19
G aeolian (1#), 1+0:0:0:0:0, 3+0:0:0:0:0, 7+0:0:0:0:1, 4+0:0:0:0:0, 2+0:0:0:0:0, 5+0:0:0:0:0, 8+0:0:1:0:2, 4+0:0:0:0:0, 5+0:0:0:0:2, 6+0:0:0:0:2, 3+0:0:0:0:0, 4+0:0:0:0:0, 4+0:0:0:0:0, 3+0:0:0:0:0, 2+0:0:0:0:0, 4+0:0:0:0:0, 3+0:0:0:0:0, 2+0:0:0:0:0, 0+0:0:0:0:0, 3+0:0:0:0:0, 2+0:0:0:0:1, 4+0:0:0:0:0, 2+0:0:0:0:0, 4+0:0:1:0:2, 4+0:0:1:0:1, 3+0:0:0:0:0, 5+0:0:0:0:2, 3+0:0:0:0:0, 7+0:0:0:0:1, 4+0:0:0:0:0, 2+0:0:0:0:0, 5+0:0:0:0:0, 8+0:0:1:0:2, 5+0:0:0:0:0, 6+0:0:0:0:2, 3+0:0:0:0:0, 4+0:0:0:0:1, 144+0:0:4:0:19
F locrian (1b), 2+0:0:0:0:0, 0+0:0:0:0:0, 4+0:1:0:0:1, 1+0:0:0:0:0, 1+0:0:0:0:0, 1+0:0:0:0:0, 4+0:0:1:0:1, 1+0:0:0:0:0, 4+1:1:0:0:1, 4+1:1:0:0:1, 0+0:0:0:0:0, 1+0:0:0:0:0, 1+0:0:0:0:0, 0+0:0:0:0:0, 1+0:0:0:0:0, 1+0:0:0:0:0, 1+0:0:0:0:0, 0+0:0:0:0:0, 0+0:0:0:0:0, 1+0:0:0:0:0, 2+0:1:0:0:1, 0+0:0:0:0:0, 0+0:0:0:0:0, 2+0:0:1:0:1, 2+0:0:1:0:1, 1+0:0:0:0:0, 4+1:1:0:0:1, 0+0:0:0:0:0, 4+0:1:0:0:1, 1+0:0:0:0:0, 1+0:0:0:0:0, 1+0:0:0:0:0, 4+0:0:1:0:1, 1+0:0:0:0:0, 4+1:1:0:0:1, 0+0:0:0:0:0, 3+0:1:0:0:1, 58+4:8:4:0:12
G locrian (1#), 2+0:0:0:0:0, 2+0:0:0:0:0, 6+0:0:0:0:1, 2+0:0:0:0:0, 1+0:0:0:0:0, 3+0:0:0:0:0, 6+0:0:1:0:2, 2+0:0:0:0:0, 4+0:0:0:0:2, 4+0:0:0:0:2, 2+0:0:0:0:0, 2+0:0:0:0:0, 2+0:0:0:0:0, 2+0:0:0:0:0, 1+0:0:0:0:0, 2+0:0:0:0:0, 2+0:0:0:0:0, 2+0:0:0:0:0, 0+0:0:0:0:0, 1+0:0:0:0:0, 1+0:0:0:0:1, 2+0:0:0:0:0, 1+0:0:0:0:0, 4+0:0:1:0:2, 3+0:0:1:0:1, 1+0:0:0:0:0, 4+0:0:0:0:2, 2+0:0:0:0:0, 6+0:0:0:0:1, 2+0:0:0:0:0, 1+0:0:0:0:0, 3+0:0:0:0:0, 6+0:0:1:0:2, 3+0:0:0:0:0, 4+0:0:0:0:2, 2+0:0:0:0:0, 2+0:0:0:0:1, 95+0:0:4:0:19
Bb major (2b), 3+0:0:0:0:0, 1+0:0:0:0:0, 5+0:0:0:0:1, 2+0:0:0:0:0, 1+0:0:0:0:0, 2+0:0:0:0:0, 5+0:0:1:0:2, 2+0:0:0:0:0, 5+0:0:0:0:2, 5+0:0:0:0:2, 1+0:0:0:0:0, 2+0:0:0:0:0, 1+0:0:0:0:0, 1+0:0:0:0:0, 0+0:0:0:0:0, 2+0:0:0:0:0, 1+0:0:0:0:0, 1+0:0:0:0:0, 0+0:0:0:0:0, 1+0:0:0:0:0, 2+0:0:0:0:1, 1+0:0:0:0:0, 1+0:0:0:0:0, 3+0:0:1:0:2, 3+0:0:1:0:1, 1+0:0:0:0:0, 5+0:0:0:0:2, 1+0:0:0:0:0, 5+0:0:0:0:1, 2+0:0:0:0:0, 1+0:0:0:0:0, 2+0:0:0:0:0, 5+0:0:1:0:2, 2+0:0:0:0:0, 5+0:0:0:0:2, 1+0:0:0:0:0, 3+0:0:0:0:1, 84+0:0:4:0:19
D major (2#), 2+0:1:0:0:0, 4+0:2:0:0:0, 8+0:3:0:0:0, 5+0:3:0:0:1, 2+0:1:1:0:1, 6+0:4:0:0:1, 8+0:6:1:0:3, 4+0:3:0:0:1, 6+0:1:0:0:2, 7+0:2:0:0:3, 4+0:2:0:0:0, 4+0:3:0:0:1, 4+0:3:0:0:1, 4+0:2:0:0:0, 3+0:1:0:0:0, 4+0:3:0:0:1, 3+0:3:0:0:1, 3+0:2:0:0:0, 1+0:0:0:0:0, 3+0:2:0:0:1, 3+0:1:0:0:1, 5+0:3:0:0:0, 2+0:1:0:0:0, 4+0:4:1:0:2, 4+0:3:1:0:2, 3+0:2:0:0:1, 6+0:1:0:0:2, 4+0:2:0:0:0, 8+0:3:0:0:0, 5+0:3:0:0:1, 2+0:1:1:0:1, 6+0:4:0:0:1, 8+0:6:1:0:3, 5+0:4:0:0:1, 7+0:2:0:0:3, 4+0:2:0:0:0, 5+0:2:0:0:2, 166+0:91:6:0:37
G minor (2b), 3+0:0:0:0:0, 2+0:0:0:0:0, 6+0:1:0:0:0, 3+0:0:0:0:1, 1+0:1:0:0:0, 3+0:0:0:0:1, 6+0:0:1:0:3, 3+0:0:0:0:1, 5+0:2:0:0:2, 6+0:2:0:0:3, 2+0:0:0:0:0, 3+0:0:0:0:1, 2+0:0:0:0:1, 2+0:0:0:0:0, 1+0:0:0:0:0, 3+0:0:0:0:1, 1+0:0:0:0:1, 1+0:0:0:0:0, 0+0:0:0:0:0, 2+0:0:0:0:1, 2+0:1:0:0:1, 2+0:0:0:0:0, 2+0:0:0:0:0, 3+0:0:1:0:2, 4+0:0:1:0:2, 2+0:0:0:0:1, 5+0:2:0:0:2, 2+0:0:0:0:0, 6+0:1:0:0:0, 3+0:0:0:0:1, 1+0:1:0:0:0, 3+0:0:0:0:1, 6+0:0:1:0:3, 3+0:0:0:0:1, 6+0:2:0:0:3, 2+0:0:0:0:0, 4+0:1:0:0:2, 111+0:14:4:0:35
B minor (2#), 2+0:0:0:0:0, 4+0:2:0:0:3, 8+0:3:0:0:4, 5+0:3:0:0:4, 1+0:0:1:0:1, 6+0:4:0:0:5, 8+0:6:1:0:7, 4+0:3:0:0:4, 6+0:1:0:0:1, 7+0:2:0:0:3, 4+0:2:0:0:3, 4+0:3:0:0:4, 4+0:3:0:0:4, 4+0:2:0:0:3, 4+0:1:0:0:2, 4+0:3:0:0:4, 3+0:3:0:0:3, 3+0:2:0:0:2, 1+0:0:0:0:0, 3+0:2:0:0:3, 3+0:1:0:0:1, 5+0:3:0:0:4, 2+0:0:0:0:1, 4+0:4:1:0:4, 4+0:3:1:0:4, 3+0:2:0:0:3, 6+0:1:0:0:1, 4+0:2:0:0:3, 8+0:3:0:0:4, 5+0:3:0:0:4, 1+0:0:1:0:1, 6+0:4:0:0:5, 8+0:6:1:0:7, 5+0:4:0:0:5, 7+0:2:0:0:3, 4+0:2:0:0:3, 5+0:2:0:0:3, 165+0:87:6:0:116
G minor mel (2b), 2+0:0:0:0:0, 3+0:0:0:0:0, 7+0:1:0:0:0, 3+0:0:0:0:1, 1+0:1:0:0:0, 4+0:0:0:0:1, 7+0:0:1:0:3, 3+0:0:0:0:1, 4+0:2:0:0:2, 5+0:2:0:0:3, 3+0:0:0:0:0, 3+0:0:0:0:1, 3+0:0:0:0:1, 3+0:0:0:0:0, 2+0:0:0:0:0, 3+0:0:0:0:1, 2+0:0:0:0:1, 2+0:0:0:0:0, 0+0:0:0:0:0, 2+0:0:0:0:1, 1+0:1:0:0:1, 3+0:0:0:0:0, 2+0:0:0:0:0, 4+0:0:1:0:2, 4+0:0:1:0:2, 2+0:0:0:0:1, 4+0:2:0:0:2, 3+0:0:0:0:0, 7+0:1:0:0:0, 3+0:0:0:0:1, 1+0:1:0:0:0, 4+0:0:0:0:1, 7+0:0:1:0:3, 4+0:0:0:0:1, 5+0:2:0:0:3, 3+0:0:0:0:0, 3+0:1:0:0:2, 122+0:14:4:0:35
B minor mel (2#), 1+0:0:0:0:0, 5+0:2:0:0:3, 8+0:3:0:0:4, 5+0:3:0:0:4, 1+0:0:1:0:1, 7+0:4:0:0:5, 8+0:6:1:0:7, 5+0:3:0:0:4, 5+0:1:0:0:1, 8+0:2:0:0:3, 4+0:2:0:0:3, 4+0:3:0:0:4, 5+0:3:0:0:4, 5+0:2:0:0:3, 4+0:1:0:0:2, 4+0:3:0:0:4, 4+0:3:0:0:3, 4+0:2:0:0:2, 1+0:0:0:0:0, 4+0:2:0:0:3, 2+0:1:0:0:1, 5+0:3:0:0:4, 1+0:0:0:0:1, 4+0:4:1:0:4, 5+0:3:1:0:4, 4+0:2:0:0:3, 5+0:1:0:0:1, 5+0:2:0:0:3, 8+0:3:0:0:4, 5+0:3:0:0:4, 1+0:0:1:0:1, 7+0:4:0:0:5, 8+0:6:1:0:7, 5+0:4:0:0:5, 8+0:2:0:0:3, 4+0:2:0:0:3, 6+0:2:0:0:3, 175+0:87:6:0:116
Bb major blues (2b), 3+0:0:0:0:1, 2+0:0:0:0:0, 6+0:1:0:0:1, 2+0:0:0:0:0, 1+0:0:0:0:0, 3+0:0:0:0:0, 6+0:0:1:0:0, 2+0:0:0:0:0, 5+0:2:0:0:3, 5+0:2:0:0:2, 2+0:0:0:0:0, 2+0:0:0:0:0, 2+0:0:0:0:0, 2+0:0:0:0:0, 2+0:0:0:0:0, 2+0:0:0:0:0, 2+0:0:0:0:0, 2+0:0:0:0:0, 0+0:0:0:0:0, 1+0:0:0:0:0, 2+0:1:0:0:1, 2+0:0:0:0:0, 1+0:0:0:0:0, 4+0:0:1:0:0, 3+0:0:1:0:0, 1+0:0:0:0:0, 5+0:2:0:0:3, 2+0:0:0:0:0, 6+0:1:0:0:1, 2+0:0:0:0:0, 1+0:0:0:0:0, 3+0:0:0:0:0, 6+0:0:1:0:0, 3+0:0:0:0:0, 5+0:2:0:0:2, 2+0:0:0:0:0, 3+0:1:0:0:1, 103+0:12:4:0:15
D major blues (2#), 2+0:0:0:0:0, 5+0:2:0:0:1, 8+0:3:0:0:1, 5+0:3:0:0:2, 3+0:1:0:0:0, 7+0:4:0:0:2, 8+0:6:1:0:4, 5+0:3:0:0:2, 6+0:1:0:0:0, 8+0:2:0:0:1, 4+0:2:0:0:1, 4+0:3:0:0:2, 5+0:3:0:0:1, 5+0:2:0:0:1, 3+0:1:0:0:0, 4+0:3:0:0:2, 4+0:3:0:0:1, 4+0:2:0:0:1, 1+0:0:0:0:0, 4+0:2:0:0:1, 3+0:1:0:0:0, 5+0:3:0:0:1, 2+0:0:0:0:0, 4+0:4:1:0:3, 5+0:3:1:0:3, 4+0:2:0:0:1, 6+0:1:0:0:0, 5+0:2:0:0:1, 8+0:3:0:0:1, 5+0:3:0:0:2, 3+0:1:0:0:0, 7+0:4:0:0:2, 8+0:6:1:0:4, 5+0:4:0:0:2, 8+0:2:0:0:1, 4+0:2:0:0:1, 6+0:2:0:0:1, 183+0:89:4:0:46
G minor blues (2b), 3+0:0:0:0:1, 2+0:0:0:0:0, 6+0:1:0:0:1, 2+0:0:0:0:0, 1+0:0:0:0:0, 3+0:0:0:0:0, 6+0:0:1:0:0, 2+0:0:0:0:0, 5+0:2:0:0:3, 5+0:2:0:0:2, 2+0:0:0:0:0, 2+0:0:0:0:0, 2+0:0:0:0:0, 2+0:0:0:0:0, 2+0:0:0:0:0, 2+0:0:0:0:0, 2+0:0:0:0:0, 2+0:0:0:0:0, 0+0:0:0:0:0, 1+0:0:0:0:0, 2+0:1:0:0:1, 2+0:0:0:0:0, 1+0:0:0:0:0, 4+0:0:1:0:0, 3+0:0:1:0:0, 1+0:0:0:0:0, 5+0:2:0:0:3, 2+0:0:0:0:0, 6+0:1:0:0:1, 2+0:0:0:0:0, 1+0:0:0:0:0, 3+0:0:0:0:0, 6+0:0:1:0:0, 3+0:0:0:0:0, 5+0:2:0:0:2, 2+0:0:0:0:0, 3+0:1:0:0:1, 103+0:12:4:0:15
B minor blues (2#), 2+0:0:0:0:0, 5+0:2:0:0:1, 8+0:3:0:0:1, 5+0:3:0:0:2, 3+0:1:0:0:0, 7+0:4:0:0:2, 8+0:6:1:0:4, 5+0:3:0:0:2, 6+0:1:0:0:0, 8+0:2:0:0:1, 4+0:2:0:0:1, 4+0:3:0:0:2, 5+0:3:0:0:1, 5+0:2:0:0:1, 3+0:1:0:0:0, 4+0:3:0:0:2, 4+0:3:0:0:1, 4+0:2:0:0:1, 1+0:0:0:0:0, 4+0:2:0:0:1, 3+0:1:0:0:0, 5+0:3:0:0:1, 2+0:0:0:0:0, 4+0:4:1:0:3, 5+0:3:1:0:3, 4+0:2:0:0:1, 6+0:1:0:0:0, 5+0:2:0:0:1, 8+0:3:0:0:1, 5+0:3:0:0:2, 3+0:1:0:0:0, 7+0:4:0:0:2, 8+0:6:1:0:4, 5+0:4:0:0:2, 8+0:2:0:0:1, 4+0:2:0:0:1, 6+0:2:0:0:1, 183+0:89:4:0:46
Bb dorian (2b), 2+0:0:0:0:0, 2+0:0:0:0:0, 6+0:0:0:0:1, 2+0:0:0:0:0, 1+0:0:0:0:0, 3+0:0:0:0:0, 6+0:0:1:0:2, 2+0:0:0:0:0, 4+0:0:0:0:2, 4+0:0:0:0:2, 2+0:0:0:0:0, 2+0:0:0:0:0, 2+0:0:0:0:0, 2+0:0:0:0:0, 1+0:0:0:0:0, 2+0:0:0:0:0, 2+0:0:0:0:0, 2+0:0:0:0:0, 0+0:0:0:0:0, 1+0:0:0:0:0, 1+0:0:0:0:1, 2+0:0:0:0:0, 1+0:0:0:0:0, 4+0:0:1:0:2, 3+0:0:1:0:1, 1+0:0:0:0:0, 4+0:0:0:0:2, 2+0:0:0:0:0, 6+0:0:0:0:1, 2+0:0:0:0:0, 1+0:0:0:0:0, 3+0:0:0:0:0, 6+0:0:1:0:2, 3+0:0:0:0:0, 4+0:0:0:0:2, 2+0:0:0:0:0, 2+0:0:0:0:1, 95+0:0:4:0:19
D dorian (2#), 1+0:0:0:0:0, 5+0:2:0:0:1, 8+0:3:0:0:1, 5+0:3:0:0:2, 2+0:1:1:0:1, 7+0:4:0:0:2, 8+0:6:1:0:4, 5+0:3:0:0:2, 5+0:1:0:0:0, 8+0:2:0:0:1, 4+0:2:0:0:1, 4+0:3:0:0:2, 5+0:3:0:0:1, 5+0:2:0:0:1, 3+0:1:0:0:0, 4+0:3:0:0:2, 4+0:3:0:0:1, 4+0:2:0:0:1, 1+0:0:0:0:0, 4+0:2:0:0:1, 2+0:1:0:0:0, 5+0:3:0:0:1, 1+0:0:0:0:0, 4+0:4:1:0:3, 5+0:3:1:0:3, 4+0:2:0:0:1, 5+0:1:0:0:0, 5+0:2:0:0:1, 8+0:3:0:0:1, 5+0:3:0:0:2, 2+0:1:1:0:1, 7+0:4:0:0:2, 8+0:6:1:0:4, 5+0:4:0:0:2, 8+0:2:0:0:1, 4+0:2:0:0:1, 6+0:2:0:0:1, 176+0:89:6:0:48
Bb phrygian (2b), 2+0:0:0:0:0, 0+0:0:0:0:0, 4+0:1:0:0:1, 1+0:0:0:0:0, 1+0:0:0:0:0, 1+0:0:0:0:0, 4+0:0:1:0:1, 1+0:0:0:0:0, 4+1:1:0:0:1, 4+1:1:0:0:1, 0+0:0:0:0:0, 1+0:0:0:0:0, 1+0:0:0:0:0, 0+0:0:0:0:0, 1+0:0:0:0:0, 1+0:0:0:0:0, 1+0:0:0:0:0, 0+0:0:0:0:0, 0+0:0:0:0:0, 1+0:0:0:0:0, 2+0:1:0:0:1, 0+0:0:0:0:0, 0+0:0:0:0:0, 2+0:0:1:0:1, 2+0:0:1:0:1, 1+0:0:0:0:0, 4+1:1:0:0:1, 0+0:0:0:0:0, 4+0:1:0:0:1, 1+0:0:0:0:0, 1+0:0:0:0:0, 1+0:0:0:0:0, 4+0:0:1:0:1, 1+0:0:0:0:0, 4+1:1:0:0:1, 0+0:0:0:0:0, 3+0:1:0:0:1, 58+4:8:4:0:12
D phrygian (2#), 1+0:0:0:0:0, 3+0:0:0:0:0, 7+0:0:0:0:1, 4+0:0:0:0:0, 2+0:0:0:0:0, 5+0:0:0:0:0, 8+0:0:1:0:2, 4+0:0:0:0:0, 5+0:0:0:0:2, 6+0:0:0:0:2, 3+0:0:0:0:0, 4+0:0:0:0:0, 4+0:0:0:0:0, 3+0:0:0:0:0, 2+0:0:0:0:0, 4+0:0:0:0:0, 3+0:0:0:0:0, 2+0:0:0:0:0, 0+0:0:0:0:0, 3+0:0:0:0:0, 2+0:0:0:0:1, 4+0:0:0:0:0, 2+0:0:0:0:0, 4+0:0:1:0:2, 4+0:0:1:0:1, 3+0:0:0:0:0, 5+0:0:0:0:2, 3+0:0:0:0:0, 7+0:0:0:0:1, 4+0:0:0:0:0, 2+0:0:0:0:0, 5+0:0:0:0:0, 8+0:0:1:0:2, 5+0:0:0:0:0, 6+0:0:0:0:2, 3+0:0:0:0:0, 4+0:0:0:0:1, 144+0:0:4:0:19
Bb lydian (2b), 2+0:0:0:0:0, 2+0:0:0:0:0, 6+0:0:0:0:1, 2+0:0:0:0:0, 1+0:0:0:0:0, 3+0:0:0:0:0, 6+0:0:1:0:2, 2+0:0:0:0:0, 4+0:0:0:0:2, 4+0:0:0:0:2, 2+0:0:0:0:0, 2+0:0:0:0:0, 2+0:0:0:0:0, 2+0:0:0:0:0, 1+0:0:0:0:0, 2+0:0:0:0:0, 2+0:0:0:0:0, 2+0:0:0:0:0, 0+0:0:0:0:0, 1+0:0:0:0:0, 1+0:0:0:0:1, 2+0:0:0:0:0, 1+0:0:0:0:0, 4+0:0:1:0:2, 3+0:0:1:0:1, 1+0:0:0:0:0, 4+0:0:0:0:2, 2+0:0:0:0:0, 6+0:0:0:0:1, 2+0:0:0:0:0, 1+0:0:0:0:0, 3+0:0:0:0:0, 6+0:0:1:0:2, 3+0:0:0:0:0, 4+0:0:0:0:2, 2+0:0:0:0:0, 2+0:0:0:0:1, 95+0:0:4:0:19
D lydian (2#), 1+0:0:0:0:0, 5+0:2:0:0:1, 8+0:3:0:0:1, 5+0:3:0:0:2, 2+0:1:1:0:1, 7+0:4:0:0:2, 8+0:6:1:0:4, 5+0:3:0:0:2, 5+0:1:0:0:0, 8+0:2:0:0:1, 4+0:2:0:0:1, 4+0:3:0:0:2, 5+0:3:0:0:1, 5+0:2:0:0:1, 3+0:1:0:0:0, 4+0:3:0:0:2, 4+0:3:0:0:1, 4+0:2:0:0:1, 1+0:0:0:0:0, 4+0:2:0:0:1, 2+0:1:0:0:0, 5+0:3:0:0:1, 1+0:0:0:0:0, 4+0:4:1:0:3, 5+0:3:1:0:3, 4+0:2:0:0:1, 5+0:1:0:0:0, 5+0:2:0:0:1, 8+0:3:0:0:1, 5+0:3:0:0:2, 2+0:1:1:0:1, 7+0:4:0:0:2, 8+0:6:1:0:4, 5+0:4:0:0:2, 8+0:2:0:0:1, 4+0:2:0:0:1, 6+0:2:0:0:1, 176+0:89:6:0:48
Bb mixolydian (2b), 2+0:0:0:0:0, 0+0:0:0:0:0, 4+0:1:0:0:1, 1+0:0:0:0:0, 1+0:0:0:0:0, 1+0:0:0:0:0, 4+0:0:1:0:1, 1+0:0:0:0:0, 4+1:1:0:0:1, 4+1:1:0:0:1, 0+0:0:0:0:0, 1+0:0:0:0:0, 1+0:0:0:0:0, 0+0:0:0:0:0, 1+0:0:0:0:0, 1+0:0:0:0:0, 1+0:0:0:0:0, 0+0:0:0:0:0, 0+0:0:0:0:0, 1+0:0:0:0:0, 2+0:1:0:0:1, 0+0:0:0:0:0, 0+0:0:0:0:0, 2+0:0:1:0:1, 2+0:0:1:0:1, 1+0:0:0:0:0, 4+1:1:0:0:1, 0+0:0:0:0:0, 4+0:1:0:0:1, 1+0:0:0:0:0, 1+0:0:0:0:0, 1+0:0:0:0:0, 4+0:0:1:0:1, 1+0:0:0:0:0, 4+1:1:0:0:1, 0+0:0:0:0:0, 3+0:1:0:0:1, 58+4:8:4:0:12
D mixolydian (2#), 1+0:0:0:0:0, 3+0:0:0:0:0, 7+0:0:0:0:1, 4+0:0:0:0:0, 2+0:0:0:0:0, 5+0:0:0:0:0, 8+0:0:1:0:2, 4+0:0:0:0:0, 5+0:0:0:0:2, 6+0:0:0:0:2, 3+0:0:0:0:0, 4+0:0:0:0:0, 4+0:0:0:0:0, 3+0:0:0:0:0, 2+0:0:0:0:0, 4+0:0:0:0:0, 3+0:0:0:0:0, 2+0:0:0:0:0, 0+0:0:0:0:0, 3+0:0:0:0:0, 2+0:0:0:0:1, 4+0:0:0:0:0, 2+0:0:0:0:0, 4+0:0:1:0:2, 4+0:0:1:0:1, 3+0:0:0:0:0, 5+0:0:0:0:2, 3+0:0:0:0:0, 7+0:0:0:0:1, 4+0:0:0:0:0, 2+0:0:0:0:0, 5+0:0:0:0:0, 8+0:0:1:0:2, 5+0:0:0:0:0, 6+0:0:0:0:2, 3+0:0:0:0:0, 4+0:0:0:0:1, 144+0:0:4:0:19
Bb aeolian (2b), 3+0:0:0:0:0, 1+0:0:0:0:0, 5+0:0:0:0:1, 2+0:0:0:0:0, 1+0:0:0:0:0, 2+0:0:0:0:0, 5+0:0:1:0:2, 2+0:0:0:0:0, 5+0:0:0:0:2, 5+0:0:0:0:2, 1+0:0:0:0:0, 2+0:0:0:0:0, 1+0:0:0:0:0, 1+0:0:0:0:0, 0+0:0:0:0:0, 2+0:0:0:0:0, 1+0:0:0:0:0, 1+0:0:0:0:0, 0+0:0:0:0:0, 1+0:0:0:0:0, 2+0:0:0:0:1, 1+0:0:0:0:0, 1+0:0:0:0:0, 3+0:0:1:0:2, 3+0:0:1:0:1, 1+0:0:0:0:0, 5+0:0:0:0:2, 1+0:0:0:0:0, 5+0:0:0:0:1, 2+0:0:0:0:0, 1+0:0:0:0:0, 2+0:0:0:0:0, 5+0:0:1:0:2, 2+0:0:0:0:0, 5+0:0:0:0:2, 1+0:0:0:0:0, 3+0:0:0:0:1, 84+0:0:4:0:19
D aeolian (2#), 2+0:1:0:0:0, 4+0:2:0:0:0, 8+0:3:0:0:0, 5+0:3:0:0:1, 2+0:1:1:0:1, 6+0:4:0:0:1, 8+0:6:1:0:3, 4+0:3:0:0:1, 6+0:1:0:0:2, 7+0:2:0:0:3, 4+0:2:0:0:0, 4+0:3:0:0:1, 4+0:3:0:0:1, 4+0:2:0:0:0, 3+0:1:0:0:0, 4+0:3:0:0:1, 3+0:3:0:0:1, 3+0:2:0:0:0, 1+0:0:0:0:0, 3+0:2:0:0:1, 3+0:1:0:0:1, 5+0:3:0:0:0, 2+0:1:0:0:0, 4+0:4:1:0:2, 4+0:3:1:0:2, 3+0:2:0:0:1, 6+0:1:0:0:2, 4+0:2:0:0:0, 8+0:3:0:0:0, 5+0:3:0:0:1, 2+0:1:1:0:1, 6+0:4:0:0:1, 8+0:6:1:0:3, 5+0:4:0:0:1, 7+0:2:0:0:3, 4+0:2:0:0:0, 5+0:2:0:0:2, 166+0:91:6:0:37
Bb locrian (2b), 2+0:0:0:0:1, 0+0:0:0:0:0, 4+0:1:0:0:1, 0+0:0:0:0:0, 0+0:0:0:0:0, 0+0:0:0:0:0, 3+0:0:1:0:0, 0+0:0:0:0:0, 4+1:1:0:0:2, 3+1:1:0:0:1, 0+0:0:0:0:0, 0+0:0:0:0:0, 0+0:0:0:0:0, 0+0:0:0:0:0, 1+0:0:0:0:0, 0+0:0:0:0:0, 0+0:0:0:0:0, 0+0:0:0:0:0, 0+0:0:0:0:0, 0+0:0:0:0:0, 2+0:1:0:0:1, 0+0:0:0:0:0, 0+0:0:0:0:0, 2+0:0:1:0:0, 1+0:0:1:0:0, 0+0:0:0:0:0, 4+1:1:0:0:2, 0+0:0:0:0:0, 4+0:1:0:0:1, 0+0:0:0:0:0, 0+0:0:0:0:0, 0+0:0:0:0:0, 3+0:0:1:0:0, 0+0:0:0:0:0, 3+1:1:0:0:1, 0+0:0:0:0:0, 2+0:1:0:0:1, 38+4:8:4:0:11
D locrian (2#), 1+0:0:0:0:0, 2+0:0:0:0:0, 6+0:0:0:0:1, 3+0:0:0:0:0, 2+0:0:0:0:0, 4+0:0:0:0:0, 7+0:0:1:0:2, 3+0:0:0:0:0, 5+0:0:0:0:2, 5+0:0:0:0:2, 2+0:0:0:0:0, 3+0:0:0:0:0, 3+0:0:0:0:0, 2+0:0:0:0:0, 1+0:0:0:0:0, 3+0:0:0:0:0, 3+0:0:0:0:0, 2+0:0:0:0:0, 0+0:0:0:0:0, 2+0:0:0:0:0, 2+0:0:0:0:1, 3+0:0:0:0:0, 1+0:0:0:0:0, 4+0:0:1:0:2, 3+0:0:1:0:1, 2+0:0:0:0:0, 5+0:0:0:0:2, 2+0:0:0:0:0, 6+0:0:0:0:1, 3+0:0:0:0:0, 2+0:0:0:0:0, 4+0:0:0:0:0, 7+0:0:1:0:2, 4+0:0:0:0:0, 5+0:0:0:0:2, 2+0:0:0:0:0, 3+0:0:0:0:1, 117+0:0:4:0:19
Eb major (3b), 2+0:0:0:0:0, 0+0:0:0:0:0, 4+0:1:0:0:1, 1+0:0:0:0:0, 1+0:0:0:0:0, 1+0:0:0:0:0, 4+0:0:1:0:1, 1+0:0:0:0:0, 4+1:1:0:0:1, 4+1:1:0:0:1, 0+0:0:0:0:0, 1+0:0:0:0:0, 1+0:0:0:0:0, 0+0:0:0:0:0, 1+0:0:0:0:0, 1+0:0:0:0:0, 1+0:0:0:0:0, 0+0:0:0:0:0, 0+0:0:0:0:0, 1+0:0:0:0:0, 2+0:1:0:0:1, 0+0:0:0:0:0, 0+0:0:0:0:0, 2+0:0:1:0:1, 2+0:0:1:0:1, 1+0:0:0:0:0, 4+1:1:0:0:1, 0+0:0:0:0:0, 4+0:1:0:0:1, 1+0:0:0:0:0, 1+0:0:0:0:0, 1+0:0:0:0:0, 4+0:0:1:0:1, 1+0:0:0:0:0, 4+1:1:0:0:1, 0+0:0:0:0:0, 3+0:1:0:0:1, 58+4:8:4:0:12
A major (3#), 1+0:0:0:0:0, 5+0:2:0:0:1, 8+0:3:0:0:1, 5+0:3:0:0:2, 2+0:1:1:0:1, 7+0:4:0:0:2, 8+0:6:1:0:4, 5+0:3:0:0:2, 5+0:1:0:0:0, 8+0:2:0:0:1, 4+0:2:0:0:1, 4+0:3:0:0:2, 5+0:3:0:0:1, 5+0:2:0:0:1, 3+0:1:0:0:0, 4+0:3:0:0:2, 4+0:3:0:0:1, 4+0:2:0:0:1, 1+0:0:0:0:0, 4+0:2:0:0:1, 2+0:1:0:0:0, 5+0:3:0:0:1, 1+0:0:0:0:0, 4+0:4:1:0:3, 5+0:3:1:0:3, 4+0:2:0:0:1, 5+0:1:0:0:0, 5+0:2:0:0:1, 8+0:3:0:0:1, 5+0:3:0:0:2, 2+0:1:1:0:1, 7+0:4:0:0:2, 8+0:6:1:0:4, 5+0:4:0:0:2, 8+0:2:0:0:1, 4+0:2:0:0:1, 6+0:2:0:0:1, 176+0:89:6:0:48
C minor (3b), 1+0:0:0:0:0, 0+0:0:0:0:0, 4+0:1:0:0:1, 2+0:0:0:0:0, 2+0:0:0:0:0, 2+0:0:0:0:0, 5+0:0:1:0:2, 2+0:0:0:0:0, 5+1:1:0:0:1, 5+1:1:0:0:1, 0+0:0:0:0:0, 2+0:0:0:0:0, 2+0:0:0:0:0, 0+0:0:0:0:0, 1+0:0:0:0:0, 2+0:0:0:0:0, 2+0:0:0:0:0, 0+0:0:0:0:0, 0+0:0:0:0:0, 2+0:0:0:0:0, 3+0:1:0:0:1, 1+0:0:0:0:0, 0+0:0:0:0:0, 2+0:0:1:0:2, 2+0:0:1:0:1, 2+0:0:0:0:0, 5+1:1:0:0:1, 0+0:0:0:0:0, 4+0:1:0:0:1, 2+0:0:0:0:0, 2+0:0:0:0:0, 2+0:0:0:0:0, 5+0:0:1:0:2, 2+0:0:0:0:0, 5+1:1:0:0:1, 0+0:0:0:0:0, 4+0:1:0:0:1, 80+4:8:4:0:15
F# minor (3#), 2+0:0:0:0:1, 5+0:2:0:0:4, 8+0:3:0:0:5, 5+0:3:0:0:5, 2+0:0:1:0:0, 7+0:4:0:0:6, 8+0:6:1:0:7, 5+0:3:0:0:4, 6+0:1:0:0:2, 9+0:2:0:0:4, 4+0:2:0:0:4, 4+0:3:0:0:4, 5+0:3:0:0:3, 5+0:2:0:0:4, 3+0:1:0:0:3, 4+0:3:0:0:4, 4+0:3:0:0:3, 4+0:2:0:0:3, 1+0:0:0:0:1, 4+0:2:0:0:3, 3+0:1:0:0:2, 5+0:3:0:0:5, 0+0:0:0:0:0, 4+0:4:1:0:4, 5+0:3:1:0:4, 4+0:2:0:0:3, 6+0:1:0:0:2, 5+0:2:0:0:4, 8+0:3:0:0:5, 5+0:3:0:0:5, 2+0:0:1:0:0, 7+0:4:0:0:6, 8+0:6:1:0:7, 5+0:4:0:0:5, 9+0:2:0:0:4, 4+0:2:0:0:4, 7+0:2:0:0:4, 182+0:87:6:0:134
C minor mel (3b), 2+0:0:0:0:0, 1+0:0:0:0:0, 5+0:1:0:0:1, 3+0:0:0:0:0, 2+0:0:0:0:0, 3+0:0:0:0:0, 6+0:0:1:0:2, 3+0:0:0:0:0, 6+0:2:0:0:2, 6+0:2:0:0:2, 1+0:0:0:0:0, 3+0:0:0:0:0, 2+0:0:0:0:0, 1+0:0:0:0:0, 0+0:0:0:0:0, 3+0:0:0:0:0, 2+0:0:0:0:0, 1+0:0:0:0:0, 0+0:0:0:0:0, 2+0:0:0:0:0, 3+0:1:0:0:1, 2+0:0:0:0:0, 1+0:0:0:0:0, 3+0:0:1:0:2, 3+0:0:1:0:1, 2+0:0:0:0:0, 6+0:2:0:0:2, 1+0:0:0:0:0, 5+0:1:0:0:1, 3+0:0:0:0:0, 2+0:0:0:0:0, 3+0:0:0:0:0, 6+0:0:1:0:2, 3+0:0:0:0:0, 6+0:2:0:0:2, 1+0:0:0:0:0, 4+0:1:0:0:1, 106+0:12:4:0:19
F# minor mel (3#), 2+0:0:0:0:1, 5+0:2:0:0:4, 8+0:3:0:0:5, 5+0:3:0:0:5, 2+0:0:1:0:0, 7+0:4:0:0:6, 8+0:6:1:0:7, 5+0:3:0:0:4, 6+0:1:0:0:2, 9+0:2:0:0:4, 4+0:2:0:0:4, 4+0:3:0:0:4, 5+0:3:0:0:3, 5+0:2:0:0:4, 3+0:1:0:0:3, 4+0:3:0:0:4, 4+0:3:0:0:3, 4+0:2:0:0:3, 1+0:0:0:0:1, 4+0:2:0:0:3, 3+0:1:0:0:2, 5+0:3:0:0:5, 0+0:0:0:0:0, 4+0:4:1:0:4, 5+0:3:1:0:4, 4+0:2:0:0:3, 6+0:1:0:0:2, 5+0:2:0:0:4, 8+0:3:0:0:5, 5+0:3:0:0:5, 2+0:0:1:0:0, 7+0:4:0:0:6, 8+0:6:1:0:7, 5+0:4:0:0:5, 9+0:2:0:0:4, 4+0:2:0:0:4, 7+0:2:0:0:4, 182+0:87:6:0:134
Eb major blues (3b), 3+0:0:0:0:2, 2+0:0:0:0:0, 5+0:1:0:0:2, 2+0:0:0:0:0, 1+0:0:0:0:0, 3+0:0:0:0:0, 5+0:0:1:0:0, 3+0:0:0:0:0, 5+0:2:0:0:4, 6+0:2:0:0:3, 1+0:0:0:0:0, 2+0:0:0:0:0, 2+0:0:0:0:0, 2+0:0:0:0:0, 1+0:0:0:0:0, 2+0:0:0:0:0, 2+0:0:0:0:0, 2+0:0:0:0:0, 0+0:0:0:0:0, 2+0:0:0:0:0, 2+0:1:0:0:2, 1+0:0:0:0:0, 1+0:0:0:0:0, 3+0:0:1:0:0, 4+0:0:1:0:0, 2+0:0:0:0:0, 5+0:2:0:0:4, 2+0:0:0:0:0, 5+0:1:0:0:2, 2+0:0:0:0:0, 1+0:0:0:0:0, 3+0:0:0:0:0, 5+0:0:1:0:0, 2+0:0:0:0:0, 6+0:2:0:0:3, 1+0:0:0:0:0, 4+0:1:0:0:2, 100+0:12:4:0:24
A major blues (3#), 2+0:0:0:0:0, 5+0:2:0:0:2, 8+0:3:0:0:3, 5+0:3:0:0:2, 3+0:1:0:0:0, 7+0:4:0:0:3, 8+0:6:1:0:5, 5+0:3:0:0:2, 6+0:1:0:0:0, 8+0:2:0:0:1, 4+0:2:0:0:2, 4+0:3:0:0:2, 5+0:3:0:0:2, 5+0:2:0:0:2, 3+0:1:0:0:1, 4+0:3:0:0:2, 4+0:3:0:0:2, 4+0:2:0:0:2, 1+0:0:0:0:0, 4+0:2:0:0:1, 3+0:1:0:0:0, 5+0:3:0:0:2, 2+0:0:0:0:0, 4+0:4:1:0:4, 5+0:3:1:0:3, 4+0:2:0:0:1, 6+0:1:0:0:0, 5+0:2:0:0:2, 8+0:3:0:0:3, 5+0:3:0:0:2, 3+0:1:0:0:0, 7+0:4:0:0:3, 8+0:6:1:0:5, 5+0:4:0:0:3, 8+0:2:0:0:1, 4+0:2:0:0:2, 6+0:2:0:0:1, 183+0:89:4:0:66
C minor blues (3b), 3+0:0:0:0:2, 2+0:0:0:0:0, 5+0:1:0:0:2, 2+0:0:0:0:0, 1+0:0:0:0:0, 3+0:0:0:0:0, 5+0:0:1:0:0, 3+0:0:0:0:0, 5+0:2:0:0:4, 6+0:2:0:0:3, 1+0:0:0:0:0, 2+0:0:0:0:0, 2+0:0:0:0:0, 2+0:0:0:0:0, 1+0:0:0:0:0, 2+0:0:0:0:0, 2+0:0:0:0:0, 2+0:0:0:0:0, 0+0:0:0:0:0, 2+0:0:0:0:0, 2+0:1:0:0:2, 1+0:0:0:0:0, 1+0:0:0:0:0, 3+0:0:1:0:0, 4+0:0:1:0:0, 2+0:0:0:0:0, 5+0:2:0:0:4, 2+0:0:0:0:0, 5+0:1:0:0:2, 2+0:0:0:0:0, 1+0:0:0:0:0, 3+0:0:0:0:0, 5+0:0:1:0:0, 2+0:0:0:0:0, 6+0:2:0:0:3, 1+0:0:0:0:0, 4+0:1:0:0:2, 100+0:12:4:0:24
F# minor blues (3#), 2+0:0:0:0:0, 5+0:2:0:0:2, 8+0:3:0:0:3, 5+0:3:0:0:2, 3+0:1:0:0:0, 7+0:4:0:0:3, 8+0:6:1:0:5, 5+0:3:0:0:2, 6+0:1:0:0:0, 8+0:2:0:0:1, 4+0:2:0:0:2, 4+0:3:0:0:2, 5+0:3:0:0:2, 5+0:2:0:0:2, 3+0:1:0:0:1, 4+0:3:0:0:2, 4+0:3:0:0:2, 4+0:2:0:0:2, 1+0:0:0:0:0, 4+0:2:0:0:1, 3+0:1:0:0:0, 5+0:3:0:0:2, 2+0:0:0:0:0, 4+0:4:1:0:4, 5+0:3:1:0:3, 4+0:2:0:0:1, 6+0:1:0:0:0, 5+0:2:0:0:2, 8+0:3:0:0:3, 5+0:3:0:0:2, 3+0:1:0:0:0, 7+0:4:0:0:3, 8+0:6:1:0:5, 5+0:4:0:0:3, 8+0:2:0:0:1, 4+0:2:0:0:2, 6+0:2:0:0:1, 183+0:89:4:0:66
Eb dorian (3b), 3+0:0:0:0:0, 1+0:0:0:0:0, 5+0:0:0:0:1, 2+0:0:0:0:0, 1+0:0:0:0:0, 2+0:0:0:0:0, 5+0:0:1:0:2, 2+0:0:0:0:0, 5+0:0:0:0:2, 5+0:0:0:0:2, 1+0:0:0:0:0, 2+0:0:0:0:0, 1+0:0:0:0:0, 1+0:0:0:0:0, 0+0:0:0:0:0, 2+0:0:0:0:0, 1+0:0:0:0:0, 1+0:0:0:0:0, 0+0:0:0:0:0, 1+0:0:0:0:0, 2+0:0:0:0:1, 1+0:0:0:0:0, 1+0:0:0:0:0, 3+0:0:1:0:2, 3+0:0:1:0:1, 1+0:0:0:0:0, 5+0:0:0:0:2, 1+0:0:0:0:0, 5+0:0:0:0:1, 2+0:0:0:0:0, 1+0:0:0:0:0, 2+0:0:0:0:0, 5+0:0:1:0:2, 2+0:0:0:0:0, 5+0:0:0:0:2, 1+0:0:0:0:0, 3+0:0:0:0:1, 84+0:0:4:0:19
A dorian (3#), 1+0:0:0:0:0, 5+0:2:0:0:2, 8+0:3:0:0:3, 5+0:3:0:0:2, 2+0:1:1:0:1, 7+0:4:0:0:3, 8+0:6:1:0:5, 5+0:3:0:0:2, 5+0:1:0:0:0, 8+0:2:0:0:1, 4+0:2:0:0:2, 4+0:3:0:0:2, 5+0:3:0:0:2, 5+0:2:0:0:2, 3+0:1:0:0:1, 4+0:3:0:0:2, 4+0:3:0:0:2, 4+0:2:0:0:2, 1+0:0:0:0:0, 4+0:2:0:0:1, 2+0:1:0:0:0, 5+0:3:0:0:2, 1+0:0:0:0:0, 4+0:4:1:0:4, 5+0:3:1:0:3, 4+0:2:0:0:1, 5+0:1:0:0:0, 5+0:2:0:0:2, 8+0:3:0:0:3, 5+0:3:0:0:2, 2+0:1:1:0:1, 7+0:4:0:0:3, 8+0:6:1:0:5, 5+0:4:0:0:3, 8+0:2:0:0:1, 4+0:2:0:0:2, 6+0:2:0:0:1, 176+0:89:6:0:68
Eb phrygian (3b), 2+0:0:0:0:1, 0+0:0:0:0:0, 4+0:1:0:0:1, 0+0:0:0:0:0, 0+0:0:0:0:0, 0+0:0:0:0:0, 3+0:0:1:0:0, 0+0:0:0:0:0, 4+1:1:0:0:2, 3+1:1:0:0:1, 0+0:0:0:0:0, 0+0:0:0:0:0, 0+0:0:0:0:0, 0+0:0:0:0:0, 1+0:0:0:0:0, 0+0:0:0:0:0, 0+0:0:0:0:0, 0+0:0:0:0:0, 0+0:0:0:0:0, 0+0:0:0:0:0, 2+0:1:0:0:1, 0+0:0:0:0:0, 0+0:0:0:0:0, 2+0:0:1:0:0, 1+0:0:1:0:0, 0+0:0:0:0:0, 4+1:1:0:0:2, 0+0:0:0:0:0, 4+0:1:0:0:1, 0+0:0:0:0:0, 0+0:0:0:0:0, 0+0:0:0:0:0, 3+0:0:1:0:0, 0+0:0:0:0:0, 3+1:1:0:0:1, 0+0:0:0:0:0, 2+0:1:0:0:1, 38+4:8:4:0:11
A phrygian (3#), 2+0:1:0:0:0, 4+0:2:0:0:0, 8+0:3:0:0:0, 5+0:3:0:0:1, 2+0:1:1:0:1, 6+0:4:0:0:1, 8+0:6:1:0:3, 4+0:3:0:0:1, 6+0:1:0:0:2, 7+0:2:0:0:3, 4+0:2:0:0:0, 4+0:3:0:0:1, 4+0:3:0:0:1, 4+0:2:0:0:0, 3+0:1:0:0:0, 4+0:3:0:0:1, 3+0:3:0:0:1, 3+0:2:0:0:0, 1+0:0:0:0:0, 3+0:2:0:0:1, 3+0:1:0:0:1, 5+0:3:0:0:0, 2+0:1:0:0:0, 4+0:4:1:0:2, 4+0:3:1:0:2, 3+0:2:0:0:1, 6+0:1:0:0:2, 4+0:2:0:0:0, 8+0:3:0:0:0, 5+0:3:0:0:1, 2+0:1:1:0:1, 6+0:4:0:0:1, 8+0:6:1:0:3, 5+0:4:0:0:1, 7+0:2:0:0:3, 4+0:2:0:0:0, 5+0:2:0:0:2, 166+0:91:6:0:37
Eb lydian (3b), 3+0:0:0:0:0, 1+0:0:0:0:0, 5+0:0:0:0:1, 2+0:0:0:0:0, 1+0:0:0:0:0, 2+0:0:0:0:0, 5+0:0:1:0:2, 2+0:0:0:0:0, 5+0:0:0:0:2, 5+0:0:0:0:2, 1+0:0:0:0:0, 2+0:0:0:0:0, 1+0:0:0:0:0, 1+0:0:0:0:0, 0+0:0:0:0:0, 2+0:0:0:0:0, 1+0:0:0:0:0, 1+0:0:0:0:0, 0+0:0:0:0:0, 1+0:0:0:0:0, 2+0:0:0:0:1, 1+0:0:0:0:0, 1+0:0:0:0:0, 3+0:0:1:0:2, 3+0:0:1:0:1, 1+0:0:0:0:0, 5+0:0:0:0:2, 1+0:0:0:0:0, 5+0:0:0:0:1, 2+0:0:0:0:0, 1+0:0:0:0:0, 2+0:0:0:0:0, 5+0:0:1:0:2, 2+0:0:0:0:0, 5+0:0:0:0:2, 1+0:0:0:0:0, 3+0:0:0:0:1, 84+0:0:4:0:19
A lydian (3#), 1+0:0:0:0:0, 5+0:2:0:0:2, 8+0:3:0:0:3, 5+0:3:0:0:2, 2+0:1:1:0:1, 7+0:4:0:0:3, 8+0:6:1:0:5, 5+0:3:0:0:2, 5+0:1:0:0:0, 8+0:2:0:0:1, 4+0:2:0:0:2, 4+0:3:0:0:2, 5+0:3:0:0:2, 5+0:2:0:0:2, 3+0:1:0:0:1, 4+0:3:0:0:2, 4+0:3:0:0:2, 4+0:2:0:0:2, 1+0:0:0:0:0, 4+0:2:0:0:1, 2+0:1:0:0:0, 5+0:3:0:0:2, 1+0:0:0:0:0, 4+0:4:1:0:4, 5+0:3:1:0:3, 4+0:2:0:0:1, 5+0:1:0:0:0, 5+0:2:0:0:2, 8+0:3:0:0:3, 5+0:3:0:0:2, 2+0:1:1:0:1, 7+0:4:0:0:3, 8+0:6:1:0:5, 5+0:4:0:0:3, 8+0:2:0:0:1, 4+0:2:0:0:2, 6+0:2:0:0:1, 176+0:89:6:0:68
Eb mixolydian (3b), 2+0:0:0:0:1, 0+0:0:0:0:0, 4+0:1:0:0:1, 0+0:0:0:0:0, 0+0:0:0:0:0, 0+0:0:0:0:0, 3+0:0:1:0:0, 0+0:0:0:0:0, 4+1:1:0:0:2, 3+1:1:0:0:1, 0+0:0:0:0:0, 0+0:0:0:0:0, 0+0:0:0:0:0, 0+0:0:0:0:0, 1+0:0:0:0:0, 0+0:0:0:0:0, 0+0:0:0:0:0, 0+0:0:0:0:0, 0+0:0:0:0:0, 0+0:0:0:0:0, 2+0:1:0:0:1, 0+0:0:0:0:0, 0+0:0:0:0:0, 2+0:0:1:0:0, 1+0:0:1:0:0, 0+0:0:0:0:0, 4+1:1:0:0:2, 0+0:0:0:0:0, 4+0:1:0:0:1, 0+0:0:0:0:0, 0+0:0:0:0:0, 0+0:0:0:0:0, 3+0:0:1:0:0, 0+0:0:0:0:0, 3+1:1:0:0:1, 0+0:0:0:0:0, 2+0:1:0:0:1, 38+4:8:4:0:11
A mixolydian (3#), 2+0:1:0:0:0, 4+0:2:0:0:0, 8+0:3:0:0:0, 5+0:3:0:0:1, 2+0:1:1:0:1, 6+0:4:0:0:1, 8+0:6:1:0:3, 4+0:3:0:0:1, 6+0:1:0:0:2, 7+0:2:0:0:3, 4+0:2:0:0:0, 4+0:3:0:0:1, 4+0:3:0:0:1, 4+0:2:0:0:0, 3+0:1:0:0:0, 4+0:3:0:0:1, 3+0:3:0:0:1, 3+0:2:0:0:0, 1+0:0:0:0:0, 3+0:2:0:0:1, 3+0:1:0:0:1, 5+0:3:0:0:0, 2+0:1:0:0:0, 4+0:4:1:0:2, 4+0:3:1:0:2, 3+0:2:0:0:1, 6+0:1:0:0:2, 4+0:2:0:0:0, 8+0:3:0:0:0, 5+0:3:0:0:1, 2+0:1:1:0:1, 6+0:4:0:0:1, 8+0:6:1:0:3, 5+0:4:0:0:1, 7+0:2:0:0:3, 4+0:2:0:0:0, 5+0:2:0:0:2, 166+0:91:6:0:37
Eb aeolian (3b), 2+0:0:0:0:0, 0+0:0:0:0:0, 4+0:1:0:0:1, 1+0:0:0:0:0, 1+0:0:0:0:0, 1+0:0:0:0:0, 4+0:0:1:0:1, 1+0:0:0:0:0, 4+1:1:0:0:1, 4+1:1:0:0:1, 0+0:0:0:0:0, 1+0:0:0:0:0, 1+0:0:0:0:0, 0+0:0:0:0:0, 1+0:0:0:0:0, 1+0:0:0:0:0, 1+0:0:0:0:0, 0+0:0:0:0:0, 0+0:0:0:0:0, 1+0:0:0:0:0, 2+0:1:0:0:1, 0+0:0:0:0:0, 0+0:0:0:0:0, 2+0:0:1:0:1, 2+0:0:1:0:1, 1+0:0:0:0:0, 4+1:1:0:0:1, 0+0:0:0:0:0, 4+0:1:0:0:1, 1+0:0:0:0:0, 1+0:0:0:0:0, 1+0:0:0:0:0, 4+0:0:1:0:1, 1+0:0:0:0:0, 4+1:1:0:0:1, 0+0:0:0:0:0, 3+0:1:0:0:1, 58+4:8:4:0:12
A aeolian (3#), 1+0:0:0:0:0, 5+0:2:0:0:1, 8+0:3:0:0:1, 5+0:3:0:0:2, 2+0:1:1:0:1, 7+0:4:0:0:2, 8+0:6:1:0:4, 5+0:3:0:0:2, 5+0:1:0:0:0, 8+0:2:0:0:1, 4+0:2:0:0:1, 4+0:3:0:0:2, 5+0:3:0:0:1, 5+0:2:0:0:1, 3+0:1:0:0:0, 4+0:3:0:0:2, 4+0:3:0:0:1, 4+0:2:0:0:1, 1+0:0:0:0:0, 4+0:2:0:0:1, 2+0:1:0:0:0, 5+0:3:0:0:1, 1+0:0:0:0:0, 4+0:4:1:0:3, 5+0:3:1:0:3, 4+0:2:0:0:1, 5+0:1:0:0:0, 5+0:2:0:0:1, 8+0:3:0:0:1, 5+0:3:0:0:2, 2+0:1:1:0:1, 7+0:4:0:0:2, 8+0:6:1:0:4, 5+0:4:0:0:2, 8+0:2:0:0:1, 4+0:2:0:0:1, 6+0:2:0:0:1, 176+0:89:6:0:48
Eb locrian (3b), 2+0:0:0:0:2, 1+0:0:0:0:0, 4+0:1:0:0:2, 0+0:0:0:0:0, 0+0:0:0:0:0, 1+0:0:0:0:0, 2+0:0:1:0:0, 1+0:0:0:0:0, 4+1:1:0:0:3, 4+1:1:0:0:2, 0+0:0:0:0:0, 0+0:0:0:0:0, 1+0:0:0:0:0, 1+0:0:0:0:0, 1+0:0:0:0:0, 0+0:0:0:0:0, 1+0:0:0:0:0, 1+0:0:0:0:0, 0+0:0:0:0:0, 1+0:0:0:0:0, 2+0:1:0:0:2, 0+0:0:0:0:0, 0+0:0:0:0:0, 1+0:0:1:0:0, 2+0:0:1:0:0, 1+0:0:0:0:0, 4+1:1:0:0:3, 1+0:0:0:0:0, 4+0:1:0:0:2, 0+0:0:0:0:0, 0+0:0:0:0:0, 1+0:0:0:0:0, 2+0:0:1:0:0, 0+0:0:0:0:0, 4+1:1:0:0:2, 0+0:0:0:0:0, 3+0:1:0:0:2, 50+4:8:4:0:20
A locrian (3#), 1+0:0:0:0:0, 3+0:0:0:0:0, 7+0:0:0:0:1, 4+0:0:0:0:0, 2+0:0:0:0:0, 5+0:0:0:0:0, 8+0:0:1:0:2, 4+0:0:0:0:0, 5+0:0:0:0:2, 6+0:0:0:0:2, 3+0:0:0:0:0, 4+0:0:0:0:0, 4+0:0:0:0:0, 3+0:0:0:0:0, 2+0:0:0:0:0, 4+0:0:0:0:0, 3+0:0:0:0:0, 2+0:0:0:0:0, 0+0:0:0:0:0, 3+0:0:0:0:0, 2+0:0:0:0:1, 4+0:0:0:0:0, 2+0:0:0:0:0, 4+0:0:1:0:2, 4+0:0:1:0:1, 3+0:0:0:0:0, 5+0:0:0:0:2, 3+0:0:0:0:0, 7+0:0:0:0:1, 4+0:0:0:0:0, 2+0:0:0:0:0, 5+0:0:0:0:0, 8+0:0:1:0:2, 5+0:0:0:0:0, 6+0:0:0:0:2, 3+0:0:0:0:0, 4+0:0:0:0:1, 144+0:0:4:0:19
Ab major (4b), 2+0:0:0:0:1, 0+0:0:0:0:0, 4+0:1:0:0:1, 0+0:0:0:0:0, 0+0:0:0:0:0, 0+0:0:0:0:0, 3+0:0:1:0:0, 0+0:0:0:0:0, 4+1:1:0:0:2, 3+1:1:0:0:1, 0+0:0:0:0:0, 0+0:0:0:0:0, 0+0:0:0:0:0, 0+0:0:0:0:0, 1+0:0:0:0:0, 0+0:0:0:0:0, 0+0:0:0:0:0, 0+0:0:0:0:0, 0+0:0:0:0:0, 0+0:0:0:0:0, 2+0:1:0:0:1, 0+0:0:0:0:0, 0+0:0:0:0:0, 2+0:0:1:0:0, 1+0:0:1:0:0, 0+0:0:0:0:0, 4+1:1:0:0:2, 0+0:0:0:0:0, 4+0:1:0:0:1, 0+0:0:0:0:0, 0+0:0:0:0:0, 0+0:0:0:0:0, 3+0:0:1:0:0, 0+0:0:0:0:0, 3+1:1:0:0:1, 0+0:0:0:0:0, 2+0:1:0:0:1, 38+4:8:4:0:11
E major (4#), 1+0:0:0:0:0, 5+0:2:0:0:2, 8+0:3:0:0:3, 5+0:3:0:0:2, 2+0:1:1:0:1, 7+0:4:0:0:3, 8+0:6:1:0:5, 5+0:3:0:0:2, 5+0:1:0:0:0, 8+0:2:0:0:1, 4+0:2:0:0:2, 4+0:3:0:0:2, 5+0:3:0:0:2, 5+0:2:0:0:2, 3+0:1:0:0:1, 4+0:3:0:0:2, 4+0:3:0:0:2, 4+0:2:0:0:2, 1+0:0:0:0:0, 4+0:2:0:0:1, 2+0:1:0:0:0, 5+0:3:0:0:2, 1+0:0:0:0:0, 4+0:4:1:0:4, 5+0:3:1:0:3, 4+0:2:0:0:1, 5+0:1:0:0:0, 5+0:2:0:0:2, 8+0:3:0:0:3, 5+0:3:0:0:2, 2+0:1:1:0:1, 7+0:4:0:0:3, 8+0:6:1:0:5, 5+0:4:0:0:3, 8+0:2:0:0:1, 4+0:2:0:0:2, 6+0:2:0:0:1, 176+0:89:6:0:68
F minor (4b), 1+0:0:0:0:0, 1+0:0:0:0:0, 5+0:1:0:0:1, 0+0:0:0:0:0, 0+0:0:0:0:0, 1+0:0:0:0:0, 4+0:0:1:0:1, 0+0:0:0:0:0, 3+1:1:0:0:1, 2+1:1:0:0:1, 1+0:0:0:0:0, 0+0:0:0:0:0, 1+0:0:0:0:0, 1+0:0:0:0:0, 2+0:0:0:0:0, 0+0:0:0:0:0, 1+0:0:0:0:0, 1+0:0:0:0:0, 0+0:0:0:0:0, 0+0:0:0:0:0, 1+0:1:0:0:1, 1+0:0:0:0:0, 0+0:0:0:0:0, 3+0:0:1:0:1, 1+0:0:1:0:1, 0+0:0:0:0:0, 3+1:1:0:0:1, 1+0:0:0:0:0, 5+0:1:0:0:1, 0+0:0:0:0:0, 0+0:0:0:0:0, 1+0:0:0:0:0, 4+0:0:1:0:1, 1+0:0:0:0:0, 2+1:1:0:0:1, 1+0:0:0:0:0, 1+0:1:0:0:1, 49+4:8:4:0:12
C# minor (4#), 1+0:1:1:0:1, 5+0:2:0:0:5, 8+0:3:0:0:5, 5+0:3:0:0:5, 1+0:0:0:0:0, 7+0:4:0:0:7, 8+0:6:1:0:8, 5+0:3:0:0:5, 5+0:1:0:0:3, 8+0:2:0:0:6, 4+0:2:0:0:4, 4+0:3:0:0:4, 5+0:3:0:0:5, 5+0:2:0:0:5, 3+0:1:0:0:3, 4+0:3:0:0:4, 4+0:3:0:0:4, 4+0:2:0:0:4, 0+0:0:0:0:0, 4+0:2:0:0:4, 2+0:1:0:0:2, 5+0:3:0:0:5, 1+0:0:0:0:1, 4+0:4:1:0:4, 5+0:3:1:0:5, 4+0:2:0:0:4, 5+0:1:0:0:3, 5+0:2:0:0:5, 8+0:3:0:0:5, 5+0:3:0:0:5, 1+0:0:0:0:0, 7+0:4:0:0:7, 8+0:6:1:0:8, 5+0:4:0:0:5, 8+0:2:0:0:6, 4+0:2:0:0:4, 6+0:2:0:0:5, 173+0:88:5:0:156
F minor mel (4b), 1+0:0:0:0:0, 1+0:0:0:0:0, 5+0:1:0:0:1, 1+0:0:0:0:0, 1+0:0:0:0:0, 2+0:0:0:0:0, 5+0:0:1:0:1, 1+0:0:0:0:0, 3+1:1:0:0:1, 3+1:1:0:0:1, 1+0:0:0:0:0, 1+0:0:0:0:0, 2+0:0:0:0:0, 1+0:0:0:0:0, 2+0:0:0:0:0, 1+0:0:0:0:0, 2+0:0:0:0:0, 1+0:0:0:0:0, 0+0:0:0:0:0, 1+0:0:0:0:0, 1+0:1:0:0:1, 1+0:0:0:0:0, 0+0:0:0:0:0, 3+0:0:1:0:1, 2+0:0:1:0:1, 1+0:0:0:0:0, 3+1:1:0:0:1, 1+0:0:0:0:0, 5+0:1:0:0:1, 1+0:0:0:0:0, 1+0:0:0:0:0, 2+0:0:0:0:0, 5+0:0:1:0:1, 2+0:0:0:0:0, 3+1:1:0:0:1, 1+0:0:0:0:0, 2+0:1:0:0:1, 69+4:8:4:0:12
C# minor mel (4#), 1+0:1:1:0:1, 5+0:2:0:0:5, 8+0:3:0:0:5, 5+0:3:0:0:5, 0+0:0:0:0:0, 7+0:4:0:0:7, 8+0:6:1:0:8, 5+0:3:0:0:5, 5+0:1:0:0:3, 8+0:2:0:0:6, 4+0:2:0:0:4, 4+0:3:0:0:4, 5+0:3:0:0:5, 5+0:2:0:0:5, 4+0:1:0:0:3, 4+0:3:0:0:4, 4+0:3:0:0:4, 4+0:2:0:0:4, 0+0:0:0:0:0, 4+0:2:0:0:4, 2+0:1:0:0:2, 5+0:3:0:0:5, 1+0:0:0:0:1, 4+0:4:1:0:4, 5+0:3:1:0:5, 4+0:2:0:0:4, 5+0:1:0:0:3, 5+0:2:0:0:5, 8+0:3:0:0:5, 5+0:3:0:0:5, 0+0:0:0:0:0, 7+0:4:0:0:7, 8+0:6:1:0:8, 5+0:4:0:0:5, 8+0:2:0:0:6, 4+0:2:0:0:4, 6+0:2:0:0:5, 172+0:88:5:0:156
Ab major blues (4b), 3+0:0:0:0:1, 2+0:0:0:0:0, 5+0:1:0:0:3, 2+0:0:0:0:0, 2+0:0:0:0:0, 3+0:0:0:0:0, 4+0:0:0:0:0, 2+0:0:0:0:0, 5+1:1:0:0:3, 6+1:1:0:0:2, 1+0:0:0:0:0, 1+0:0:0:0:0, 2+0:0:0:0:0, 2+0:0:0:0:0, 2+0:0:0:0:1, 1+0:0:0:0:0, 2+0:0:0:0:0, 2+0:0:0:0:0, 1+0:0:0:0:0, 2+0:0:0:0:0, 3+0:1:0:0:2, 1+0:0:0:0:0, 0+0:0:0:0:0, 2+0:0:0:0:0, 3+0:0:0:0:0, 2+0:0:0:0:0, 5+1:1:0:0:3, 2+0:0:0:0:0, 5+0:1:0:0:3, 2+0:0:0:0:0, 2+0:0:0:0:0, 3+0:0:0:0:0, 4+0:0:0:0:0, 1+0:0:0:0:0, 6+1:1:0:0:2, 1+0:0:0:0:0, 5+0:1:0:0:2, 97+4:8:0:0:22
E major blues (4#), 2+0:0:0:0:0, 5+0:2:0:0:2, 8+0:3:0:0:3, 5+0:3:0:0:3, 2+0:0:1:0:1, 7+0:4:0:0:4, 8+0:6:1:0:6, 5+0:3:0:0:3, 6+0:1:0:0:1, 8+0:2:0:0:2, 4+0:2:0:0:2, 4+0:3:0:0:3, 5+0:3:0:0:3, 5+0:2:0:0:2, 4+0:1:0:0:1, 4+0:3:0:0:3, 4+0:3:0:0:3, 4+0:2:0:0:2, 1+0:0:0:0:0, 4+0:2:0:0:2, 3+0:1:0:0:1, 5+0:3:0:0:3, 2+0:0:0:0:0, 4+0:4:1:0:4, 5+0:3:1:0:3, 4+0:2:0:0:2, 6+0:1:0:0:1, 5+0:2:0:0:2, 8+0:3:0:0:3, 5+0:3:0:0:3, 2+0:0:1:0:1, 7+0:4:0:0:4, 8+0:6:1:0:6, 5+0:4:0:0:4, 8+0:2:0:0:2, 4+0:2:0:0:2, 6+0:2:0:0:2, 182+0:87:6:0:89
F minor blues (4b), 3+0:0:0:0:1, 2+0:0:0:0:0, 5+0:1:0:0:3, 2+0:0:0:0:0, 2+0:0:0:0:0, 3+0:0:0:0:0, 4+0:0:0:0:0, 2+0:0:0:0:0, 5+1:1:0:0:3, 6+1:1:0:0:2, 1+0:0:0:0:0, 1+0:0:0:0:0, 2+0:0:0:0:0, 2+0:0:0:0:0, 2+0:0:0:0:1, 1+0:0:0:0:0, 2+0:0:0:0:0, 2+0:0:0:0:0, 1+0:0:0:0:0, 2+0:0:0:0:0, 3+0:1:0:0:2, 1+0:0:0:0:0, 0+0:0:0:0:0, 2+0:0:0:0:0, 3+0:0:0:0:0, 2+0:0:0:0:0, 5+1:1:0:0:3, 2+0:0:0:0:0, 5+0:1:0:0:3, 2+0:0:0:0:0, 2+0:0:0:0:0, 3+0:0:0:0:0, 4+0:0:0:0:0, 1+0:0:0:0:0, 6+1:1:0:0:2, 1+0:0:0:0:0, 5+0:1:0:0:2, 97+4:8:0:0:22
C# minor blues (4#), 2+0:0:0:0:0, 5+0:2:0:0:2, 8+0:3:0:0:3, 5+0:3:0:0:3, 2+0:0:1:0:1, 7+0:4:0:0:4, 8+0:6:1:0:6, 5+0:3:0:0:3, 6+0:1:0:0:1, 8+0:2:0:0:2, 4+0:2:0:0:2, 4+0:3:0:0:3, 5+0:3:0:0:3, 5+0:2:0:0:2, 4+0:1:0:0:1, 4+0:3:0:0:3, 4+0:3:0:0:3, 4+0:2:0:0:2, 1+0:0:0:0:0, 4+0:2:0:0:2, 3+0:1:0:0:1, 5+0:3:0:0:3, 2+0:0:0:0:0, 4+0:4:1:0:4, 5+0:3:1:0:3, 4+0:2:0:0:2, 6+0:1:0:0:1, 5+0:2:0:0:2, 8+0:3:0:0:3, 5+0:3:0:0:3, 2+0:0:1:0:1, 7+0:4:0:0:4, 8+0:6:1:0:6, 5+0:4:0:0:4, 8+0:2:0:0:2, 4+0:2:0:0:2, 6+0:2:0:0:2, 182+0:87:6:0:89
Ab dorian (4b), 2+0:0:0:0:0, 0+0:0:0:0:0, 4+0:1:0:0:1, 1+0:0:0:0:0, 1+0:0:0:0:0, 1+0:0:0:0:0, 4+0:0:1:0:1, 1+0:0:0:0:0, 4+1:1:0:0:1, 4+1:1:0:0:1, 0+0:0:0:0:0, 1+0:0:0:0:0, 1+0:0:0:0:0, 0+0:0:0:0:0, 1+0:0:0:0:0, 1+0:0:0:0:0, 1+0:0:0:0:0, 0+0:0:0:0:0, 0+0:0:0:0:0, 1+0:0:0:0:0, 2+0:1:0:0:1, 0+0:0:0:0:0, 0+0:0:0:0:0, 2+0:0:1:0:1, 2+0:0:1:0:1, 1+0:0:0:0:0, 4+1:1:0:0:1, 0+0:0:0:0:0, 4+0:1:0:0:1, 1+0:0:0:0:0, 1+0:0:0:0:0, 1+0:0:0:0:0, 4+0:0:1:0:1, 1+0:0:0:0:0, 4+1:1:0:0:1, 0+0:0:0:0:0, 3+0:1:0:0:1, 58+4:8:4:0:12
E dorian (4#), 1+0:0:0:0:0, 5+0:2:0:0:2, 8+0:3:0:0:3, 5+0:3:0:0:3, 1+0:0:1:0:1, 7+0:4:0:0:4, 8+0:6:1:0:6, 5+0:3:0:0:3, 5+0:1:0:0:1, 8+0:2:0:0:2, 4+0:2:0:0:2, 4+0:3:0:0:3, 5+0:3:0:0:3, 5+0:2:0:0:2, 4+0:1:0:0:1, 4+0:3:0:0:3, 4+0:3:0:0:3, 4+0:2:0:0:2, 1+0:0:0:0:0, 4+0:2:0:0:2, 2+0:1:0:0:1, 5+0:3:0:0:3, 1+0:0:0:0:0, 4+0:4:1:0:4, 5+0:3:1:0:3, 4+0:2:0:0:2, 5+0:1:0:0:1, 5+0:2:0:0:2, 8+0:3:0:0:3, 5+0:3:0:0:3, 1+0:0:1:0:1, 7+0:4:0:0:4, 8+0:6:1:0:6, 5+0:4:0:0:4, 8+0:2:0:0:2, 4+0:2:0:0:2, 6+0:2:0:0:2, 175+0:87:6:0:89
Ab phrygian (4b), 2+0:0:0:0:2, 1+0:0:0:0:0, 4+0:1:0:0:2, 0+0:0:0:0:0, 0+0:0:0:0:0, 1+0:0:0:0:0, 2+0:0:1:0:0, 1+0:0:0:0:0, 4+1:1:0:0:3, 4+1:1:0:0:2, 0+0:0:0:0:0, 0+0:0:0:0:0, 1+0:0:0:0:0, 1+0:0:0:0:0, 1+0:0:0:0:0, 0+0:0:0:0:0, 1+0:0:0:0:0, 1+0:0:0:0:0, 0+0:0:0:0:0, 1+0:0:0:0:0, 2+0:1:0:0:2, 0+0:0:0:0:0, 0+0:0:0:0:0, 1+0:0:1:0:0, 2+0:0:1:0:0, 1+0:0:0:0:0, 4+1:1:0:0:3, 1+0:0:0:0:0, 4+0:1:0:0:2, 0+0:0:0:0:0, 0+0:0:0:0:0, 1+0:0:0:0:0, 2+0:0:1:0:0, 0+0:0:0:0:0, 4+1:1:0:0:2, 0+0:0:0:0:0, 3+0:1:0:0:2, 50+4:8:4:0:20
E phrygian (4#), 1+0:0:0:0:0, 5+0:2:0:0:1, 8+0:3:0:0:1, 5+0:3:0:0:2, 2+0:1:1:0:1, 7+0:4:0:0:2, 8+0:6:1:0:4, 5+0:3:0:0:2, 5+0:1:0:0:0, 8+0:2:0:0:1, 4+0:2:0:0:1, 4+0:3:0:0:2, 5+0:3:0:0:1, 5+0:2:0:0:1, 3+0:1:0:0:0, 4+0:3:0:0:2, 4+0:3:0:0:1, 4+0:2:0:0:1, 1+0:0:0:0:0, 4+0:2:0:0:1, 2+0:1:0:0:0, 5+0:3:0:0:1, 1+0:0:0:0:0, 4+0:4:1:0:3, 5+0:3:1:0:3, 4+0:2:0:0:1, 5+0:1:0:0:0, 5+0:2:0:0:1, 8+0:3:0:0:1, 5+0:3:0:0:2, 2+0:1:1:0:1, 7+0:4:0:0:2, 8+0:6:1:0:4, 5+0:4:0:0:2, 8+0:2:0:0:1, 4+0:2:0:0:1, 6+0:2:0:0:1, 176+0:89:6:0:48
Ab lydian (4b), 2+0:0:0:0:0, 0+0:0:0:0:0, 4+0:1:0:0:1, 1+0:0:0:0:0, 1+0:0:0:0:0, 1+0:0:0:0:0, 4+0:0:1:0:1, 1+0:0:0:0:0, 4+1:1:0:0:1, 4+1:1:0:0:1, 0+0:0:0:0:0, 1+0:0:0:0:0, 1+0:0:0:0:0, 0+0:0:0:0:0, 1+0:0:0:0:0, 1+0:0:0:0:0, 1+0:0:0:0:0, 0+0:0:0:0:0, 0+0:0:0:0:0, 1+0:0:0:0:0, 2+0:1:0:0:1, 0+0:0:0:0:0, 0+0:0:0:0:0, 2+0:0:1:0:1, 2+0:0:1:0:1, 1+0:0:0:0:0, 4+1:1:0:0:1, 0+0:0:0:0:0, 4+0:1:0:0:1, 1+0:0:0:0:0, 1+0:0:0:0:0, 1+0:0:0:0:0, 4+0:0:1:0:1, 1+0:0:0:0:0, 4+1:1:0:0:1, 0+0:0:0:0:0, 3+0:1:0:0:1, 58+4:8:4:0:12
E lydian (4#), 1+0:0:0:0:0, 5+0:2:0:0:2, 8+0:3:0:0:3, 5+0:3:0:0:3, 1+0:0:1:0:1, 7+0:4:0:0:4, 8+0:6:1:0:6, 5+0:3:0:0:3, 5+0:1:0:0:1, 8+0:2:0:0:2, 4+0:2:0:0:2, 4+0:3:0:0:3, 5+0:3:0:0:3, 5+0:2:0:0:2, 4+0:1:0:0:1, 4+0:3:0:0:3, 4+0:3:0:0:3, 4+0:2:0:0:2, 1+0:0:0:0:0, 4+0:2:0:0:2, 2+0:1:0:0:1, 5+0:3:0:0:3, 1+0:0:0:0:0, 4+0:4:1:0:4, 5+0:3:1:0:3, 4+0:2:0:0:2, 5+0:1:0:0:1, 5+0:2:0:0:2, 8+0:3:0:0:3, 5+0:3:0:0:3, 1+0:0:1:0:1, 7+0:4:0:0:4, 8+0:6:1:0:6, 5+0:4:0:0:4, 8+0:2:0:0:2, 4+0:2:0:0:2, 6+0:2:0:0:2, 175+0:87:6:0:89
Ab mixolydian (4b), 2+0:0:0:0:2, 1+0:0:0:0:0, 4+0:1:0:0:2, 0+0:0:0:0:0, 0+0:0:0:0:0, 1+0:0:0:0:0, 2+0:0:1:0:0, 1+0:0:0:0:0, 4+1:1:0:0:3, 4+1:1:0:0:2, 0+0:0:0:0:0, 0+0:0:0:0:0, 1+0:0:0:0:0, 1+0:0:0:0:0, 1+0:0:0:0:0, 0+0:0:0:0:0, 1+0:0:0:0:0, 1+0:0:0:0:0, 0+0:0:0:0:0, 1+0:0:0:0:0, 2+0:1:0:0:2, 0+0:0:0:0:0, 0+0:0:0:0:0, 1+0:0:1:0:0, 2+0:0:1:0:0, 1+0:0:0:0:0, 4+1:1:0:0:3, 1+0:0:0:0:0, 4+0:1:0:0:2, 0+0:0:0:0:0, 0+0:0:0:0:0, 1+0:0:0:0:0, 2+0:0:1:0:0, 0+0:0:0:0:0, 4+1:1:0:0:2, 0+0:0:0:0:0, 3+0:1:0:0:2, 50+4:8:4:0:20
E mixolydian (4#), 1+0:0:0:0:0, 5+0:2:0:0:1, 8+0:3:0:0:1, 5+0:3:0:0:2, 2+0:1:1:0:1, 7+0:4:0:0:2, 8+0:6:1:0:4, 5+0:3:0:0:2, 5+0:1:0:0:0, 8+0:2:0:0:1, 4+0:2:0:0:1, 4+0:3:0:0:2, 5+0:3:0:0:1, 5+0:2:0:0:1, 3+0:1:0:0:0, 4+0:3:0:0:2, 4+0:3:0:0:1, 4+0:2:0:0:1, 1+0:0:0:0:0, 4+0:2:0:0:1, 2+0:1:0:0:0, 5+0:3:0:0:1, 1+0:0:0:0:0, 4+0:4:1:0:3, 5+0:3:1:0:3, 4+0:2:0:0:1, 5+0:1:0:0:0, 5+0:2:0:0:1, 8+0:3:0:0:1, 5+0:3:0:0:2, 2+0:1:1:0:1, 7+0:4:0:0:2, 8+0:6:1:0:4, 5+0:4:0:0:2, 8+0:2:0:0:1, 4+0:2:0:0:1, 6+0:2:0:0:1, 176+0:89:6:0:48
Ab aeolian (4b), 2+0:0:0:0:1, 0+0:0:0:0:0, 4+0:1:0:0:1, 0+0:0:0:0:0, 0+0:0:0:0:0, 0+0:0:0:0:0, 3+0:0:1:0:0, 0+0:0:0:0:0, 4+1:1:0:0:2, 3+1:1:0:0:1, 0+0:0:0:0:0, 0+0:0:0:0:0, 0+0:0:0:0:0, 0+0:0:0:0:0, 1+0:0:0:0:0, 0+0:0:0:0:0, 0+0:0:0:0:0, 0+0:0:0:0:0, 0+0:0:0:0:0, 0+0:0:0:0:0, 2+0:1:0:0:1, 0+0:0:0:0:0, 0+0:0:0:0:0, 2+0:0:1:0:0, 1+0:0:1:0:0, 0+0:0:0:0:0, 4+1:1:0:0:2, 0+0:0:0:0:0, 4+0:1:0:0:1, 0+0:0:0:0:0, 0+0:0:0:0:0, 0+0:0:0:0:0, 3+0:0:1:0:0, 0+0:0:0:0:0, 3+1:1:0:0:1, 0+0:0:0:0:0, 2+0:1:0:0:1, 38+4:8:4:0:11
E aeolian (4#), 1+0:0:0:0:0, 5+0:2:0:0:2, 8+0:3:0:0:3, 5+0:3:0:0:2, 2+0:1:1:0:1, 7+0:4:0:0:3, 8+0:6:1:0:5, 5+0:3:0:0:2, 5+0:1:0:0:0, 8+0:2:0:0:1, 4+0:2:0:0:2, 4+0:3:0:0:2, 5+0:3:0:0:2, 5+0:2:0:0:2, 3+0:1:0:0:1, 4+0:3:0:0:2, 4+0:3:0:0:2, 4+0:2:0:0:2, 1+0:0:0:0:0, 4+0:2:0:0:1, 2+0:1:0:0:0, 5+0:3:0:0:2, 1+0:0:0:0:0, 4+0:4:1:0:4, 5+0:3:1:0:3, 4+0:2:0:0:1, 5+0:1:0:0:0, 5+0:2:0:0:2, 8+0:3:0:0:3, 5+0:3:0:0:2, 2+0:1:1:0:1, 7+0:4:0:0:3, 8+0:6:1:0:5, 5+0:4:0:0:3, 8+0:2:0:0:1, 4+0:2:0:0:2, 6+0:2:0:0:1, 176+0:89:6:0:68
Ab locrian (4b), 2+0:0:0:0:1, 2+0:0:0:0:0, 5+0:1:0:0:3, 1+0:0:0:0:0, 1+0:0:0:0:0, 2+0:0:0:0:0, 1+0:0:0:0:0, 1+0:0:0:0:0, 5+1:1:0:0:3, 5+1:1:0:0:2, 1+0:0:0:0:0, 0+0:0:0:0:0, 1+0:0:0:0:0, 2+0:0:0:0:0, 2+0:0:0:0:1, 0+0:0:0:0:0, 1+0:0:0:0:0, 2+0:0:0:0:0, 1+0:0:0:0:0, 1+0:0:0:0:0, 3+0:1:0:0:2, 1+0:0:0:0:0, 0+0:0:0:0:0, 0+0:0:0:0:0, 1+0:0:0:0:0, 1+0:0:0:0:0, 5+1:1:0:0:3, 2+0:0:0:0:0, 5+0:1:0:0:3, 1+0:0:0:0:0, 1+0:0:0:0:0, 2+0:0:0:0:0, 1+0:0:0:0:0, 0+0:0:0:0:0, 5+1:1:0:0:2, 1+0:0:0:0:0, 4+0:1:0:0:2, 69+4:8:0:0:22
E locrian (4#), 2+0:1:0:0:0, 4+0:2:0:0:0, 8+0:3:0:0:0, 5+0:3:0:0:1, 2+0:1:1:0:1, 6+0:4:0:0:1, 8+0:6:1:0:3, 4+0:3:0:0:1, 6+0:1:0:0:2, 7+0:2:0:0:3, 4+0:2:0:0:0, 4+0:3:0:0:1, 4+0:3:0:0:1, 4+0:2:0:0:0, 3+0:1:0:0:0, 4+0:3:0:0:1, 3+0:3:0:0:1, 3+0:2:0:0:0, 1+0:0:0:0:0, 3+0:2:0:0:1, 3+0:1:0:0:1, 5+0:3:0:0:0, 2+0:1:0:0:0, 4+0:4:1:0:2, 4+0:3:1:0:2, 3+0:2:0:0:1, 6+0:1:0:0:2, 4+0:2:0:0:0, 8+0:3:0:0:0, 5+0:3:0:0:1, 2+0:1:1:0:1, 6+0:4:0:0:1, 8+0:6:1:0:3, 5+0:4:0:0:1, 7+0:2:0:0:3, 4+0:2:0:0:0, 5+0:2:0:0:2, 166+0:91:6:0:37
Db major (5b), 2+0:0:0:0:2, 1+0:0:0:0:0, 4+0:1:0:0:2, 0+0:0:0:0:0, 0+0:0:0:0:0, 1+0:0:0:0:0, 2+0:0:1:0:0, 1+0:0:0:0:0, 4+1:1:0:0:3, 4+1:1:0:0:2, 0+0:0:0:0:0, 0+0:0:0:0:0, 1+0:0:0:0:0, 1+0:0:0:0:0, 1+0:0:0:0:0, 0+0:0:0:0:0, 1+0:0:0:0:0, 1+0:0:0:0:0, 0+0:0:0:0:0, 1+0:0:0:0:0, 2+0:1:0:0:2, 0+0:0:0:0:0, 0+0:0:0:0:0, 1+0:0:1:0:0, 2+0:0:1:0:0, 1+0:0:0:0:0, 4+1:1:0:0:3, 1+0:0:0:0:0, 4+0:1:0:0:2, 0+0:0:0:0:0, 0+0:0:0:0:0, 1+0:0:0:0:0, 2+0:0:1:0:0, 0+0:0:0:0:0, 4+1:1:0:0:2, 0+0:0:0:0:0, 3+0:1:0:0:2, 50+4:8:4:0:20
B major (5#), 1+0:0:0:0:0, 5+0:2:0:0:2, 8+0:3:0:0:3, 5+0:3:0:0:3, 1+0:0:1:0:1, 7+0:4:0:0:4, 8+0:6:1:0:6, 5+0:3:0:0:3, 5+0:1:0:0:1, 8+0:2:0:0:2, 4+0:2:0:0:2, 4+0:3:0:0:3, 5+0:3:0:0:3, 5+0:2:0:0:2, 4+0:1:0:0:1, 4+0:3:0:0:3, 4+0:3:0:0:3, 4+0:2:0:0:2, 1+0:0:0:0:0, 4+0:2:0:0:2, 2+0:1:0:0:1, 5+0:3:0:0:3, 1+0:0:0:0:0, 4+0:4:1:0:4, 5+0:3:1:0:3, 4+0:2:0:0:2, 5+0:1:0:0:1, 5+0:2:0:0:2, 8+0:3:0:0:3, 5+0:3:0:0:3, 1+0:0:1:0:1, 7+0:4:0:0:4, 8+0:6:1:0:6, 5+0:4:0:0:4, 8+0:2:0:0:2, 4+0:2:0:0:2, 6+0:2:0:0:2, 175+0:87:6:0:89
Bb minor (5b), 3+0:0:0:0:1, 2+0:0:0:0:0, 5+0:1:0:0:1, 1+0:0:0:0:0, 0+0:0:0:0:0, 2+0:0:0:0:0, 3+0:0:1:0:0, 2+0:0:0:0:0, 5+0:2:0:0:3, 5+0:2:0:0:2, 1+0:0:0:0:0, 1+0:0:0:0:0, 1+0:0:0:0:0, 2+0:0:0:0:0, 0+0:0:0:0:0, 1+0:0:0:0:0, 1+0:0:0:0:0, 2+0:0:0:0:0, 0+0:0:0:0:0, 1+0:0:0:0:0, 2+0:1:0:0:1, 1+0:0:0:0:0, 1+0:0:0:0:0, 2+0:0:1:0:0, 3+0:0:1:0:0, 1+0:0:0:0:0, 5+0:2:0:0:3, 2+0:0:0:0:0, 5+0:1:0:0:1, 1+0:0:0:0:0, 0+0:0:0:0:0, 2+0:0:0:0:0, 3+0:0:1:0:0, 1+0:0:0:0:0, 5+0:2:0:0:2, 1+0:0:0:0:0, 3+0:1:0:0:1, 76+0:12:4:0:15
G# minor (5#), 1+0:0:0:0:1, 5+0:2:0:0:5, 8+0:3:0:0:5, 5+0:3:0:0:5, 1+0:0:1:0:0, 7+0:4:0:0:7, 8+0:6:1:0:8, 5+0:3:0:0:5, 3+0:1:0:0:2, 8+0:2:0:0:6, 4+0:2:0:0:4, 4+0:3:0:0:4, 5+0:3:0:0:5, 5+0:2:0:0:5, 4+0:1:0:0:3, 4+0:3:0:0:4, 4+0:3:0:0:4, 4+0:2:0:0:4, 1+0:0:0:0:1, 4+0:2:0:0:4, 2+0:1:0:0:2, 5+0:3:0:0:5, 1+0:0:0:0:1, 4+0:4:1:0:4, 5+0:3:1:0:5, 4+0:2:0:0:4, 3+0:1:0:0:2, 5+0:2:0:0:5, 8+0:3:0:0:5, 5+0:3:0:0:5, 1+0:0:1:0:0, 7+0:4:0:0:7, 8+0:6:1:0:8, 5+0:4:0:0:5, 8+0:2:0:0:6, 4+0:2:0:0:4, 6+0:2:0:0:5, 171+0:87:6:0:155
Bb minor mel (5b), 3+0:0:0:0:1, 1+0:0:0:0:0, 5+0:1:0:0:1, 1+0:0:0:0:0, 0+0:0:0:0:0, 1+0:0:0:0:0, 4+0:0:1:0:0, 1+0:0:0:0:0, 5+0:2:0:0:3, 4+0:2:0:0:2, 1+0:0:0:0:0, 1+0:0:0:0:0, 0+0:0:0:0:0, 1+0:0:0:0:0, 0+0:0:0:0:0, 1+0:0:0:0:0, 0+0:0:0:0:0, 1+0:0:0:0:0, 0+0:0:0:0:0, 0+0:0:0:0:0, 2+0:1:0:0:1, 1+0:0:0:0:0, 1+0:0:0:0:0, 3+0:0:1:0:0, 2+0:0:1:0:0, 0+0:0:0:0:0, 5+0:2:0:0:3, 1+0:0:0:0:0, 5+0:1:0:0:1, 1+0:0:0:0:0, 0+0:0:0:0:0, 1+0:0:0:0:0, 4+0:0:1:0:0, 1+0:0:0:0:0, 4+0:2:0:0:2, 1+0:0:0:0:0, 2+0:1:0:0:1, 64+0:12:4:0:15
G# minor mel (5#), 2+0:0:0:0:1, 5+0:2:0:0:5, 8+0:3:0:0:5, 5+0:3:0:0:5, 1+0:0:1:0:0, 7+0:4:0:0:7, 8+0:6:1:0:8, 5+0:3:0:0:5, 4+0:1:0:0:2, 9+0:2:0:0:6, 4+0:2:0:0:4, 4+0:3:0:0:4, 5+0:3:0:0:4, 5+0:2:0:0:5, 4+0:1:0:0:3, 4+0:3:0:0:4, 4+0:3:0:0:4, 4+0:2:0:0:4, 1+0:0:0:0:1, 4+0:2:0:0:4, 3+0:1:0:0:2, 5+0:3:0:0:5, 0+0:0:0:0:0, 4+0:4:1:0:4, 5+0:3:1:0:5, 4+0:2:0:0:4, 4+0:1:0:0:2, 5+0:2:0:0:5, 8+0:3:0:0:5, 5+0:3:0:0:5, 1+0:0:1:0:0, 7+0:4:0:0:7, 8+0:6:1:0:8, 5+0:4:0:0:5, 9+0:2:0:0:6, 4+0:2:0:0:4, 7+0:2:0:0:5, 177+0:87:6:0:153
Db major blues (5b), 3+0:0:0:0:1, 3+0:0:0:0:0, 6+0:1:0:0:2, 2+0:0:0:0:0, 1+0:0:0:0:0, 3+0:0:0:0:0, 4+0:0:1:0:0, 2+0:0:0:0:0, 5+1:1:0:0:3, 6+1:1:0:0:2, 2+0:0:0:0:0, 1+0:0:0:0:0, 2+0:0:0:0:0, 3+0:0:0:0:0, 3+0:0:0:0:1, 1+0:0:0:0:0, 1+0:0:0:0:0, 2+0:0:0:0:0, 1+0:0:0:0:0, 2+0:0:0:0:0, 3+0:1:0:0:2, 2+0:0:0:0:0, 1+0:0:0:0:0, 2+0:0:1:0:0, 3+0:0:1:0:0, 2+0:0:0:0:0, 5+1:1:0:0:3, 3+0:0:0:0:0, 6+0:1:0:0:2, 2+0:0:0:0:0, 1+0:0:0:0:0, 3+0:0:0:0:0, 4+0:0:1:0:0, 1+0:0:0:0:0, 6+1:1:0:0:2, 2+0:0:0:0:0, 5+0:1:0:0:2, 104+4:8:4:0:20
B major blues (5#), 2+0:0:0:0:0, 5+0:2:0:0:3, 8+0:3:0:0:4, 5+0:3:0:0:4, 2+0:0:1:0:1, 7+0:4:0:0:5, 8+0:6:1:0:7, 5+0:3:0:0:4, 6+0:1:0:0:1, 9+0:2:0:0:3, 4+0:2:0:0:3, 4+0:3:0:0:4, 5+0:3:0:0:4, 5+0:2:0:0:3, 4+0:1:0:0:2, 4+0:3:0:0:4, 4+0:3:0:0:3, 4+0:2:0:0:2, 1+0:0:0:0:0, 4+0:2:0:0:3, 3+0:1:0:0:1, 5+0:3:0:0:4, 1+0:0:0:0:1, 4+0:4:1:0:4, 5+0:3:1:0:4, 4+0:2:0:0:3, 6+0:1:0:0:1, 5+0:2:0:0:3, 8+0:3:0:0:4, 5+0:3:0:0:4, 2+0:0:1:0:1, 7+0:4:0:0:5, 8+0:6:1:0:7, 5+0:4:0:0:5, 9+0:2:0:0:3, 4+0:2:0:0:3, 7+0:2:0:0:3, 184+0:87:6:0:116
Bb minor blues (5b), 3+0:0:0:0:1, 3+0:0:0:0:0, 6+0:1:0:0:2, 2+0:0:0:0:0, 1+0:0:0:0:0, 3+0:0:0:0:0, 4+0:0:1:0:0, 2+0:0:0:0:0, 5+1:1:0:0:3, 6+1:1:0:0:2, 2+0:0:0:0:0, 1+0:0:0:0:0, 2+0:0:0:0:0, 3+0:0:0:0:0, 3+0:0:0:0:1, 1+0:0:0:0:0, 1+0:0:0:0:0, 2+0:0:0:0:0, 1+0:0:0:0:0, 2+0:0:0:0:0, 3+0:1:0:0:2, 2+0:0:0:0:0, 1+0:0:0:0:0, 2+0:0:1:0:0, 3+0:0:1:0:0, 2+0:0:0:0:0, 5+1:1:0:0:3, 3+0:0:0:0:0, 6+0:1:0:0:2, 2+0:0:0:0:0, 1+0:0:0:0:0, 3+0:0:0:0:0, 4+0:0:1:0:0, 1+0:0:0:0:0, 6+1:1:0:0:2, 2+0:0:0:0:0, 5+0:1:0:0:2, 104+4:8:4:0:20
G# minor blues (5#), 2+0:0:0:0:0, 5+0:2:0:0:3, 8+0:3:0:0:4, 5+0:3:0:0:4, 2+0:0:1:0:1, 7+0:4:0:0:5, 8+0:6:1:0:7, 5+0:3:0:0:4, 6+0:1:0:0:1, 9+0:2:0:0:3, 4+0:2:0:0:3, 4+0:3:0:0:4, 5+0:3:0:0:4, 5+0:2:0:0:3, 4+0:1:0:0:2, 4+0:3:0:0:4, 4+0:3:0:0:3, 4+0:2:0:0:2, 1+0:0:0:0:0, 4+0:2:0:0:3, 3+0:1:0:0:1, 5+0:3:0:0:4, 1+0:0:0:0:1, 4+0:4:1:0:4, 5+0:3:1:0:4, 4+0:2:0:0:3, 6+0:1:0:0:1, 5+0:2:0:0:3, 8+0:3:0:0:4, 5+0:3:0:0:4, 2+0:0:1:0:1, 7+0:4:0:0:5, 8+0:6:1:0:7, 5+0:4:0:0:5, 9+0:2:0:0:3, 4+0:2:0:0:3, 7+0:2:0:0:3, 184+0:87:6:0:116
Db dorian (5b), 2+0:0:0:0:1, 0+0:0:0:0:0, 4+0:1:0:0:1, 0+0:0:0:0:0, 0+0:0:0:0:0, 0+0:0:0:0:0, 3+0:0:1:0:0, 0+0:0:0:0:0, 4+1:1:0:0:2, 3+1:1:0:0:1, 0+0:0:0:0:0, 0+0:0:0:0:0, 0+0:0:0:0:0, 0+0:0:0:0:0, 1+0:0:0:0:0, 0+0:0:0:0:0, 0+0:0:0:0:0, 0+0:0:0:0:0, 0+0:0:0:0:0, 0+0:0:0:0:0, 2+0:1:0:0:1, 0+0:0:0:0:0, 0+0:0:0:0:0, 2+0:0:1:0:0, 1+0:0:1:0:0, 0+0:0:0:0:0, 4+1:1:0:0:2, 0+0:0:0:0:0, 4+0:1:0:0:1, 0+0:0:0:0:0, 0+0:0:0:0:0, 0+0:0:0:0:0, 3+0:0:1:0:0, 0+0:0:0:0:0, 3+1:1:0:0:1, 0+0:0:0:0:0, 2+0:1:0:0:1, 38+4:8:4:0:11
B dorian (5#), 2+0:0:0:0:0, 5+0:2:0:0:3, 8+0:3:0:0:4, 5+0:3:0:0:4, 1+0:0:1:0:1, 7+0:4:0:0:5, 8+0:6:1:0:7, 5+0:3:0:0:4, 6+0:1:0:0:1, 9+0:2:0:0:3, 4+0:2:0:0:3, 4+0:3:0:0:4, 5+0:3:0:0:3, 5+0:2:0:0:3, 4+0:1:0:0:2, 4+0:3:0:0:4, 4+0:3:0:0:3, 4+0:2:0:0:2, 1+0:0:0:0:0, 4+0:2:0:0:3, 3+0:1:0:0:1, 5+0:3:0:0:4, 0+0:0:0:0:0, 4+0:4:1:0:4, 5+0:3:1:0:4, 4+0:2:0:0:3, 6+0:1:0:0:1, 5+0:2:0:0:3, 8+0:3:0:0:4, 5+0:3:0:0:4, 1+0:0:1:0:1, 7+0:4:0:0:5, 8+0:6:1:0:7, 5+0:4:0:0:5, 9+0:2:0:0:3, 4+0:2:0:0:3, 7+0:2:0:0:3, 181+0:87:6:0:114
Db phrygian (5b), 2+0:0:0:0:1, 2+0:0:0:0:0, 5+0:1:0:0:3, 1+0:0:0:0:0, 1+0:0:0:0:0, 2+0:0:0:0:0, 1+0:0:0:0:0, 1+0:0:0:0:0, 5+1:1:0:0:3, 5+1:1:0:0:2, 1+0:0:0:0:0, 0+0:0:0:0:0, 1+0:0:0:0:0, 2+0:0:0:0:0, 2+0:0:0:0:1, 0+0:0:0:0:0, 1+0:0:0:0:0, 2+0:0:0:0:0, 1+0:0:0:0:0, 1+0:0:0:0:0, 3+0:1:0:0:2, 1+0:0:0:0:0, 0+0:0:0:0:0, 0+0:0:0:0:0, 1+0:0:0:0:0, 1+0:0:0:0:0, 5+1:1:0:0:3, 2+0:0:0:0:0, 5+0:1:0:0:3, 1+0:0:0:0:0, 1+0:0:0:0:0, 2+0:0:0:0:0, 1+0:0:0:0:0, 0+0:0:0:0:0, 5+1:1:0:0:2, 1+0:0:0:0:0, 4+0:1:0:0:2, 69+4:8:0:0:22
B phrygian (5#), 1+0:0:0:0:0, 5+0:2:0:0:2, 8+0:3:0:0:3, 5+0:3:0:0:2, 2+0:1:1:0:1, 7+0:4:0:0:3, 8+0:6:1:0:5, 5+0:3:0:0:2, 5+0:1:0:0:0, 8+0:2:0:0:1, 4+0:2:0:0:2, 4+0:3:0:0:2, 5+0:3:0:0:2, 5+0:2:0:0:2, 3+0:1:0:0:1, 4+0:3:0:0:2, 4+0:3:0:0:2, 4+0:2:0:0:2, 1+0:0:0:0:0, 4+0:2:0:0:1, 2+0:1:0:0:0, 5+0:3:0:0:2, 1+0:0:0:0:0, 4+0:4:1:0:4, 5+0:3:1:0:3, 4+0:2:0:0:1, 5+0:1:0:0:0, 5+0:2:0:0:2, 8+0:3:0:0:3, 5+0:3:0:0:2, 2+0:1:1:0:1, 7+0:4:0:0:3, 8+0:6:1:0:5, 5+0:4:0:0:3, 8+0:2:0:0:1, 4+0:2:0:0:2, 6+0:2:0:0:1, 176+0:89:6:0:68
Db lydian (5b), 2+0:0:0:0:1, 0+0:0:0:0:0, 4+0:1:0:0:1, 0+0:0:0:0:0, 0+0:0:0:0:0, 0+0:0:0:0:0, 3+0:0:1:0:0, 0+0:0:0:0:0, 4+1:1:0:0:2, 3+1:1:0:0:1, 0+0:0:0:0:0, 0+0:0:0:0:0, 0+0:0:0:0:0, 0+0:0:0:0:0, 1+0:0:0:0:0, 0+0:0:0:0:0, 0+0:0:0:0:0, 0+0:0:0:0:0, 0+0:0:0:0:0, 0+0:0:0:0:0, 2+0:1:0:0:1, 0+0:0:0:0:0, 0+0:0:0:0:0, 2+0:0:1:0:0, 1+0:0:1:0:0, 0+0:0:0:0:0, 4+1:1:0:0:2, 0+0:0:0:0:0, 4+0:1:0:0:1, 0+0:0:0:0:0, 0+0:0:0:0:0, 0+0:0:0:0:0, 3+0:0:1:0:0, 0+0:0:0:0:0, 3+1:1:0:0:1, 0+0:0:0:0:0, 2+0:1:0:0:1, 38+4:8:4:0:11
B lydian (5#), 2+0:0:0:0:0, 5+0:2:0:0:3, 8+0:3:0:0:4, 5+0:3:0:0:4, 1+0:0:1:0:1, 7+0:4:0:0:5, 8+0:6:1:0:7, 5+0:3:0:0:4, 6+0:1:0:0:1, 9+0:2:0:0:3, 4+0:2:0:0:3, 4+0:3:0:0:4, 5+0:3:0:0:3, 5+0:2:0:0:3, 4+0:1:0:0:2, 4+0:3:0:0:4, 4+0:3:0:0:3, 4+0:2:0:0:2, 1+0:0:0:0:0, 4+0:2:0:0:3, 3+0:1:0:0:1, 5+0:3:0:0:4, 0+0:0:0:0:0, 4+0:4:1:0:4, 5+0:3:1:0:4, 4+0:2:0:0:3, 6+0:1:0:0:1, 5+0:2:0:0:3, 8+0:3:0:0:4, 5+0:3:0:0:4, 1+0:0:1:0:1, 7+0:4:0:0:5, 8+0:6:1:0:7, 5+0:4:0:0:5, 9+0:2:0:0:3, 4+0:2:0:0:3, 7+0:2:0:0:3, 181+0:87:6:0:114
Db mixolydian (5b), 2+0:0:0:0:1, 2+0:0:0:0:0, 5+0:1:0:0:3, 1+0:0:0:0:0, 1+0:0:0:0:0, 2+0:0:0:0:0, 1+0:0:0:0:0, 1+0:0:0:0:0, 5+1:1:0:0:3, 5+1:1:0:0:2, 1+0:0:0:0:0, 0+0:0:0:0:0, 1+0:0:0:0:0, 2+0:0:0:0:0, 2+0:0:0:0:1, 0+0:0:0:0:0, 1+0:0:0:0:0, 2+0:0:0:0:0, 1+0:0:0:0:0, 1+0:0:0:0:0, 3+0:1:0:0:2, 1+0:0:0:0:0, 0+0:0:0:0:0, 0+0:0:0:0:0, 1+0:0:0:0:0, 1+0:0:0:0:0, 5+1:1:0:0:3, 2+0:0:0:0:0, 5+0:1:0:0:3, 1+0:0:0:0:0, 1+0:0:0:0:0, 2+0:0:0:0:0, 1+0:0:0:0:0, 0+0:0:0:0:0, 5+1:1:0:0:2, 1+0:0:0:0:0, 4+0:1:0:0:2, 69+4:8:0:0:22
B mixolydian (5#), 1+0:0:0:0:0, 5+0:2:0:0:2, 8+0:3:0:0:3, 5+0:3:0:0:2, 2+0:1:1:0:1, 7+0:4:0:0:3, 8+0:6:1:0:5, 5+0:3:0:0:2, 5+0:1:0:0:0, 8+0:2:0:0:1, 4+0:2:0:0:2, 4+0:3:0:0:2, 5+0:3:0:0:2, 5+0:2:0:0:2, 3+0:1:0:0:1, 4+0:3:0:0:2, 4+0:3:0:0:2, 4+0:2:0:0:2, 1+0:0:0:0:0, 4+0:2:0:0:1, 2+0:1:0:0:0, 5+0:3:0:0:2, 1+0:0:0:0:0, 4+0:4:1:0:4, 5+0:3:1:0:3, 4+0:2:0:0:1, 5+0:1:0:0:0, 5+0:2:0:0:2, 8+0:3:0:0:3, 5+0:3:0:0:2, 2+0:1:1:0:1, 7+0:4:0:0:3, 8+0:6:1:0:5, 5+0:4:0:0:3, 8+0:2:0:0:1, 4+0:2:0:0:2, 6+0:2:0:0:1, 176+0:89:6:0:68
Db aeolian (5b), 2+0:0:0:0:2, 1+0:0:0:0:0, 4+0:1:0:0:2, 0+0:0:0:0:0, 0+0:0:0:0:0, 1+0:0:0:0:0, 2+0:0:1:0:0, 1+0:0:0:0:0, 4+1:1:0:0:3, 4+1:1:0:0:2, 0+0:0:0:0:0, 0+0:0:0:0:0, 1+0:0:0:0:0, 1+0:0:0:0:0, 1+0:0:0:0:0, 0+0:0:0:0:0, 1+0:0:0:0:0, 1+0:0:0:0:0, 0+0:0:0:0:0, 1+0:0:0:0:0, 2+0:1:0:0:2, 0+0:0:0:0:0, 0+0:0:0:0:0, 1+0:0:1:0:0, 2+0:0:1:0:0, 1+0:0:0:0:0, 4+1:1:0:0:3, 1+0:0:0:0:0, 4+0:1:0:0:2, 0+0:0:0:0:0, 0+0:0:0:0:0, 1+0:0:0:0:0, 2+0:0:1:0:0, 0+0:0:0:0:0, 4+1:1:0:0:2, 0+0:0:0:0:0, 3+0:1:0:0:2, 50+4:8:4:0:20
B aeolian (5#), 1+0:0:0:0:0, 5+0:2:0:0:2, 8+0:3:0:0:3, 5+0:3:0:0:3, 1+0:0:1:0:1, 7+0:4:0:0:4, 8+0:6:1:0:6, 5+0:3:0:0:3, 5+0:1:0:0:1, 8+0:2:0:0:2, 4+0:2:0:0:2, 4+0:3:0:0:3, 5+0:3:0:0:3, 5+0:2:0:0:2, 4+0:1:0:0:1, 4+0:3:0:0:3, 4+0:3:0:0:3, 4+0:2:0:0:2, 1+0:0:0:0:0, 4+0:2:0:0:2, 2+0:1:0:0:1, 5+0:3:0:0:3, 1+0:0:0:0:0, 4+0:4:1:0:4, 5+0:3:1:0:3, 4+0:2:0:0:2, 5+0:1:0:0:1, 5+0:2:0:0:2, 8+0:3:0:0:3, 5+0:3:0:0:3, 1+0:0:1:0:1, 7+0:4:0:0:4, 8+0:6:1:0:6, 5+0:4:0:0:4, 8+0:2:0:0:2, 4+0:2:0:0:2, 6+0:2:0:0:2, 175+0:87:6:0:89
Db locrian (5b), 1+0:0:0:0:0, 3+0:0:0:0:0, 6+0:1:0:0:2, 2+0:0:0:0:0, 1+0:0:0:0:0, 3+0:0:0:0:0, 2+0:0:0:0:0, 2+0:0:0:0:0, 5+1:1:0:0:3, 6+1:1:0:0:2, 2+0:0:0:0:0, 1+0:0:0:0:0, 2+0:0:0:0:0, 3+0:0:0:0:0, 3+0:0:0:0:1, 1+0:0:0:0:0, 1+0:0:0:0:0, 2+0:0:0:0:0, 1+0:0:0:0:0, 2+0:0:0:0:0, 3+0:1:0:0:2, 2+0:0:0:0:0, 1+0:0:0:0:0, 0+0:0:0:0:0, 2+0:0:0:0:0, 2+0:0:0:0:0, 5+1:1:0:0:3, 3+0:0:0:0:0, 6+0:1:0:0:2, 2+0:0:0:0:0, 1+0:0:0:0:0, 3+0:0:0:0:0, 2+0:0:0:0:0, 1+0:0:0:0:0, 6+1:1:0:0:2, 2+0:0:0:0:0, 5+0:1:0:0:2, 95+4:8:0:0:19
B locrian (5#), 1+0:0:0:0:0, 5+0:2:0:0:1, 8+0:3:0:0:1, 5+0:3:0:0:2, 2+0:1:1:0:1, 7+0:4:0:0:2, 8+0:6:1:0:4, 5+0:3:0:0:2, 5+0:1:0:0:0, 8+0:2:0:0:1, 4+0:2:0:0:1, 4+0:3:0:0:2, 5+0:3:0:0:1, 5+0:2:0:0:1, 3+0:1:0:0:0, 4+0:3:0:0:2, 4+0:3:0:0:1, 4+0:2:0:0:1, 1+0:0:0:0:0, 4+0:2:0:0:1, 2+0:1:0:0:0, 5+0:3:0:0:1, 1+0:0:0:0:0, 4+0:4:1:0:3, 5+0:3:1:0:3, 4+0:2:0:0:1, 5+0:1:0:0:0, 5+0:2:0:0:1, 8+0:3:0:0:1, 5+0:3:0:0:2, 2+0:1:1:0:1, 7+0:4:0:0:2, 8+0:6:1:0:4, 5+0:4:0:0:2, 8+0:2:0:0:1, 4+0:2:0:0:1, 6+0:2:0:0:1, 176+0:89:6:0:48
Gb major (6b), 2+0:0:0:0:1, 2+0:0:0:0:0, 5+0:1:0:0:3, 1+0:0:0:0:0, 1+0:0:0:0:0, 2+0:0:0:0:0, 1+0:0:0:0:0, 1+0:0:0:0:0, 5+1:1:0:0:3, 5+1:1:0:0:2, 1+0:0:0:0:0, 0+0:0:0:0:0, 1+0:0:0:0:0, 2+0:0:0:0:0, 2+0:0:0:0:1, 0+0:0:0:0:0, 1+0:0:0:0:0, 2+0:0:0:0:0, 1+0:0:0:0:0, 1+0:0:0:0:0, 3+0:1:0:0:2, 1+0:0:0:0:0, 0+0:0:0:0:0, 0+0:0:0:0:0, 1+0:0:0:0:0, 1+0:0:0:0:0, 5+1:1:0:0:3, 2+0:0:0:0:0, 5+0:1:0:0:3, 1+0:0:0:0:0, 1+0:0:0:0:0, 2+0:0:0:0:0, 1+0:0:0:0:0, 0+0:0:0:0:0, 5+1:1:0:0:2, 1+0:0:0:0:0, 4+0:1:0:0:2, 69+4:8:0:0:22
F# major (6#), 2+0:0:0:0:0, 5+0:2:0:0:3, 8+0:3:0:0:4, 5+0:3:0:0:4, 1+0:0:1:0:1, 7+0:4:0:0:5, 8+0:6:1:0:7, 5+0:3:0:0:4, 6+0:1:0:0:1, 9+0:2:0:0:3, 4+0:2:0:0:3, 4+0:3:0:0:4, 5+0:3:0:0:3, 5+0:2:0:0:3, 4+0:1:0:0:2, 4+0:3:0:0:4, 4+0:3:0:0:3, 4+0:2:0:0:2, 1+0:0:0:0:0, 4+0:2:0:0:3, 3+0:1:0:0:1, 5+0:3:0:0:4, 0+0:0:0:0:0, 4+0:4:1:0:4, 5+0:3:1:0:4, 4+0:2:0:0:3, 6+0:1:0:0:1, 5+0:2:0:0:3, 8+0:3:0:0:4, 5+0:3:0:0:4, 1+0:0:1:0:1, 7+0:4:0:0:5, 8+0:6:1:0:7, 5+0:4:0:0:5, 9+0:2:0:0:3, 4+0:2:0:0:3, 7+0:2:0:0:3, 181+0:87:6:0:114
Eb minor (6b), 2+0:0:0:0:1, 2+0:0:0:0:0, 5+0:1:0:0:2, 2+0:0:0:0:0, 2+0:0:0:0:0, 3+0:0:0:0:0, 2+0:0:0:0:0, 2+0:0:0:0:0, 5+1:1:0:0:3, 6+1:1:0:0:2, 1+0:0:0:0:0, 1+0:0:0:0:0, 2+0:0:0:0:0, 2+0:0:0:0:0, 2+0:0:0:0:0, 1+0:0:0:0:0, 2+0:0:0:0:0, 2+0:0:0:0:0, 1+0:0:0:0:0, 2+0:0:0:0:0, 3+0:1:0:0:2, 1+0:0:0:0:0, 0+0:0:0:0:0, 0+0:0:0:0:0, 2+0:0:0:0:0, 2+0:0:0:0:0, 5+1:1:0:0:3, 2+0:0:0:0:0, 5+0:1:0:0:2, 2+0:0:0:0:0, 2+0:0:0:0:0, 3+0:0:0:0:0, 2+0:0:0:0:0, 1+0:0:0:0:0, 6+1:1:0:0:2, 1+0:0:0:0:0, 5+0:1:0:0:2, 89+4:8:0:0:19
D# minor (6#), 2+0:0:0:0:1, 5+0:2:0:0:5, 8+0:3:0:0:6, 5+0:3:0:0:5, 2+0:0:0:0:1, 7+0:4:0:0:7, 8+0:6:1:0:8, 5+0:3:0:0:5, 6+0:1:0:0:3, 9+0:2:0:0:6, 4+0:2:0:0:4, 4+0:3:0:0:4, 5+0:3:0:0:4, 5+0:2:0:0:5, 4+0:1:0:0:4, 4+0:3:0:0:4, 4+0:3:0:0:4, 4+0:2:0:0:4, 1+0:0:0:0:1, 4+0:2:0:0:4, 3+0:1:0:0:2, 5+0:3:0:0:5, 0+0:0:0:0:0, 4+0:4:1:0:4, 5+0:3:1:0:5, 4+0:2:0:0:4, 6+0:1:0:0:3, 5+0:2:0:0:5, 8+0:3:0:0:6, 5+0:3:0:0:5, 2+0:0:0:0:1, 7+0:4:0:0:7, 8+0:6:1:0:8, 5+0:4:0:0:5, 9+0:2:0:0:6, 4+0:2:0:0:4, 7+0:2:0:0:5, 183+0:87:4:0:160
Eb minor mel (6b), 2+0:0:0:0:2, 1+0:0:0:0:0, 4+0:1:0:0:2, 1+0:0:0:0:0, 1+0:0:0:0:0, 2+0:0:0:0:0, 3+0:0:1:0:0, 2+0:0:0:0:0, 4+1:1:0:0:3, 5+1:1:0:0:2, 0+0:0:0:0:0, 1+0:0:0:0:0, 2+0:0:0:0:0, 1+0:0:0:0:0, 1+0:0:0:0:0, 1+0:0:0:0:0, 2+0:0:0:0:0, 1+0:0:0:0:0, 0+0:0:0:0:0, 2+0:0:0:0:0, 2+0:1:0:0:2, 0+0:0:0:0:0, 0+0:0:0:0:0, 1+0:0:1:0:0, 3+0:0:1:0:0, 2+0:0:0:0:0, 4+1:1:0:0:3, 1+0:0:0:0:0, 4+0:1:0:0:2, 1+0:0:0:0:0, 1+0:0:0:0:0, 2+0:0:0:0:0, 3+0:0:1:0:0, 1+0:0:0:0:0, 5+1:1:0:0:2, 0+0:0:0:0:0, 4+0:1:0:0:2, 70+4:8:4:0:20
D# minor mel (6#), 2+0:1:1:0:1, 5+0:2:0:0:5, 8+0:3:0:0:6, 5+0:3:0:0:5, 1+0:0:0:0:0, 7+0:4:0:0:7, 8+0:6:1:0:8, 5+0:3:0:0:5, 6+0:1:0:0:3, 9+0:2:0:0:6, 4+0:2:0:0:4, 4+0:3:0:0:4, 5+0:3:0:0:4, 5+0:2:0:0:5, 4+0:1:0:0:4, 4+0:3:0:0:4, 4+0:3:0:0:4, 4+0:2:0:0:4, 0+0:0:0:0:0, 4+0:2:0:0:4, 3+0:1:0:0:2, 5+0:3:0:0:5, 0+0:0:0:0:0, 4+0:4:1:0:4, 5+0:3:1:0:5, 4+0:2:0:0:4, 6+0:1:0:0:3, 5+0:2:0:0:5, 8+0:3:0:0:6, 5+0:3:0:0:5, 1+0:0:0:0:0, 7+0:4:0:0:7, 8+0:6:1:0:8, 5+0:4:0:0:5, 9+0:2:0:0:6, 4+0:2:0:0:4, 7+0:2:0:0:5, 180+0:88:5:0:157
Gb major blues (6b), 3+0:0:0:0:2, 3+0:0:0:0:1, 6+0:1:0:0:3, 3+0:0:0:0:0, 2+0:0:0:0:0, 4+0:0:0:0:1, 4+0:0:1:0:1, 3+0:0:0:0:1, 6+1:1:0:0:4, 7+1:1:0:0:4, 2+0:0:0:0:0, 2+0:0:0:0:0, 3+0:0:0:0:1, 3+0:0:0:0:1, 3+0:0:0:0:1, 2+0:0:0:0:0, 2+0:0:0:0:1, 2+0:0:0:0:1, 1+0:0:0:0:0, 3+0:0:0:0:1, 4+0:1:0:0:2, 3+0:0:0:0:0, 1+0:0:0:0:0, 1+0:0:1:0:0, 3+0:0:1:0:1, 3+0:0:0:0:1, 6+1:1:0:0:4, 3+0:0:0:0:1, 6+0:1:0:0:3, 3+0:0:0:0:0, 2+0:0:0:0:0, 4+0:0:0:0:1, 4+0:0:1:0:1, 2+0:0:0:0:0, 7+1:1:0:0:4, 2+0:0:0:0:0, 6+0:1:0:0:3, 124+4:8:4:0:44
F# major blues (6#), 3+0:0:0:0:1, 5+0:2:0:0:4, 8+0:3:0:0:5, 5+0:3:0:0:5, 2+0:0:1:0:0, 7+0:4:0:0:6, 8+0:6:1:0:7, 5+0:3:0:0:4, 6+0:1:0:0:2, 9+0:2:0:0:4, 4+0:2:0:0:4, 4+0:3:0:0:4, 5+0:3:0:0:4, 5+0:2:0:0:4, 4+0:1:0:0:3, 4+0:3:0:0:4, 4+0:3:0:0:3, 4+0:2:0:0:3, 1+0:0:0:0:1, 4+0:2:0:0:3, 3+0:1:0:0:2, 5+0:3:0:0:5, 1+0:0:0:0:1, 4+0:4:1:0:4, 5+0:3:1:0:4, 4+0:2:0:0:3, 6+0:1:0:0:2, 5+0:2:0:0:4, 8+0:3:0:0:5, 5+0:3:0:0:5, 2+0:0:1:0:0, 7+0:4:0:0:6, 8+0:6:1:0:7, 5+0:4:0:0:5, 9+0:2:0:0:4, 4+0:2:0:0:4, 7+0:2:0:0:4, 185+0:87:6:0:136
Eb minor blues (6b), 3+0:0:0:0:2, 3+0:0:0:0:1, 6+0:1:0:0:3, 3+0:0:0:0:0, 2+0:0:0:0:0, 4+0:0:0:0:1, 4+0:0:1:0:1, 3+0:0:0:0:1, 6+1:1:0:0:4, 7+1:1:0:0:4, 2+0:0:0:0:0, 2+0:0:0:0:0, 3+0:0:0:0:1, 3+0:0:0:0:1, 3+0:0:0:0:1, 2+0:0:0:0:0, 2+0:0:0:0:1, 2+0:0:0:0:1, 1+0:0:0:0:0, 3+0:0:0:0:1, 4+0:1:0:0:2, 3+0:0:0:0:0, 1+0:0:0:0:0, 1+0:0:1:0:0, 3+0:0:1:0:1, 3+0:0:0:0:1, 6+1:1:0:0:4, 3+0:0:0:0:1, 6+0:1:0:0:3, 3+0:0:0:0:0, 2+0:0:0:0:0, 4+0:0:0:0:1, 4+0:0:1:0:1, 2+0:0:0:0:0, 7+1:1:0:0:4, 2+0:0:0:0:0, 6+0:1:0:0:3, 124+4:8:4:0:44
D# minor blues (6#), 2+0:1:1:0:1, 5+0:2:0:0:5, 8+0:3:0:0:6, 5+0:3:0:0:5, 1+0:0:0:0:0, 7+0:4:0:0:7, 8+0:6:1:0:8, 5+0:3:0:0:5, 6+0:1:0:0:3, 9+0:2:0:0:6, 4+0:2:0:0:4, 4+0:3:0:0:4, 5+0:3:0:0:5, 5+0:2:0:0:5, 4+0:1:0:0:4, 4+0:3:0:0:4, 4+0:3:0:0:4, 4+0:2:0:0:4, 0+0:0:0:0:0, 4+0:2:0:0:4, 3+0:1:0:0:2, 5+0:3:0:0:5, 1+0:0:0:0:1, 4+0:4:1:0:4, 5+0:3:1:0:5, 4+0:2:0:0:4, 6+0:1:0:0:3, 5+0:2:0:0:5, 8+0:3:0:0:6, 5+0:3:0:0:5, 1+0:0:0:0:0, 7+0:4:0:0:7, 8+0:6:1:0:8, 5+0:4:0:0:5, 9+0:2:0:0:6, 4+0:2:0:0:4, 7+0:2:0:0:5, 181+0:88:5:0:159
Gb dorian (6b), 2+0:0:0:0:2, 1+0:0:0:0:0, 4+0:1:0:0:2, 0+0:0:0:0:0, 0+0:0:0:0:0, 1+0:0:0:0:0, 2+0:0:1:0:0, 1+0:0:0:0:0, 4+1:1:0:0:3, 4+1:1:0:0:2, 0+0:0:0:0:0, 0+0:0:0:0:0, 1+0:0:0:0:0, 1+0:0:0:0:0, 1+0:0:0:0:0, 0+0:0:0:0:0, 1+0:0:0:0:0, 1+0:0:0:0:0, 0+0:0:0:0:0, 1+0:0:0:0:0, 2+0:1:0:0:2, 0+0:0:0:0:0, 0+0:0:0:0:0, 1+0:0:1:0:0, 2+0:0:1:0:0, 1+0:0:0:0:0, 4+1:1:0:0:3, 1+0:0:0:0:0, 4+0:1:0:0:2, 0+0:0:0:0:0, 0+0:0:0:0:0, 1+0:0:0:0:0, 2+0:0:1:0:0, 0+0:0:0:0:0, 4+1:1:0:0:2, 0+0:0:0:0:0, 3+0:1:0:0:2, 50+4:8:4:0:20
F# dorian (6#), 2+0:1:1:0:1, 5+0:2:0:0:4, 8+0:3:0:0:5, 5+0:3:0:0:5, 0+0:0:0:0:0, 7+0:4:0:0:6, 8+0:6:1:0:7, 5+0:3:0:0:4, 6+0:1:0:0:2, 9+0:2:0:0:4, 4+0:2:0:0:4, 4+0:3:0:0:4, 5+0:3:0:0:3, 5+0:2:0:0:4, 4+0:1:0:0:3, 4+0:3:0:0:4, 4+0:3:0:0:3, 4+0:2:0:0:3, 0+0:0:0:0:0, 4+0:2:0:0:3, 3+0:1:0:0:2, 5+0:3:0:0:5, 0+0:0:0:0:0, 4+0:4:1:0:4, 5+0:3:1:0:4, 4+0:2:0:0:3, 6+0:1:0:0:2, 5+0:2:0:0:4, 8+0:3:0:0:5, 5+0:3:0:0:5, 0+0:0:0:0:0, 7+0:4:0:0:6, 8+0:6:1:0:7, 5+0:4:0:0:5, 9+0:2:0:0:4, 4+0:2:0:0:4, 7+0:2:0:0:4, 178+0:88:5:0:133
Gb phrygian (6b), 1+0:0:0:0:0, 3+0:0:0:0:0, 6+0:1:0:0:2, 2+0:0:0:0:0, 1+0:0:0:0:0, 3+0:0:0:0:0, 2+0:0:0:0:0, 2+0:0:0:0:0, 5+1:1:0:0:3, 6+1:1:0:0:2, 2+0:0:0:0:0, 1+0:0:0:0:0, 2+0:0:0:0:0, 3+0:0:0:0:0, 3+0:0:0:0:1, 1+0:0:0:0:0, 1+0:0:0:0:0, 2+0:0:0:0:0, 1+0:0:0:0:0, 2+0:0:0:0:0, 3+0:1:0:0:2, 2+0:0:0:0:0, 1+0:0:0:0:0, 0+0:0:0:0:0, 2+0:0:0:0:0, 2+0:0:0:0:0, 5+1:1:0:0:3, 3+0:0:0:0:0, 6+0:1:0:0:2, 2+0:0:0:0:0, 1+0:0:0:0:0, 3+0:0:0:0:0, 2+0:0:0:0:0, 1+0:0:0:0:0, 6+1:1:0:0:2, 2+0:0:0:0:0, 5+0:1:0:0:2, 95+4:8:0:0:19
F# phrygian (6#), 1+0:0:0:0:0, 5+0:2:0:0:2, 8+0:3:0:0:3, 5+0:3:0:0:3, 1+0:0:1:0:1, 7+0:4:0:0:4, 8+0:6:1:0:6, 5+0:3:0:0:3, 5+0:1:0:0:1, 8+0:2:0:0:2, 4+0:2:0:0:2, 4+0:3:0:0:3, 5+0:3:0:0:3, 5+0:2:0:0:2, 4+0:1:0:0:1, 4+0:3:0:0:3, 4+0:3:0:0:3, 4+0:2:0:0:2, 1+0:0:0:0:0, 4+0:2:0:0:2, 2+0:1:0:0:1, 5+0:3:0:0:3, 1+0:0:0:0:0, 4+0:4:1:0:4, 5+0:3:1:0:3, 4+0:2:0:0:2, 5+0:1:0:0:1, 5+0:2:0:0:2, 8+0:3:0:0:3, 5+0:3:0:0:3, 1+0:0:1:0:1, 7+0:4:0:0:4, 8+0:6:1:0:6, 5+0:4:0:0:4, 8+0:2:0:0:2, 4+0:2:0:0:2, 6+0:2:0:0:2, 175+0:87:6:0:89
Gb lydian (6b), 2+0:0:0:0:2, 1+0:0:0:0:0, 4+0:1:0:0:2, 0+0:0:0:0:0, 0+0:0:0:0:0, 1+0:0:0:0:0, 2+0:0:1:0:0, 1+0:0:0:0:0, 4+1:1:0:0:3, 4+1:1:0:0:2, 0+0:0:0:0:0, 0+0:0:0:0:0, 1+0:0:0:0:0, 1+0:0:0:0:0, 1+0:0:0:0:0, 0+0:0:0:0:0, 1+0:0:0:0:0, 1+0:0:0:0:0, 0+0:0:0:0:0, 1+0:0:0:0:0, 2+0:1:0:0:2, 0+0:0:0:0:0, 0+0:0:0:0:0, 1+0:0:1:0:0, 2+0:0:1:0:0, 1+0:0:0:0:0, 4+1:1:0:0:3, 1+0:0:0:0:0, 4+0:1:0:0:2, 0+0:0:0:0:0, 0+0:0:0:0:0, 1+0:0:0:0:0, 2+0:0:1:0:0, 0+0:0:0:0:0, 4+1:1:0:0:2, 0+0:0:0:0:0, 3+0:1:0:0:2, 50+4:8:4:0:20
F# lydian (6#), 2+0:1:1:0:1, 5+0:2:0:0:4, 8+0:3:0:0:5, 5+0:3:0:0:5, 0+0:0:0:0:0, 7+0:4:0:0:6, 8+0:6:1:0:7, 5+0:3:0:0:4, 6+0:1:0:0:2, 9+0:2:0:0:4, 4+0:2:0:0:4, 4+0:3:0:0:4, 5+0:3:0:0:3, 5+0:2:0:0:4, 4+0:1:0:0:3, 4+0:3:0:0:4, 4+0:3:0:0:3, 4+0:2:0:0:3, 0+0:0:0:0:0, 4+0:2:0:0:3, 3+0:1:0:0:2, 5+0:3:0:0:5, 0+0:0:0:0:0, 4+0:4:1:0:4, 5+0:3:1:0:4, 4+0:2:0:0:3, 6+0:1:0:0:2, 5+0:2:0:0:4, 8+0:3:0:0:5, 5+0:3:0:0:5, 0+0:0:0:0:0, 7+0:4:0:0:6, 8+0:6:1:0:7, 5+0:4:0:0:5, 9+0:2:0:0:4, 4+0:2:0:0:4, 7+0:2:0:0:4, 178+0:88:5:0:133
Gb mixolydian (6b), 1+0:0:0:0:0, 3+0:0:0:0:0, 6+0:1:0:0:2, 2+0:0:0:0:0, 1+0:0:0:0:0, 3+0:0:0:0:0, 2+0:0:0:0:0, 2+0:0:0:0:0, 5+1:1:0:0:3, 6+1:1:0:0:2, 2+0:0:0:0:0, 1+0:0:0:0:0, 2+0:0:0:0:0, 3+0:0:0:0:0, 3+0:0:0:0:1, 1+0:0:0:0:0, 1+0:0:0:0:0, 2+0:0:0:0:0, 1+0:0:0:0:0, 2+0:0:0:0:0, 3+0:1:0:0:2, 2+0:0:0:0:0, 1+0:0:0:0:0, 0+0:0:0:0:0, 2+0:0:0:0:0, 2+0:0:0:0:0, 5+1:1:0:0:3, 3+0:0:0:0:0, 6+0:1:0:0:2, 2+0:0:0:0:0, 1+0:0:0:0:0, 3+0:0:0:0:0, 2+0:0:0:0:0, 1+0:0:0:0:0, 6+1:1:0:0:2, 2+0:0:0:0:0, 5+0:1:0:0:2, 95+4:8:0:0:19
F# mixolydian (6#), 1+0:0:0:0:0, 5+0:2:0:0:2, 8+0:3:0:0:3, 5+0:3:0:0:3, 1+0:0:1:0:1, 7+0:4:0:0:4, 8+0:6:1:0:6, 5+0:3:0:0:3, 5+0:1:0:0:1, 8+0:2:0:0:2, 4+0:2:0:0:2, 4+0:3:0:0:3, 5+0:3:0:0:3, 5+0:2:0:0:2, 4+0:1:0:0:1, 4+0:3:0:0:3, 4+0:3:0:0:3, 4+0:2:0:0:2, 1+0:0:0:0:0, 4+0:2:0:0:2, 2+0:1:0:0:1, 5+0:3:0:0:3, 1+0:0:0:0:0, 4+0:4:1:0:4, 5+0:3:1:0:3, 4+0:2:0:0:2, 5+0:1:0:0:1, 5+0:2:0:0:2, 8+0:3:0:0:3, 5+0:3:0:0:3, 1+0:0:1:0:1, 7+0:4:0:0:4, 8+0:6:1:0:6, 5+0:4:0:0:4, 8+0:2:0:0:2, 4+0:2:0:0:2, 6+0:2:0:0:2, 175+0:87:6:0:89
Gb aeolian (6b), 2+0:0:0:0:1, 2+0:0:0:0:0, 5+0:1:0:0:3, 1+0:0:0:0:0, 1+0:0:0:0:0, 2+0:0:0:0:0, 1+0:0:0:0:0, 1+0:0:0:0:0, 5+1:1:0:0:3, 5+1:1:0:0:2, 1+0:0:0:0:0, 0+0:0:0:0:0, 1+0:0:0:0:0, 2+0:0:0:0:0, 2+0:0:0:0:1, 0+0:0:0:0:0, 1+0:0:0:0:0, 2+0:0:0:0:0, 1+0:0:0:0:0, 1+0:0:0:0:0, 3+0:1:0:0:2, 1+0:0:0:0:0, 0+0:0:0:0:0, 0+0:0:0:0:0, 1+0:0:0:0:0, 1+0:0:0:0:0, 5+1:1:0:0:3, 2+0:0:0:0:0, 5+0:1:0:0:3, 1+0:0:0:0:0, 1+0:0:0:0:0, 2+0:0:0:0:0, 1+0:0:0:0:0, 0+0:0:0:0:0, 5+1:1:0:0:2, 1+0:0:0:0:0, 4+0:1:0:0:2, 69+4:8:0:0:22
F# aeolian (6#), 2+0:0:0:0:0, 5+0:2:0:0:3, 8+0:3:0:0:4, 5+0:3:0:0:4, 1+0:0:1:0:1, 7+0:4:0:0:5, 8+0:6:1:0:7, 5+0:3:0:0:4, 6+0:1:0:0:1, 9+0:2:0:0:3, 4+0:2:0:0:3, 4+0:3:0:0:4, 5+0:3:0:0:3, 5+0:2:0:0:3, 4+0:1:0:0:2, 4+0:3:0:0:4, 4+0:3:0:0:3, 4+0:2:0:0:2, 1+0:0:0:0:0, 4+0:2:0:0:3, 3+0:1:0:0:1, 5+0:3:0:0:4, 0+0:0:0:0:0, 4+0:4:1:0:4, 5+0:3:1:0:4, 4+0:2:0:0:3, 6+0:1:0:0:1, 5+0:2:0:0:3, 8+0:3:0:0:4, 5+0:3:0:0:4, 1+0:0:1:0:1, 7+0:4:0:0:5, 8+0:6:1:0:7, 5+0:4:0:0:5, 9+0:2:0:0:3, 4+0:2:0:0:3, 7+0:2:0:0:3, 181+0:87:6:0:114
Gb locrian (6b), 1+0:0:0:0:0, 3+0:0:0:0:1, 6+0:1:0:0:2, 3+0:0:0:0:0, 2+0:0:0:0:0, 4+0:0:0:0:1, 3+0:0:0:0:1, 3+0:0:0:0:1, 6+1:1:0:0:4, 7+1:1:0:0:4, 2+0:0:0:0:0, 2+0:0:0:0:0, 3+0:0:0:0:1, 3+0:0:0:0:1, 3+0:0:0:0:1, 2+0:0:0:0:0, 2+0:0:0:0:1, 2+0:0:0:0:1, 1+0:0:0:0:0, 3+0:0:0:0:1, 4+0:1:0:0:2, 3+0:0:0:0:0, 1+0:0:0:0:0, 0+0:0:0:0:0, 2+0:0:0:0:1, 3+0:0:0:0:1, 6+1:1:0:0:4, 3+0:0:0:0:1, 6+0:1:0:0:2, 3+0:0:0:0:0, 2+0:0:0:0:0, 4+0:0:0:0:1, 3+0:0:0:0:1, 2+0:0:0:0:0, 7+1:1:0:0:4, 2+0:0:0:0:0, 6+0:1:0:0:3, 118+4:8:0:0:40
F# locrian (6#), 1+0:0:0:0:0, 5+0:2:0:0:2, 8+0:3:0:0:3, 5+0:3:0:0:2, 2+0:1:1:0:1, 7+0:4:0:0:3, 8+0:6:1:0:5, 5+0:3:0:0:2, 5+0:1:0:0:0, 8+0:2:0:0:1, 4+0:2:0:0:2, 4+0:3:0:0:2, 5+0:3:0:0:2, 5+0:2:0:0:2, 3+0:1:0:0:1, 4+0:3:0:0:2, 4+0:3:0:0:2, 4+0:2:0:0:2, 1+0:0:0:0:0, 4+0:2:0:0:1, 2+0:1:0:0:0, 5+0:3:0:0:2, 1+0:0:0:0:0, 4+0:4:1:0:4, 5+0:3:1:0:3, 4+0:2:0:0:1, 5+0:1:0:0:0, 5+0:2:0:0:2, 8+0:3:0:0:3, 5+0:3:0:0:2, 2+0:1:1:0:1, 7+0:4:0:0:3, 8+0:6:1:0:5, 5+0:4:0:0:3, 8+0:2:0:0:1, 4+0:2:0:0:2, 6+0:2:0:0:1, 176+0:89:6:0:68
Cb major (7b), 1+0:0:0:0:0, 3+0:0:0:0:0, 6+0:1:0:0:2, 2+0:0:0:0:0, 1+0:0:0:0:0, 3+0:0:0:0:0, 2+0:0:0:0:0, 2+0:0:0:0:0, 5+1:1:0:0:3, 6+1:1:0:0:2, 2+0:0:0:0:0, 1+0:0:0:0:0, 2+0:0:0:0:0, 3+0:0:0:0:0, 3+0:0:0:0:1, 1+0:0:0:0:0, 1+0:0:0:0:0, 2+0:0:0:0:0, 1+0:0:0:0:0, 2+0:0:0:0:0, 3+0:1:0:0:2, 2+0:0:0:0:0, 1+0:0:0:0:0, 0+0:0:0:0:0, 2+0:0:0:0:0, 2+0:0:0:0:0, 5+1:1:0:0:3, 3+0:0:0:0:0, 6+0:1:0:0:2, 2+0:0:0:0:0, 1+0:0:0:0:0, 3+0:0:0:0:0, 2+0:0:0:0:0, 1+0:0:0:0:0, 6+1:1:0:0:2, 2+0:0:0:0:0, 5+0:1:0:0:2, 95+4:8:0:0:19
C# major (7#), 2+0:1:1:0:1, 5+0:2:0:0:4, 8+0:3:0:0:5, 5+0:3:0:0:5, 0+0:0:0:0:0, 7+0:4:0:0:6, 8+0:6:1:0:7, 5+0:3:0:0:4, 6+0:1:0:0:2, 9+0:2:0:0:4, 4+0:2:0:0:4, 4+0:3:0:0:4, 5+0:3:0:0:3, 5+0:2:0:0:4, 4+0:1:0:0:3, 4+0:3:0:0:4, 4+0:3:0:0:3, 4+0:2:0:0:3, 0+0:0:0:0:0, 4+0:2:0:0:3, 3+0:1:0:0:2, 5+0:3:0:0:5, 0+0:0:0:0:0, 4+0:4:1:0:4, 5+0:3:1:0:4, 4+0:2:0:0:3, 6+0:1:0:0:2, 5+0:2:0:0:4, 8+0:3:0:0:5, 5+0:3:0:0:5, 0+0:0:0:0:0, 7+0:4:0:0:6, 8+0:6:1:0:7, 5+0:4:0:0:5, 9+0:2:0:0:4, 4+0:2:0:0:4, 7+0:2:0:0:4, 178+0:88:5:0:133
Ab minor (7b), 1+0:0:0:0:0, 2+0:0:0:0:0, 6+0:1:0:0:2, 2+0:0:0:0:0, 1+0:0:0:0:0, 2+0:0:0:0:0, 3+0:0:0:0:0, 1+0:0:0:0:0, 5+1:1:0:0:3, 5+1:1:0:0:2, 2+0:0:0:0:0, 1+0:0:0:0:0, 1+0:0:0:0:0, 2+0:0:0:0:0, 3+0:0:0:0:1, 1+0:0:0:0:0, 0+0:0:0:0:0, 1+0:0:0:0:0, 1+0:0:0:0:0, 1+0:0:0:0:0, 3+0:1:0:0:2, 2+0:0:0:0:0, 1+0:0:0:0:0, 1+0:0:0:0:0, 1+0:0:0:0:0, 1+0:0:0:0:0, 5+1:1:0:0:3, 2+0:0:0:0:0, 6+0:1:0:0:2, 2+0:0:0:0:0, 1+0:0:0:0:0, 2+0:0:0:0:0, 3+0:0:0:0:0, 1+0:0:0:0:0, 5+1:1:0:0:2, 2+0:0:0:0:0, 4+0:1:0:0:2, 83+4:8:0:0:19
A# minor (7#), 3+0:1:1:0:2, 5+0:2:0:0:5, 8+0:3:0:0:7, 5+0:3:0:0:5, 0+0:0:0:0:0, 7+0:4:0:0:7, 8+0:6:1:0:8, 5+0:3:0:0:5, 7+0:1:0:0:4, 9+0:2:0:0:7, 4+0:2:0:0:4, 4+0:3:0:0:4, 5+0:3:0:0:4, 5+0:2:0:0:5, 4+0:1:0:0:4, 4+0:3:0:0:4, 4+0:3:0:0:4, 4+0:2:0:0:4, 0+0:0:0:0:0, 4+0:2:0:0:4, 4+0:1:0:0:3, 5+0:3:0:0:5, 1+0:0:0:0:0, 4+0:4:1:0:4, 5+0:3:1:0:5, 4+0:2:0:0:4, 7+0:1:0:0:4, 5+0:2:0:0:5, 8+0:3:0:0:7, 5+0:3:0:0:5, 0+0:0:0:0:0, 7+0:4:0:0:7, 8+0:6:1:0:8, 5+0:4:0:0:5, 9+0:2:0:0:7, 4+0:2:0:0:4, 7+0:2:0:0:6, 183+0:88:5:0:166
Ab minor mel (7b), 2+0:0:0:0:1, 1+0:0:0:0:0, 5+0:1:0:0:3, 1+0:0:0:0:0, 1+0:0:0:0:0, 1+0:0:0:0:0, 2+0:0:0:0:0, 0+0:0:0:0:0, 5+1:1:0:0:3, 4+1:1:0:0:2, 1+0:0:0:0:0, 0+0:0:0:0:0, 0+0:0:0:0:0, 1+0:0:0:0:0, 2+0:0:0:0:1, 0+0:0:0:0:0, 0+0:0:0:0:0, 1+0:0:0:0:0, 1+0:0:0:0:0, 0+0:0:0:0:0, 3+0:1:0:0:2, 1+0:0:0:0:0, 0+0:0:0:0:0, 1+0:0:0:0:0, 0+0:0:0:0:0, 0+0:0:0:0:0, 5+1:1:0:0:3, 1+0:0:0:0:0, 5+0:1:0:0:3, 1+0:0:0:0:0, 1+0:0:0:0:0, 1+0:0:0:0:0, 2+0:0:0:0:0, 0+0:0:0:0:0, 4+1:1:0:0:2, 1+0:0:0:0:0, 3+0:1:0:0:2, 57+4:8:0:0:22
A# minor mel (7#), 3+0:1:1:0:2, 5+0:2:0:0:5, 8+0:3:0:0:7, 5+0:3:0:0:5, 0+0:0:0:0:0, 7+0:4:0:0:7, 8+0:6:1:0:8, 5+0:3:0:0:5, 5+0:1:0:0:3, 9+0:2:0:0:7, 4+0:2:0:0:4, 4+0:3:0:0:4, 5+0:3:0:0:4, 5+0:2:0:0:5, 4+0:1:0:0:4, 4+0:3:0:0:4, 4+0:3:0:0:4, 4+0:2:0:0:4, 0+0:0:0:0:0, 4+0:2:0:0:4, 4+0:1:0:0:3, 5+0:3:0:0:5, 1+0:0:0:0:0, 4+0:4:1:0:4, 5+0:3:1:0:5, 4+0:2:0:0:4, 5+0:1:0:0:3, 5+0:2:0:0:5, 8+0:3:0:0:7, 5+0:3:0:0:5, 0+0:0:0:0:0, 7+0:4:0:0:7, 8+0:6:1:0:8, 5+0:4:0:0:5, 9+0:2:0:0:7, 4+0:2:0:0:4, 7+0:2:0:0:6, 179+0:88:5:0:164
Cb major blues (7b), 2+0:0:0:0:2, 4+0:0:0:0:2, 7+0:1:0:0:4, 3+0:0:0:0:1, 2+0:0:0:0:1, 5+0:0:0:0:2, 4+0:0:0:0:1, 3+0:0:0:0:1, 6+1:1:0:0:5, 7+1:1:0:0:5, 3+0:0:0:0:1, 2+0:0:0:0:0, 4+0:0:0:0:1, 4+0:0:0:0:2, 4+0:0:0:0:2, 2+0:0:0:0:0, 3+0:0:0:0:1, 3+0:0:0:0:2, 1+0:0:0:0:1, 3+0:0:0:0:1, 4+0:1:0:0:3, 4+0:0:0:0:1, 1+0:0:0:0:0, 1+0:0:0:0:0, 2+0:0:0:0:1, 3+0:0:0:0:1, 6+1:1:0:0:5, 4+0:0:0:0:2, 7+0:1:0:0:4, 3+0:0:0:0:1, 2+0:0:0:0:1, 5+0:0:0:0:2, 4+0:0:0:0:1, 3+0:0:0:0:0, 7+1:1:0:0:5, 3+0:0:0:0:1, 6+0:1:0:0:4, 137+4:8:0:0:67
C# major blues (7#), 3+0:0:0:0:1, 5+0:2:0:0:5, 8+0:3:0:0:5, 5+0:3:0:0:5, 1+0:0:1:0:0, 7+0:4:0:0:7, 8+0:6:1:0:8, 5+0:3:0:0:5, 6+0:1:0:0:3, 9+0:2:0:0:6, 4+0:2:0:0:4, 4+0:3:0:0:4, 5+0:3:0:0:4, 5+0:2:0:0:5, 4+0:1:0:0:3, 4+0:3:0:0:4, 4+0:3:0:0:4, 4+0:2:0:0:4, 1+0:0:0:0:1, 4+0:2:0:0:4, 3+0:1:0:0:2, 5+0:3:0:0:5, 1+0:0:0:0:0, 4+0:4:1:0:4, 5+0:3:1:0:5, 4+0:2:0:0:4, 6+0:1:0:0:3, 5+0:2:0:0:5, 8+0:3:0:0:5, 5+0:3:0:0:5, 1+0:0:1:0:0, 7+0:4:0:0:7, 8+0:6:1:0:8, 5+0:4:0:0:5, 9+0:2:0:0:6, 4+0:2:0:0:4, 7+0:2:0:0:5, 183+0:87:6:0:155
Ab minor blues (7b), 2+0:0:0:0:2, 4+0:0:0:0:2, 7+0:1:0:0:4, 3+0:0:0:0:1, 2+0:0:0:0:1, 5+0:0:0:0:2, 4+0:0:0:0:1, 3+0:0:0:0:1, 6+1:1:0:0:5, 7+1:1:0:0:5, 3+0:0:0:0:1, 2+0:0:0:0:0, 4+0:0:0:0:1, 4+0:0:0:0:2, 4+0:0:0:0:2, 2+0:0:0:0:0, 3+0:0:0:0:1, 3+0:0:0:0:2, 1+0:0:0:0:1, 3+0:0:0:0:1, 4+0:1:0:0:3, 4+0:0:0:0:1, 1+0:0:0:0:0, 1+0:0:0:0:0, 2+0:0:0:0:1, 3+0:0:0:0:1, 6+1:1:0:0:5, 4+0:0:0:0:2, 7+0:1:0:0:4, 3+0:0:0:0:1, 2+0:0:0:0:1, 5+0:0:0:0:2, 4+0:0:0:0:1, 3+0:0:0:0:0, 7+1:1:0:0:5, 3+0:0:0:0:1, 6+0:1:0:0:4, 137+4:8:0:0:67
A# minor blues (7#), 3+0:0:0:0:1, 5+0:2:0:0:5, 8+0:3:0:0:5, 5+0:3:0:0:5, 1+0:0:1:0:0, 7+0:4:0:0:7, 8+0:6:1:0:8, 5+0:3:0:0:5, 6+0:1:0:0:3, 9+0:2:0:0:6, 4+0:2:0:0:4, 4+0:3:0:0:4, 5+0:3:0:0:4, 5+0:2:0:0:5, 4+0:1:0:0:3, 4+0:3:0:0:4, 4+0:3:0:0:4, 4+0:2:0:0:4, 1+0:0:0:0:1, 4+0:2:0:0:4, 3+0:1:0:0:2, 5+0:3:0:0:5, 1+0:0:0:0:0, 4+0:4:1:0:4, 5+0:3:1:0:5, 4+0:2:0:0:4, 6+0:1:0:0:3, 5+0:2:0:0:5, 8+0:3:0:0:5, 5+0:3:0:0:5, 1+0:0:1:0:0, 7+0:4:0:0:7, 8+0:6:1:0:8, 5+0:4:0:0:5, 9+0:2:0:0:6, 4+0:2:0:0:4, 7+0:2:0:0:5, 183+0:87:6:0:155
Cb dorian (7b), 2+0:0:0:0:1, 2+0:0:0:0:0, 5+0:1:0:0:3, 1+0:0:0:0:0, 1+0:0:0:0:0, 2+0:0:0:0:0, 1+0:0:0:0:0, 1+0:0:0:0:0, 5+1:1:0:0:3, 5+1:1:0:0:2, 1+0:0:0:0:0, 0+0:0:0:0:0, 1+0:0:0:0:0, 2+0:0:0:0:0, 2+0:0:0:0:1, 0+0:0:0:0:0, 1+0:0:0:0:0, 2+0:0:0:0:0, 1+0:0:0:0:0, 1+0:0:0:0:0, 3+0:1:0:0:2, 1+0:0:0:0:0, 0+0:0:0:0:0, 0+0:0:0:0:0, 1+0:0:0:0:0, 1+0:0:0:0:0, 5+1:1:0:0:3, 2+0:0:0:0:0, 5+0:1:0:0:3, 1+0:0:0:0:0, 1+0:0:0:0:0, 2+0:0:0:0:0, 1+0:0:0:0:0, 0+0:0:0:0:0, 5+1:1:0:0:2, 1+0:0:0:0:0, 4+0:1:0:0:2, 69+4:8:0:0:22
C# dorian (7#), 2+0:1:1:0:1, 5+0:2:0:0:5, 8+0:3:0:0:5, 5+0:3:0:0:5, 0+0:0:0:0:0, 7+0:4:0:0:7, 8+0:6:1:0:8, 5+0:3:0:0:5, 4+0:1:0:0:2, 9+0:2:0:0:6, 4+0:2:0:0:4, 4+0:3:0:0:4, 5+0:3:0:0:4, 5+0:2:0:0:5, 4+0:1:0:0:3, 4+0:3:0:0:4, 4+0:3:0:0:4, 4+0:2:0:0:4, 0+0:0:0:0:0, 4+0:2:0:0:4, 3+0:1:0:0:2, 5+0:3:0:0:5, 0+0:0:0:0:0, 4+0:4:1:0:4, 5+0:3:1:0:5, 4+0:2:0:0:4, 4+0:1:0:0:2, 5+0:2:0:0:5, 8+0:3:0:0:5, 5+0:3:0:0:5, 0+0:0:0:0:0, 7+0:4:0:0:7, 8+0:6:1:0:8, 5+0:4:0:0:5, 9+0:2:0:0:6, 4+0:2:0:0:4, 7+0:2:0:0:5, 174+0:88:5:0:152
Cb phrygian (7b), 1+0:0:0:0:0, 3+0:0:0:0:1, 6+0:1:0:0:2, 3+0:0:0:0:0, 2+0:0:0:0:0, 4+0:0:0:0:1, 3+0:0:0:0:1, 3+0:0:0:0:1, 6+1:1:0:0:4, 7+1:1:0:0:4, 2+0:0:0:0:0, 2+0:0:0:0:0, 3+0:0:0:0:1, 3+0:0:0:0:1, 3+0:0:0:0:1, 2+0:0:0:0:0, 2+0:0:0:0:1, 2+0:0:0:0:1, 1+0:0:0:0:0, 3+0:0:0:0:1, 4+0:1:0:0:2, 3+0:0:0:0:0, 1+0:0:0:0:0, 0+0:0:0:0:0, 2+0:0:0:0:1, 3+0:0:0:0:1, 6+1:1:0:0:4, 3+0:0:0:0:1, 6+0:1:0:0:2, 3+0:0:0:0:0, 2+0:0:0:0:0, 4+0:0:0:0:1, 3+0:0:0:0:1, 2+0:0:0:0:0, 7+1:1:0:0:4, 2+0:0:0:0:0, 6+0:1:0:0:3, 118+4:8:0:0:40
C# phrygian (7#), 2+0:0:0:0:0, 5+0:2:0:0:3, 8+0:3:0:0:4, 5+0:3:0:0:4, 1+0:0:1:0:1, 7+0:4:0:0:5, 8+0:6:1:0:7, 5+0:3:0:0:4, 6+0:1:0:0:1, 9+0:2:0:0:3, 4+0:2:0:0:3, 4+0:3:0:0:4, 5+0:3:0:0:3, 5+0:2:0:0:3, 4+0:1:0:0:2, 4+0:3:0:0:4, 4+0:3:0:0:3, 4+0:2:0:0:2, 1+0:0:0:0:0, 4+0:2:0:0:3, 3+0:1:0:0:1, 5+0:3:0:0:4, 0+0:0:0:0:0, 4+0:4:1:0:4, 5+0:3:1:0:4, 4+0:2:0:0:3, 6+0:1:0:0:1, 5+0:2:0:0:3, 8+0:3:0:0:4, 5+0:3:0:0:4, 1+0:0:1:0:1, 7+0:4:0:0:5, 8+0:6:1:0:7, 5+0:4:0:0:5, 9+0:2:0:0:3, 4+0:2:0:0:3, 7+0:2:0:0:3, 181+0:87:6:0:114
Cb lydian (7b), 2+0:0:0:0:1, 2+0:0:0:0:0, 5+0:1:0:0:3, 1+0:0:0:0:0, 1+0:0:0:0:0, 2+0:0:0:0:0, 1+0:0:0:0:0, 1+0:0:0:0:0, 5+1:1:0:0:3, 5+1:1:0:0:2, 1+0:0:0:0:0, 0+0:0:0:0:0, 1+0:0:0:0:0, 2+0:0:0:0:0, 2+0:0:0:0:1, 0+0:0:0:0:0, 1+0:0:0:0:0, 2+0:0:0:0:0, 1+0:0:0:0:0, 1+0:0:0:0:0, 3+0:1:0:0:2, 1+0:0:0:0:0, 0+0:0:0:0:0, 0+0:0:0:0:0, 1+0:0:0:0:0, 1+0:0:0:0:0, 5+1:1:0:0:3, 2+0:0:0:0:0, 5+0:1:0:0:3, 1+0:0:0:0:0, 1+0:0:0:0:0, 2+0:0:0:0:0, 1+0:0:0:0:0, 0+0:0:0:0:0, 5+1:1:0:0:2, 1+0:0:0:0:0, 4+0:1:0:0:2, 69+4:8:0:0:22
C# lydian (7#), 2+0:1:1:0:1, 5+0:2:0:0:5, 8+0:3:0:0:5, 5+0:3:0:0:5, 0+0:0:0:0:0, 7+0:4:0:0:7, 8+0:6:1:0:8, 5+0:3:0:0:5, 4+0:1:0:0:2, 9+0:2:0:0:6, 4+0:2:0:0:4, 4+0:3:0:0:4, 5+0:3:0:0:4, 5+0:2:0:0:5, 4+0:1:0:0:3, 4+0:3:0:0:4, 4+0:3:0:0:4, 4+0:2:0:0:4, 0+0:0:0:0:0, 4+0:2:0:0:4, 3+0:1:0:0:2, 5+0:3:0:0:5, 0+0:0:0:0:0, 4+0:4:1:0:4, 5+0:3:1:0:5, 4+0:2:0:0:4, 4+0:1:0:0:2, 5+0:2:0:0:5, 8+0:3:0:0:5, 5+0:3:0:0:5, 0+0:0:0:0:0, 7+0:4:0:0:7, 8+0:6:1:0:8, 5+0:4:0:0:5, 9+0:2:0:0:6, 4+0:2:0:0:4, 7+0:2:0:0:5, 174+0:88:5:0:152
Cb mixolydian (7b), 1+0:0:0:0:0, 3+0:0:0:0:1, 6+0:1:0:0:2, 3+0:0:0:0:0, 2+0:0:0:0:0, 4+0:0:0:0:1, 3+0:0:0:0:1, 3+0:0:0:0:1, 6+1:1:0:0:4, 7+1:1:0:0:4, 2+0:0:0:0:0, 2+0:0:0:0:0, 3+0:0:0:0:1, 3+0:0:0:0:1, 3+0:0:0:0:1, 2+0:0:0:0:0, 2+0:0:0:0:1, 2+0:0:0:0:1, 1+0:0:0:0:0, 3+0:0:0:0:1, 4+0:1:0:0:2, 3+0:0:0:0:0, 1+0:0:0:0:0, 0+0:0:0:0:0, 2+0:0:0:0:1, 3+0:0:0:0:1, 6+1:1:0:0:4, 3+0:0:0:0:1, 6+0:1:0:0:2, 3+0:0:0:0:0, 2+0:0:0:0:0, 4+0:0:0:0:1, 3+0:0:0:0:1, 2+0:0:0:0:0, 7+1:1:0:0:4, 2+0:0:0:0:0, 6+0:1:0:0:3, 118+4:8:0:0:40
C# mixolydian (7#), 2+0:0:0:0:0, 5+0:2:0:0:3, 8+0:3:0:0:4, 5+0:3:0:0:4, 1+0:0:1:0:1, 7+0:4:0:0:5, 8+0:6:1:0:7, 5+0:3:0:0:4, 6+0:1:0:0:1, 9+0:2:0:0:3, 4+0:2:0:0:3, 4+0:3:0:0:4, 5+0:3:0:0:3, 5+0:2:0:0:3, 4+0:1:0:0:2, 4+0:3:0:0:4, 4+0:3:0:0:3, 4+0:2:0:0:2, 1+0:0:0:0:0, 4+0:2:0:0:3, 3+0:1:0:0:1, 5+0:3:0:0:4, 0+0:0:0:0:0, 4+0:4:1:0:4, 5+0:3:1:0:4, 4+0:2:0:0:3, 6+0:1:0:0:1, 5+0:2:0:0:3, 8+0:3:0:0:4, 5+0:3:0:0:4, 1+0:0:1:0:1, 7+0:4:0:0:5, 8+0:6:1:0:7, 5+0:4:0:0:5, 9+0:2:0:0:3, 4+0:2:0:0:3, 7+0:2:0:0:3, 181+0:87:6:0:114
Cb aeolian (7b), 1+0:0:0:0:0, 3+0:0:0:0:0, 6+0:1:0:0:2, 2+0:0:0:0:0, 1+0:0:0:0:0, 3+0:0:0:0:0, 2+0:0:0:0:0, 2+0:0:0:0:0, 5+1:1:0:0:3, 6+1:1:0:0:2, 2+0:0:0:0:0, 1+0:0:0:0:0, 2+0:0:0:0:0, 3+0:0:0:0:0, 3+0:0:0:0:1, 1+0:0:0:0:0, 1+0:0:0:0:0, 2+0:0:0:0:0, 1+0:0:0:0:0, 2+0:0:0:0:0, 3+0:1:0:0:2, 2+0:0:0:0:0, 1+0:0:0:0:0, 0+0:0:0:0:0, 2+0:0:0:0:0, 2+0:0:0:0:0, 5+1:1:0:0:3, 3+0:0:0:0:0, 6+0:1:0:0:2, 2+0:0:0:0:0, 1+0:0:0:0:0, 3+0:0:0:0:0, 2+0:0:0:0:0, 1+0:0:0:0:0, 6+1:1:0:0:2, 2+0:0:0:0:0, 5+0:1:0:0:2, 95+4:8:0:0:19
C# aeolian (7#), 2+0:1:1:0:1, 5+0:2:0:0:4, 8+0:3:0:0:5, 5+0:3:0:0:5, 0+0:0:0:0:0, 7+0:4:0:0:6, 8+0:6:1:0:7, 5+0:3:0:0:4, 6+0:1:0:0:2, 9+0:2:0:0:4, 4+0:2:0:0:4, 4+0:3:0:0:4, 5+0:3:0:0:3, 5+0:2:0:0:4, 4+0:1:0:0:3, 4+0:3:0:0:4, 4+0:3:0:0:3, 4+0:2:0:0:3, 0+0:0:0:0:0, 4+0:2:0:0:3, 3+0:1:0:0:2, 5+0:3:0:0:5, 0+0:0:0:0:0, 4+0:4:1:0:4, 5+0:3:1:0:4, 4+0:2:0:0:3, 6+0:1:0:0:2, 5+0:2:0:0:4, 8+0:3:0:0:5, 5+0:3:0:0:5, 0+0:0:0:0:0, 7+0:4:0:0:6, 8+0:6:1:0:7, 5+0:4:0:0:5, 9+0:2:0:0:4, 4+0:2:0:0:4, 7+0:2:0:0:4, 178+0:88:5:0:133
Cb locrian (7b), 1+0:0:0:0:1, 4+0:0:0:0:2, 7+0:1:0:0:3, 3+0:0:0:0:1, 2+0:0:0:0:1, 5+0:0:0:0:2, 4+0:0:0:0:1, 3+0:0:0:0:1, 6+1:1:0:0:5, 7+1:1:0:0:5, 3+0:0:0:0:1, 2+0:0:0:0:0, 4+0:0:0:0:1, 4+0:0:0:0:2, 4+0:0:0:0:2, 2+0:0:0:0:0, 3+0:0:0:0:1, 3+0:0:0:0:2, 1+0:0:0:0:1, 3+0:0:0:0:1, 4+0:1:0:0:3, 4+0:0:0:0:1, 1+0:0:0:0:0, 1+0:0:0:0:0, 2+0:0:0:0:1, 3+0:0:0:0:1, 6+1:1:0:0:5, 4+0:0:0:0:2, 7+0:1:0:0:3, 3+0:0:0:0:1, 2+0:0:0:0:1, 5+0:0:0:0:2, 4+0:0:0:0:1, 3+0:0:0:0:0, 7+1:1:0:0:5, 3+0:0:0:0:1, 6+0:1:0:0:4, 136+4:8:0:0:64
C# locrian (7#), 1+0:0:0:0:0, 5+0:2:0:0:2, 8+0:3:0:0:3, 5+0:3:0:0:3, 1+0:0:1:0:1, 7+0:4:0:0:4, 8+0:6:1:0:6, 5+0:3:0:0:3, 5+0:1:0:0:1, 8+0:2:0:0:2, 4+0:2:0:0:2, 4+0:3:0:0:3, 5+0:3:0:0:3, 5+0:2:0:0:2, 4+0:1:0:0:1, 4+0:3:0:0:3, 4+0:3:0:0:3, 4+0:2:0:0:2, 1+0:0:0:0:0, 4+0:2:0:0:2, 2+0:1:0:0:1, 5+0:3:0:0:3, 1+0:0:0:0:0, 4+0:4:1:0:4, 5+0:3:1:0:3, 4+0:2:0:0:2, 5+0:1:0:0:1, 5+0:2:0:0:2, 8+0:3:0:0:3, 5+0:3:0:0:3, 1+0:0:1:0:1, 7+0:4:0:0:4, 8+0:6:1:0:6, 5+0:4:0:0:4, 8+0:2:0:0:2, 4+0:2:0:0:2, 6+0:2:0:0:2, 175+0:87:6:0:89
