 , 0, 1, 2, 3, 4, 5, 6, 7, 8, 9, 10, 11, 12, 13, 14, 15, 16, 17, 18, 19, 20, 21, 22, 23, 24, 25, 26, 27, 28, 29, 30, 31, 32, 33, 34, 35, 36, 37, 38, 39, 40, 41, 42, 43, 44, 45, 46, 47, 48, 49, 50, 51, 52, 53, 54, 55, 56, 57, 58, 59, 60, 61, 62, 63, 64, 65, 66, 67, 68, 69, 70, 71, 72, 73, 74, 75, 76, 77, 78, 79, 80, 81, 82, 83, 84, 85, 86, 87, 88, 89, 90, 91, 92, 93, 94, 95, 96, 97, 98, 99, 100, 101, 102, 103, 104, 105, 106, 107, 108, 109, 110, 111, 112, 113, 114, 115, 116, 117, 118, 119, 120, 121, 122, 123, 124, 125, 126, 127, 128, 129, 130, 131, 132, 133, 134, 135, 136, 137, 138, 139, 140, 141, 142, 143, 144, 145, 146, 147, 148, 149, 150, 151, 152, 153, 154, 155, 156, 157, 158, 159, 160, 161, 162, 163, 164, 165, 166, 167, 168, 169, 170, 171, 172, 173, 174, 175, 176, 177, 178, rowcost
C major (0),  , 0+0+0:0:0:0:0, 1+0+0:0:0:0:0, 0+0+0:0:0:0:0, 3+0+0:0:0:0:0, 2+0+0:0:0:0:0, 4+0+0:0:0:0:0, 0+0+0:0:0:0:0, 2+0+0:0:0:0:0, 1+0+0:0:0:0:0, 1+0+0:0:0:0:0, 0+0+0:0:0:0:0, 3+0+1:0:0:0:0, 2+0+1:0:0:0:0, 2+0+1:0:0:0:0, 1+0+1:0:0:0:0, 2+0+0:0:0:0:0, 1+0+0:0:0:0:0, 2+0+0:0:0:0:0, 1+0+0:0:0:0:0, 1+0+0:0:0:0:0, 0+0+0:0:0:0:0, 1+0+0:0:0:0:0, 1+0+0:0:0:0:0, 1+0+0:0:0:0:0, 0+0+0:0:0:0:0, 0+0+0:0:0:0:0, 0+0+0:0:0:0:0, 2+0+0:0:0:0:0, 2+0+1:0:0:0:0, 2+0+1:0:0:0:0, 1+0+1:0:0:0:0, 2+0+0:0:0:0:0, 2+0+0:0:0:0:0, 2+0+0:0:0:0:0, 0+0+0:0:0:0:0, 2+0+1:0:0:0:0, 0+0+0:0:0:0:0, 3+0+0:0:0:0:0, 2+0+1:0:0:0:0, 3+0+1:0:0:0:0, 0+0+0:0:0:0:0, 2+0+0:0:0:0:0, 1+0+1:0:0:0:0, 0+0+0:0:0:0:0, 1+0+0:0:0:0:0, 2+0+0:0:0:0:0, 2+0+1:0:0:0:0, 3+0+3:0:0:0:0, 0+0+0:0:0:0:0, 2+0+0:0:0:0:0, 0+0+0:0:0:0:0, 2+0+1:0:0:0:0, 0+0+0:0:0:0:0, 1+0+0:0:0:0:0, 0+0+0:0:0:0:0, 1+0+0:0:0:0:0, 1+0+0:0:0:0:0, 1+0+0:0:0:0:0, 2+0+1:0:0:0:0, 0+0+0:0:0:0:0, 1+0+1:0:0:0:0, 3+0+0:0:0:0:0, 2+0+1:0:0:0:0, 3+0+2:0:0:0:0, 0+0+0:0:0:0:0, 3+0+0:0:0:0:0, 1+0+0:0:0:0:0, 2+0+0:0:0:0:0, 1+0+0:0:0:0:0, 1+0+0:0:0:0:0, 0+0+0:0:0:0:0, 3+0+0:0:0:0:0, 2+0+2:0:0:0:0, 2+0+0:0:0:0:0, 0+0+0:0:0:0:0, 3+0+0:0:0:0:0, 1+0+0:0:0:0:0, 0+0+0:0:0:0:0, 0+0+0:0:0:0:0, 3+0+0:0:0:0:0, 2+0+1:0:0:0:0, 4+0+0:0:0:0:0, 1+0+0:0:0:0:0, 2+0+0:0:0:0:0, 0+0+0:0:0:0:0, 0+0+0:0:0:0:0, 0+0+0:0:0:0:0, 2+0+1:0:0:0:0, 0+0+0:0:0:0:0, 1+0+0:0:0:0:0, 2+0+1:0:0:0:0, 1+0+0:0:0:0:0, 1+0+0:0:0:0:0, 1+0+0:0:0:0:0, 2+0+1:0:0:0:0, 2+0+0:0:0:0:0, 2+0+1:0:0:0:0, 3+0+2:0:0:0:0, 1+0+1:0:0:0:0, 3+0+0:0:0:0:0, 2+0+0:0:0:0:0, 2+0+0:0:0:0:0, 0+0+0:0:0:0:0, 0+0+0:0:0:0:0, 0+0+0:0:0:0:0, 3+0+0:0:0:0:0, 2+0+1:0:0:0:0, 3+0+1:0:0:0:0, 1+0+1:0:0:0:0, 0+0+0:0:0:0:0, 1+0+0:0:0:0:0, 0+0+0:0:0:0:0, 1+0+0:0:0:0:0, 2+0+0:0:0:0:0, 2+0+1:0:0:0:0, 5+0+2:0:0:0:0, 0+0+0:0:0:0:0, 2+0+0:0:0:0:0, 0+0+0:0:0:0:0, 2+0+0:0:0:0:0, 0+0+0:0:0:0:0, 0+0+0:0:0:0:0, 2+0+1:0:0:0:0, 1+0+2:0:0:0:0, 1+0+0:0:0:0:0, 1+0+0:0:0:0:0, 2+0+1:0:0:0:0, 1+0+0:0:0:0:0, 1+0+0:0:0:0:0, 2+0+1:0:0:0:0, 2+0+0:0:0:0:0, 3+0+0:0:0:0:0, 0+0+0:0:0:0:0, 3+0+0:0:0:0:0, 2+0+0:0:0:0:0, 1+0+0:0:0:0:0, 2+0+1:0:0:0:0, 0+0+0:0:0:0:0, 0+0+0:0:0:0:0, 3+0+0:0:0:0:0, 2+0+1:0:0:0:0, 5+0+2:0:0:0:0, 1+0+0:0:0:0:0, 2+0+0:0:0:0:0, 1+0+1:0:0:0:0, 0+0+0:0:0:0:0, 1+0+2:0:0:0:1, 2+0+1:0:0:0:0, 3+0+3:0:0:0:0, 2+0+3:1:0:0:0, 1+0+0:0:0:0:0, 2+0+0:0:0:0:0, 1+0+0:0:0:0:0, 1+0+0:0:0:0:0, 0+0+0:0:0:0:0, 2+0+1:0:0:0:0, 0+0+0:0:0:0:0, 2+0+0:0:0:0:0, 1+0+0:0:0:0:0, 1+0+0:0:0:0:0, 0+0+0:0:0:0:0, 0+0+0:0:0:0:0, 0+0+0:0:0:0:0, 2+0+0:0:0:0:0, 2+0+1:0:0:0:0, 3+0+2:0:0:0:0, 0+0+0:0:0:0:0, 2+0+0:0:0:0:0, 1+0+0:0:0:0:0, 1+0+0:0:0:0:0, 1+0+0:0:0:0:0, 2+0+0:0:0:0:0, 2+0+0:0:0:0:0, 3+0+1:0:0:0:0, 1+0+1:0:0:0:0, 1+0+0:0:0:0:0, 1+0+0:0:0:0:0, 1+0+0:0:0:0:0, 245+0+62:1:0:0:1
A minor (0),  , 0+0+0:0:0:0:0, 1+0+0:0:0:0:0, 0+0+0:0:0:0:0, 3+0+2:0:0:0:0, 3+0+0:0:0:0:0, 3+0+0:0:0:0:0, 0+0+0:0:0:0:0, 2+0+0:0:0:0:0, 1+0+0:0:0:0:0, 1+0+0:0:0:0:0, 0+0+0:0:0:0:0, 3+0+1:0:0:0:0, 2+0+1:0:0:0:0, 2+0+0:0:0:0:0, 1+0+1:0:0:0:0, 2+0+0:0:0:0:0, 1+0+0:0:0:0:0, 2+0+0:0:0:0:0, 1+0+0:0:0:0:0, 1+0+0:0:0:0:0, 0+0+0:0:0:0:0, 1+0+0:0:0:0:0, 1+0+0:0:0:0:0, 1+0+1:0:0:0:0, 0+0+0:0:0:0:0, 0+0+0:0:0:0:0, 0+0+0:0:0:0:0, 2+0+0:0:0:0:0, 2+0+1:0:0:0:0, 2+0+0:0:0:0:0, 1+0+1:0:0:0:0, 2+0+0:0:0:0:0, 2+0+0:0:0:0:0, 2+0+0:0:0:0:0, 0+0+0:0:0:0:0, 2+0+1:0:0:0:0, 0+0+0:0:0:0:0, 3+0+1:0:0:0:0, 2+0+1:0:0:0:0, 3+0+1:0:0:0:0, 0+0+0:0:0:0:0, 2+0+0:0:0:0:0, 1+0+1:0:0:0:0, 0+0+0:0:0:0:0, 1+0+0:0:0:0:0, 2+0+0:0:0:0:0, 2+0+1:0:0:0:0, 3+0+1:0:0:0:0, 0+0+0:0:0:0:0, 2+0+0:0:0:0:0, 0+0+0:0:0:0:0, 2+0+0:0:0:0:0, 0+0+0:0:0:0:0, 1+0+0:0:0:0:0, 0+0+0:0:0:0:0, 1+0+0:0:0:0:0, 1+0+0:0:0:0:0, 1+0+0:0:0:0:0, 2+0+1:0:0:0:0, 0+0+0:0:0:0:0, 2+0+1:0:0:0:0, 3+0+1:0:0:0:0, 2+0+1:0:0:0:0, 3+0+1:0:0:0:0, 0+0+0:0:0:0:0, 3+0+0:0:0:0:0, 1+0+0:0:0:0:0, 2+0+0:0:0:0:0, 1+0+0:0:0:0:0, 1+0+0:0:0:0:0, 0+0+0:0:0:0:0, 3+0+0:0:0:0:0, 2+0+2:0:0:0:0, 2+0+0:0:0:0:0, 0+0+0:0:0:0:0, 3+0+0:0:0:0:0, 1+0+0:0:0:0:0, 0+0+0:0:0:0:0, 0+0+0:0:0:0:0, 3+0+0:0:0:0:0, 2+0+1:0:0:0:0, 3+0+3:0:0:0:0, 1+0+0:0:0:0:0, 2+0+0:0:0:0:0, 0+0+0:0:0:0:0, 0+0+0:0:0:0:0, 0+0+0:0:0:0:0, 3+0+1:0:0:0:0, 0+0+0:0:0:0:0, 1+0+0:0:0:0:0, 2+0+1:0:0:0:0, 1+0+0:0:0:0:0, 1+0+0:0:0:0:0, 1+0+0:0:0:0:0, 2+0+1:0:0:0:0, 2+0+0:0:0:0:0, 2+0+1:0:0:0:0, 2+0+0:0:0:0:0, 1+0+1:0:0:0:0, 3+0+0:0:0:0:0, 2+0+0:0:0:0:0, 2+0+0:0:0:0:0, 0+0+0:0:0:0:0, 0+0+0:0:0:0:0, 0+0+0:0:0:0:0, 3+0+0:0:0:0:0, 2+0+1:0:0:0:0, 3+0+1:0:0:0:0, 1+0+1:0:0:0:0, 0+0+0:0:0:0:0, 1+0+0:0:0:0:0, 0+0+0:0:0:0:0, 1+0+0:0:0:0:0, 2+0+1:0:0:0:0, 2+0+1:0:0:0:0, 5+0+1:0:0:0:0, 0+0+0:0:0:0:0, 2+0+0:0:0:0:0, 0+0+0:0:0:0:0, 2+0+0:0:0:0:0, 0+0+0:0:0:0:0, 0+0+0:0:0:0:0, 3+0+1:0:0:0:0, 1+0+0:0:0:0:0, 1+0+0:0:0:0:0, 1+0+0:0:0:0:0, 2+0+1:0:0:0:0, 1+0+0:0:0:0:0, 1+0+0:0:0:0:0, 2+0+1:0:0:0:0, 3+0+0:0:0:0:0, 2+0+0:0:0:0:0, 0+0+0:0:0:0:0, 3+0+0:0:0:0:0, 2+0+0:0:0:0:0, 1+0+0:0:0:0:0, 2+0+1:0:0:0:0, 0+0+0:0:0:0:0, 0+0+0:0:0:0:0, 3+0+1:0:0:0:0, 2+0+1:0:0:0:0, 3+0+1:0:0:0:0, 1+0+0:0:0:0:0, 2+0+2:0:0:0:0, 1+0+1:0:0:0:0, 0+0+0:0:0:0:0, 1+0+2:0:0:0:0, 2+0+1:0:0:0:0, 4+0+3:0:0:0:0, 3+0+1:0:0:0:0, 1+0+2:0:0:0:0, 2+0+0:0:0:0:0, 1+0+0:0:0:0:0, 1+0+0:0:0:0:0, 0+0+0:0:0:0:0, 2+0+1:1:0:0:0, 0+0+0:0:0:0:0, 2+0+0:0:0:0:0, 1+0+0:0:0:0:0, 1+0+0:0:0:0:0, 0+0+0:0:0:0:0, 0+0+0:0:0:0:0, 0+0+0:0:0:0:0, 2+0+0:0:0:0:0, 2+0+1:0:0:0:0, 2+0+0:0:0:0:0, 0+0+0:0:0:0:0, 2+0+0:0:0:0:0, 1+0+0:0:0:0:0, 1+0+0:0:0:0:0, 1+0+0:0:0:0:0, 2+0+0:0:0:0:0, 2+0+0:0:0:0:0, 3+0+2:0:0:0:0, 2+0+1:0:0:0:0, 1+0+0:0:0:0:0, 1+0+0:0:0:0:0, 1+0+0:0:0:0:0, 246+0+61:1:0:0:0
F major (1b),  , 0+0+0:0:0:0:0, 0+0+0:0:0:0:0, 0+0+0:0:0:0:0, 1+0+0:0:0:0:0, 2+0+0:0:0:0:0, 3+0+0:0:0:0:0, 1+0+0:0:0:0:0, 0+0+0:0:0:0:0, 1+0+1:0:0:0:0, 0+0+0:0:0:0:0, 0+0+0:0:0:0:0, 1+0+1:0:0:0:0, 2+0+1:0:0:0:0, 2+0+2:0:0:0:0, 2+0+1:0:0:0:0, 0+0+0:0:0:0:0, 1+0+0:0:0:0:0, 3+0+0:0:0:0:0, 2+0+0:0:0:0:0, 1+0+0:0:0:0:0, 0+0+0:0:0:0:0, 1+0+0:0:0:0:0, 1+0+0:0:0:0:0, 0+0+0:0:0:0:0, 0+0+0:0:0:0:0, 0+0+0:0:0:0:0, 0+0+0:0:0:0:0, 1+0+0:0:0:0:0, 2+0+1:0:0:0:0, 2+0+0:0:0:0:0, 1+0+0:0:0:0:0, 0+0+0:0:0:0:0, 1+0+0:0:0:0:0, 1+0+0:0:0:0:0, 0+0+0:0:0:0:0, 1+0+1:0:0:0:0, 0+0+0:0:0:0:0, 1+0+0:0:0:0:0, 2+0+1:0:0:0:0, 4+0+1:0:0:0:0, 1+0+0:0:0:0:0, 0+0+0:0:0:0:0, 1+0+1:0:0:0:0, 0+0+0:0:0:0:0, 1+0+0:0:0:0:0, 1+0+0:0:0:0:0, 3+0+1:0:0:0:0, 3+0+3:0:0:0:0, 1+0+0:0:0:0:0, 0+0+0:0:0:0:0, 0+0+0:0:0:0:0, 3+0+0:0:0:0:0, 1+0+0:0:0:0:0, 1+0+0:0:0:0:0, 0+0+0:0:0:0:0, 1+0+0:0:0:0:0, 1+0+0:0:0:0:0, 0+0+0:0:0:0:0, 2+0+1:0:0:0:0, 0+0+0:0:0:0:0, 1+0+1:0:0:0:0, 1+0+0:0:0:0:0, 2+0+1:0:0:0:0, 4+0+2:0:0:0:0, 1+0+0:0:0:0:0, 1+0+0:0:0:0:0, 1+0+0:0:0:0:0, 1+0+0:0:0:0:0, 1+0+1:0:0:0:0, 0+0+0:0:0:0:0, 0+0+0:0:0:0:0, 1+0+0:0:0:0:0, 2+0+2:0:0:0:0, 3+0+0:0:0:0:0, 1+0+0:0:0:0:0, 1+0+0:0:0:0:0, 1+0+1:0:0:0:0, 0+0+0:0:0:0:0, 0+0+0:0:0:0:0, 1+0+0:0:0:0:0, 2+0+1:0:0:0:0, 3+0+0:0:0:0:0, 2+0+0:0:0:0:0, 0+0+0:0:0:0:0, 0+0+0:0:0:0:0, 0+0+0:0:0:0:0, 0+0+0:0:0:0:0, 2+0+1:0:0:0:0, 0+0+0:0:0:0:0, 1+0+0:0:0:0:0, 1+0+0:0:0:0:0, 0+0+0:0:0:0:0, 1+0+0:0:0:0:0, 0+0+0:0:0:0:0, 2+0+1:0:0:0:0, 1+0+0:0:0:0:0, 2+0+0:0:0:0:0, 2+0+0:0:0:0:0, 1+0+0:0:0:0:0, 1+0+0:0:0:0:0, 1+0+0:0:0:0:0, 1+0+0:0:0:0:0, 0+0+0:0:0:0:0, 0+0+0:0:0:0:0, 0+0+0:0:0:0:0, 1+0+0:0:0:0:0, 2+0+1:0:0:0:0, 4+0+1:0:0:0:0, 2+0+1:0:0:0:0, 0+0+0:0:0:0:0, 1+0+1:0:0:0:0, 0+0+0:0:0:0:0, 1+0+0:0:0:0:0, 1+0+0:0:0:0:0, 2+0+1:0:0:0:0, 6+0+2:0:0:0:0, 1+0+0:0:0:0:0, 0+0+0:0:0:0:0, 0+0+0:0:0:0:0, 3+0+0:0:0:0:0, 1+0+0:0:0:0:0, 0+0+0:0:0:0:0, 2+0+1:0:0:0:0, 1+0+2:0:0:0:0, 1+0+0:0:0:0:0, 0+0+0:0:0:0:0, 2+0+1:0:0:0:0, 0+0+0:0:0:0:0, 1+0+0:0:0:0:0, 1+0+0:0:0:0:0, 2+0+0:0:0:0:0, 2+0+0:0:0:0:0, 1+0+0:0:0:0:0, 1+0+0:0:0:0:0, 1+0+0:0:0:0:0, 0+0+0:0:0:0:0, 1+0+1:0:0:0:0, 1+0+0:0:0:0:0, 1+0+0:0:0:0:0, 1+0+0:0:0:0:0, 2+0+1:0:0:0:0, 4+0+1:0:0:0:0, 1+0+0:0:0:0:0, 0+0+0:0:0:0:0, 1+0+1:0:0:0:0, 0+0+0:0:0:0:0, 1+0+2:1:0:0:1, 1+0+0:0:0:0:0, 3+0+1:0:0:0:0, 3+0+0:0:0:0:0, 2+0+0:0:0:0:0, 1+0+0:0:0:0:0, 1+0+0:0:0:0:0, 2+0+0:0:0:0:0, 0+0+0:0:0:0:0, 1+0+1:0:0:0:0, 0+0+0:0:0:0:0, 2+0+2:0:0:0:0, 1+0+0:0:0:0:0, 0+0+0:0:0:0:0, 0+0+0:0:0:0:0, 0+0+0:0:0:0:0, 0+0+0:0:0:0:0, 1+0+0:0:0:0:0, 3+0+1:0:0:0:0, 2+0+0:0:0:0:0, 1+0+0:0:0:0:0, 0+0+0:0:0:0:0, 1+0+0:0:0:0:0, 0+0+0:0:0:0:0, 0+0+0:0:0:0:0, 1+0+0:0:0:0:0, 1+0+0:0:0:0:0, 1+0+1:0:0:0:0, 1+0+1:0:0:0:0, 1+0+0:0:0:0:0, 1+0+0:0:0:0:0, 1+0+0:0:0:0:0, 191+0+51:1:0:0:1
G major (1#),  , 0+0+0:0:0:0:0, 1+0+0:0:0:0:0, 1+0+0:0:0:0:0, 3+0+0:0:0:0:0, 3+0+1:0:0:0:0, 1+0+0:0:0:0:0, 1+0+0:0:0:0:0, 3+0+0:0:0:0:0, 0+0+0:0:0:0:0, 1+0+0:0:0:0:0, 1+0+0:0:0:0:0, 3+0+4:0:0:0:0, 3+0+1:0:0:0:0, 1+0+0:0:0:0:0, 2+0+1:0:0:0:0, 2+0+0:0:0:0:0, 1+0+0:0:0:0:0, 1+0+0:0:0:0:0, 1+0+0:0:0:0:0, 0+0+0:0:0:0:0, 0+0+0:0:0:0:0, 1+0+0:0:0:0:0, 1+0+0:0:0:0:0, 1+0+0:0:0:0:0, 0+0+0:0:0:0:0, 0+0+0:0:0:0:0, 1+0+0:0:0:0:0, 2+0+0:0:0:0:0, 3+0+1:0:0:0:0, 1+0+1:0:0:0:0, 2+0+1:0:0:0:0, 2+0+0:0:0:0:0, 2+0+0:0:0:0:0, 2+0+0:0:0:0:0, 0+0+0:0:0:0:0, 2+0+1:0:0:0:0, 1+0+0:0:0:0:0, 4+0+0:0:0:0:0, 3+0+1:0:0:0:0, 2+0+1:0:0:0:0, 1+0+0:0:0:0:0, 3+0+0:0:0:0:0, 0+0+0:0:0:0:0, 0+0+0:0:0:0:0, 2+0+0:0:0:0:0, 2+0+0:0:0:0:0, 3+0+1:0:0:0:0, 3+0+3:0:0:0:0, 1+0+0:0:0:0:0, 3+0+0:0:0:0:0, 0+0+0:0:0:0:0, 1+0+0:0:0:0:0, 0+0+0:0:0:0:0, 0+0+0:0:0:0:0, 0+0+0:0:0:0:0, 1+0+0:0:0:0:0, 1+0+0:0:0:0:0, 1+0+0:0:0:0:0, 2+0+1:0:0:0:0, 0+0+0:0:0:0:0, 1+0+1:0:0:0:0, 4+0+1:0:0:0:0, 3+0+1:0:0:0:0, 1+0+2:0:0:0:0, 1+0+0:0:0:0:0, 3+0+0:0:0:0:0, 1+0+0:0:0:0:0, 2+0+0:0:0:0:0, 1+0+1:0:0:0:0, 1+0+0:0:0:0:0, 1+0+0:0:0:0:0, 4+0+0:0:0:0:0, 2+0+2:0:0:0:0, 0+0+0:0:0:0:0, 2+0+0:0:0:0:0, 3+0+0:0:0:0:0, 1+0+1:0:0:0:0, 0+0+0:0:0:0:0, 1+0+0:0:0:0:0, 4+0+0:0:0:0:0, 3+0+1:0:0:0:0, 2+0+3:0:0:0:0, 2+0+0:0:0:0:0, 2+0+0:0:0:0:0, 0+0+0:0:0:0:0, 0+0+0:0:0:0:0, 0+0+0:0:0:0:0, 1+0+1:0:0:0:0, 0+0+0:0:0:0:0, 1+0+0:0:0:0:0, 2+0+1:0:0:0:0, 1+0+0:0:0:0:0, 0+0+0:0:0:0:0, 1+0+0:0:0:0:0, 4+0+1:0:0:0:0, 2+0+0:0:0:0:0, 3+0+1:0:0:0:0, 2+0+2:0:0:0:0, 2+0+1:0:0:0:0, 3+0+0:0:0:0:0, 2+0+0:0:0:0:0, 2+0+0:0:0:0:0, 0+0+0:0:0:0:0, 0+0+0:0:0:0:0, 1+0+0:0:0:0:0, 3+0+0:0:0:0:0, 3+0+1:0:0:0:0, 2+0+1:0:0:0:0, 2+0+2:0:0:0:0, 0+0+0:0:0:0:0, 0+0+0:0:0:0:0, 0+0+0:0:0:0:0, 1+0+0:0:0:0:0, 2+0+0:0:0:0:0, 3+0+1:0:0:0:0, 3+0+2:0:0:0:0, 1+0+0:0:0:0:0, 2+0+0:0:0:0:0, 0+0+0:0:0:0:0, 1+0+0:0:0:0:0, 0+0+0:0:0:0:0, 1+0+0:0:0:0:0, 2+0+1:0:0:0:0, 1+0+2:0:0:0:0, 1+0+0:0:0:0:0, 1+0+0:0:0:0:0, 2+0+1:0:0:0:0, 1+0+0:0:0:0:0, 3+0+0:0:0:0:0, 2+0+0:0:0:0:0, 3+0+1:0:0:0:0, 2+0+1:0:0:0:0, 1+0+0:0:0:0:0, 3+0+0:0:0:0:0, 2+0+0:0:0:0:0, 2+0+0:0:0:0:0, 2+0+1:0:0:0:0, 0+0+0:0:0:0:0, 1+0+0:0:0:0:0, 4+0+0:0:0:0:0, 3+0+1:0:0:0:0, 4+0+2:0:0:0:0, 2+0+0:0:0:0:0, 2+0+0:0:0:0:0, 2+0+1:0:0:0:0, 0+0+0:0:0:0:0, 2+0+2:0:0:0:1, 3+0+1:0:0:0:0, 3+0+3:0:0:0:0, 2+0+3:0:0:0:0, 2+0+0:0:0:0:0, 2+0+0:0:0:0:0, 1+0+0:0:0:0:0, 1+0+0:0:0:0:0, 0+0+0:0:0:0:0, 1+0+1:0:0:0:0, 1+0+2:0:0:0:0, 2+0+0:0:0:0:0, 1+0+0:0:0:0:0, 1+0+0:0:0:0:0, 0+0+0:0:0:0:0, 0+0+0:0:0:0:0, 1+0+0:0:0:0:0, 2+0+0:0:0:0:0, 3+0+1:0:0:0:0, 2+0+2:0:0:0:0, 1+0+1:0:0:0:0, 2+0+0:0:0:0:0, 1+0+0:0:0:0:0, 1+0+0:0:0:0:0, 1+0+0:0:0:0:0, 2+0+0:0:0:0:0, 2+0+0:0:0:0:0, 3+0+1:0:0:0:0, 1+0+1:0:0:0:0, 1+0+0:0:0:0:0, 1+0+0:0:0:0:0, 1+0+0:0:0:0:0, 272+0+74:0:0:0:1
D minor (1b),  , 0+0+0:0:0:0:0, 0+0+0:0:0:0:0, 0+0+0:0:0:0:0, 1+0+0:0:0:0:0, 2+0+1:0:0:0:0, 4+0+0:0:0:0:0, 1+0+0:0:0:0:0, 0+0+0:0:0:0:0, 1+0+0:0:0:0:0, 0+0+0:0:0:0:0, 0+0+0:0:0:0:0, 1+0+1:0:0:0:0, 2+0+1:0:0:0:0, 3+0+0:0:0:0:0, 2+0+1:0:0:0:0, 0+0+0:0:0:0:0, 1+0+0:0:0:0:0, 3+0+0:0:0:0:0, 2+0+0:0:0:0:0, 1+0+0:0:0:0:0, 0+0+0:0:0:0:0, 1+0+0:0:0:0:0, 1+0+0:0:0:0:0, 0+0+0:0:0:0:0, 0+0+0:0:0:0:0, 0+0+0:0:0:0:0, 0+0+0:0:0:0:0, 1+0+0:0:0:0:0, 2+0+1:0:0:0:0, 3+0+0:0:0:0:0, 2+0+1:0:0:0:0, 0+0+0:0:0:0:0, 1+0+0:0:0:0:0, 1+0+0:0:0:0:0, 0+0+0:0:0:0:0, 1+0+1:0:0:0:0, 0+0+0:0:0:0:0, 1+0+0:0:0:0:0, 2+0+1:0:0:0:0, 3+0+1:0:0:0:0, 1+0+0:0:0:0:0, 0+0+0:0:0:0:0, 1+0+0:0:0:0:0, 0+0+0:0:0:0:0, 1+0+0:0:0:0:0, 1+0+0:0:0:0:0, 3+0+1:0:0:0:0, 4+0+3:0:0:0:0, 1+0+0:0:0:0:0, 0+0+0:0:0:0:0, 0+0+0:0:0:0:0, 3+0+0:0:0:0:0, 1+0+0:0:0:0:0, 1+0+0:0:0:0:0, 0+0+0:0:0:0:0, 1+0+0:0:0:0:0, 1+0+0:0:0:0:0, 0+0+0:0:0:0:0, 2+0+1:0:0:0:0, 0+0+0:0:0:0:0, 2+0+1:0:0:0:0, 1+0+1:0:0:0:0, 2+0+1:0:0:0:0, 4+0+1:0:0:0:0, 1+0+0:0:0:0:0, 1+0+0:0:0:0:0, 1+0+0:0:0:0:0, 1+0+0:0:0:0:0, 1+0+0:0:0:0:0, 0+0+0:0:0:0:0, 0+0+0:0:0:0:0, 1+0+0:0:0:0:0, 2+0+2:0:0:0:0, 3+0+0:0:0:0:0, 1+0+0:0:0:0:0, 1+0+0:0:0:0:0, 1+0+0:0:0:0:0, 0+0+0:0:0:0:0, 0+0+0:0:0:0:0, 1+0+0:0:0:0:0, 2+0+1:0:0:0:0, 3+0+3:0:0:0:0, 2+0+0:0:0:0:0, 0+0+0:0:0:0:0, 0+0+0:0:0:0:0, 0+0+0:0:0:0:0, 0+0+0:0:0:0:0, 2+0+1:0:0:0:0, 0+0+0:0:0:0:0, 1+0+0:0:0:0:0, 1+0+1:0:0:0:0, 0+0+0:0:0:0:0, 1+0+0:0:0:0:0, 0+0+0:0:0:0:0, 2+0+1:0:0:0:0, 1+0+0:0:0:0:0, 2+0+1:0:0:0:0, 3+0+0:0:0:0:0, 1+0+1:0:0:0:0, 1+0+0:0:0:0:0, 1+0+0:0:0:0:0, 1+0+0:0:0:0:0, 0+0+0:0:0:0:0, 0+0+0:0:0:0:0, 0+0+0:0:0:0:0, 1+0+0:0:0:0:0, 2+0+1:0:0:0:0, 3+0+1:0:0:0:0, 1+0+1:0:0:0:0, 0+0+0:0:0:0:0, 1+0+0:0:0:0:0, 0+0+0:0:0:0:0, 1+0+0:0:0:0:0, 1+0+0:0:0:0:0, 2+0+1:0:0:0:0, 6+0+1:0:0:0:0, 1+0+0:0:0:0:0, 0+0+0:0:0:0:0, 0+0+0:0:0:0:0, 3+0+0:0:0:0:0, 1+0+0:0:0:0:0, 0+0+0:0:0:0:0, 2+0+1:0:0:0:1, 1+0+2:0:0:0:0, 1+0+0:0:0:0:0, 0+0+0:0:0:0:0, 2+0+1:0:0:0:0, 0+0+0:0:0:0:0, 1+0+0:0:0:0:0, 1+0+0:0:0:0:0, 2+0+0:0:0:0:0, 2+0+1:0:0:0:0, 1+0+0:0:0:0:0, 1+0+0:0:0:0:0, 1+0+0:0:0:0:0, 0+0+0:0:0:0:0, 1+0+1:0:0:0:0, 1+0+0:0:0:0:0, 1+0+1:0:0:0:0, 1+0+0:0:0:0:0, 2+0+1:0:0:0:0, 4+0+2:0:0:0:0, 1+0+0:0:0:0:0, 0+0+0:0:0:0:0, 1+0+1:0:0:0:0, 0+0+0:0:0:0:0, 1+0+2:1:0:0:1, 1+0+1:0:0:0:0, 3+0+3:0:0:0:0, 3+0+3:1:0:0:0, 2+0+0:0:0:0:0, 1+0+0:0:0:0:0, 1+0+0:0:0:0:0, 2+0+0:0:0:0:0, 0+0+0:0:0:0:0, 1+0+1:0:0:0:0, 0+0+0:0:0:0:0, 2+0+0:0:0:0:0, 1+0+0:0:0:0:0, 0+0+0:0:0:0:0, 0+0+0:0:0:0:0, 0+0+0:0:0:0:0, 0+0+0:0:0:0:0, 1+0+0:0:0:0:0, 3+0+1:0:0:0:0, 3+0+0:0:0:0:0, 1+0+0:0:0:0:0, 0+0+0:0:0:0:0, 1+0+0:0:0:0:0, 0+0+0:0:0:0:0, 0+0+0:0:0:0:0, 1+0+0:0:0:0:0, 1+0+0:0:0:0:0, 1+0+1:0:0:0:0, 2+0+1:0:0:0:0, 1+0+0:0:0:0:0, 1+0+0:0:0:0:0, 1+0+0:0:0:0:0, 197+0+58:2:0:0:2
E minor (1#),  , 0+0+0:0:0:0:0, 1+0+0:0:0:0:0, 1+0+0:0:0:0:0, 3+0+2:0:0:0:0, 3+0+0:0:0:0:0, 1+0+0:0:0:0:0, 1+0+0:0:0:0:0, 3+0+0:0:0:0:0, 0+0+0:0:0:0:0, 1+0+0:0:0:0:0, 1+0+0:0:0:0:0, 3+0+4:0:0:0:0, 3+0+1:0:0:0:0, 1+0+0:0:0:0:0, 2+0+1:0:0:0:0, 2+0+0:0:0:0:0, 1+0+0:0:0:0:0, 1+0+0:0:0:0:0, 1+0+1:0:0:0:0, 0+0+0:0:0:0:0, 0+0+0:0:0:0:0, 1+0+0:0:0:0:0, 1+0+0:0:0:0:0, 1+0+0:0:0:0:0, 0+0+0:0:0:0:0, 0+0+0:0:0:0:0, 1+0+0:0:0:0:0, 2+0+0:0:0:0:0, 3+0+1:0:0:0:0, 1+0+0:0:0:0:0, 2+0+1:0:0:0:0, 2+0+0:0:0:0:0, 2+0+0:0:0:0:0, 2+0+0:0:0:0:0, 0+0+0:0:0:0:0, 1+0+1:0:0:0:0, 1+0+0:0:0:0:0, 4+0+1:0:0:0:0, 3+0+1:0:0:0:0, 2+0+1:0:0:0:0, 1+0+0:0:0:0:0, 3+0+0:0:0:0:0, 0+0+0:0:0:0:0, 0+0+0:0:0:0:0, 2+0+1:0:0:0:0, 2+0+2:0:0:0:0, 3+0+0:0:0:0:0, 2+0+1:0:0:0:0, 1+0+0:0:0:0:0, 3+0+0:0:0:0:0, 0+0+0:0:0:0:0, 1+0+0:0:0:0:0, 0+0+0:0:0:0:0, 0+0+0:0:0:0:0, 0+0+0:0:0:0:0, 1+0+0:0:0:0:0, 1+0+0:0:0:0:0, 1+0+1:0:0:0:0, 3+0+1:0:0:0:0, 0+0+0:0:0:0:0, 1+0+1:0:0:0:0, 4+0+1:0:0:0:0, 3+0+1:0:0:0:0, 1+0+1:0:0:0:0, 1+0+0:0:0:0:0, 3+0+0:0:0:0:0, 1+0+0:0:0:0:0, 2+0+0:0:0:0:0, 1+0+0:0:0:0:0, 1+0+1:0:0:0:0, 1+0+0:0:0:0:0, 4+0+1:0:0:0:0, 2+0+2:0:0:0:0, 0+0+0:0:0:0:0, 2+0+0:0:0:0:0, 3+0+0:0:0:0:0, 1+0+0:0:0:0:0, 0+0+0:0:0:0:0, 1+0+0:0:0:0:0, 4+0+1:0:0:0:0, 3+0+1:0:0:0:0, 1+0+0:0:0:0:0, 2+0+2:0:0:0:0, 2+0+1:0:0:0:0, 0+0+0:0:0:0:0, 0+0+0:0:0:0:0, 0+0+0:0:0:0:0, 2+0+1:0:0:0:0, 0+0+0:0:0:0:0, 1+0+0:0:0:0:0, 2+0+1:0:0:0:0, 1+0+0:0:0:0:0, 0+0+0:0:0:0:0, 1+0+0:0:0:0:0, 3+0+2:0:0:0:0, 2+0+0:0:0:0:0, 3+0+1:0:0:0:0, 1+0+0:0:0:0:0, 2+0+1:0:0:0:0, 3+0+0:0:0:0:0, 2+0+0:0:0:0:0, 2+0+0:0:0:0:0, 0+0+0:0:0:0:0, 0+0+0:0:0:0:0, 1+0+1:0:0:0:0, 3+0+0:0:0:0:0, 3+0+1:0:0:0:0, 2+0+1:0:0:0:0, 2+0+2:0:0:0:0, 0+0+0:0:0:0:0, 0+0+0:0:0:0:0, 0+0+0:0:0:0:0, 1+0+0:0:0:0:0, 2+0+0:0:0:0:0, 3+0+1:0:0:0:0, 3+0+1:0:0:0:0, 1+0+0:0:0:0:0, 2+0+0:0:0:0:0, 0+0+0:0:0:0:0, 1+0+0:0:0:0:0, 0+0+0:0:0:0:0, 1+0+0:0:0:0:0, 3+0+1:0:0:0:0, 1+0+0:0:0:0:0, 1+0+0:0:0:0:0, 1+0+0:0:0:0:0, 2+0+1:0:0:0:0, 1+0+0:0:0:0:0, 3+0+0:0:0:0:0, 2+0+0:0:0:0:0, 3+0+1:0:0:0:0, 1+0+0:0:0:0:0, 1+0+0:0:0:0:0, 3+0+0:0:0:0:0, 2+0+0:0:0:0:0, 2+0+0:0:0:0:0, 2+0+1:0:0:0:0, 0+0+0:0:0:0:0, 1+0+0:0:0:0:0, 4+0+1:0:0:0:0, 3+0+1:0:0:0:0, 2+0+1:0:0:0:0, 2+0+2:0:0:0:0, 2+0+2:0:0:0:0, 2+0+1:0:0:0:0, 0+0+0:0:0:0:0, 2+0+2:0:0:0:0, 3+0+1:0:0:0:0, 3+0+0:0:0:0:0, 2+0+1:0:0:0:0, 2+0+1:0:0:0:0, 2+0+1:0:0:0:0, 1+0+0:0:0:0:0, 1+0+0:0:0:0:0, 0+0+0:0:0:0:0, 1+0+1:1:0:0:0, 1+0+2:0:0:0:0, 2+0+0:0:0:0:0, 1+0+0:0:0:0:0, 1+0+0:0:0:0:0, 0+0+0:0:0:0:0, 0+0+0:0:0:0:0, 1+0+0:0:0:0:0, 2+0+0:0:0:0:0, 3+0+1:0:0:0:0, 1+0+0:0:0:0:0, 1+0+0:0:0:0:0, 2+0+0:0:0:0:0, 1+0+0:0:0:0:0, 1+0+0:0:0:0:0, 1+0+0:0:0:0:0, 2+0+0:0:0:0:0, 2+0+0:0:0:0:0, 4+0+1:0:0:0:0, 1+0+1:0:0:0:0, 1+0+0:0:0:0:0, 1+0+0:0:0:0:0, 1+0+0:0:0:0:0, 267+0+71:1:0:0:0
Bb major (2b),  , 0+0+0:0:0:0:0, 0+0+0:0:0:0:0, 0+0+0:0:0:0:0, 0+0+0:0:0:0:0, 2+0+0:0:0:0:0, 3+0+0:0:0:0:0, 1+0+0:0:0:0:0, 0+0+0:0:0:0:0, 1+0+0:0:0:0:0, 0+0+0:0:0:0:0, 0+0+0:0:0:0:0, 2+0+1:0:0:0:0, 2+0+1:0:0:0:0, 2+0+0:0:0:0:0, 1+0+0:0:0:0:0, 0+0+0:0:0:0:0, 2+0+0:0:0:0:0, 3+0+0:0:0:0:0, 3+0+1:0:0:0:0, 3+0+0:0:0:0:0, 0+0+0:0:0:0:0, 0+0+0:0:0:0:0, 1+0+0:0:0:0:0, 0+0+0:0:0:0:0, 0+0+0:0:0:0:0, 0+0+0:0:0:0:0, 0+0+0:0:0:0:0, 0+0+0:0:0:0:0, 2+0+1:0:0:0:0, 2+0+0:0:0:0:0, 1+0+0:0:0:0:0, 0+0+0:0:0:0:0, 0+0+0:0:0:0:0, 0+0+0:0:0:0:0, 0+0+0:0:0:0:0, 1+0+1:0:0:0:0, 1+0+0:0:0:0:0, 0+0+0:0:0:0:0, 2+0+1:0:0:0:0, 3+0+1:0:0:0:0, 1+0+0:0:0:0:0, 0+0+0:0:0:0:0, 1+0+1:0:0:0:0, 0+0+0:0:0:0:0, 0+0+0:0:0:0:0, 0+0+0:0:0:0:0, 3+0+1:0:0:0:0, 3+0+0:0:0:0:0, 1+0+1:0:0:0:0, 0+0+0:0:0:0:0, 0+0+0:0:0:0:0, 3+0+1:0:0:0:0, 3+0+0:0:0:0:0, 2+0+0:0:0:0:0, 0+0+0:0:0:0:0, 0+0+0:0:0:0:0, 1+0+0:0:0:0:0, 0+0+0:0:0:0:0, 1+0+1:0:0:0:0, 0+0+0:0:0:0:0, 1+0+0:0:0:0:0, 0+0+0:0:0:0:0, 2+0+1:0:0:0:0, 3+0+1:0:0:0:0, 1+0+0:0:0:0:0, 0+0+0:0:0:0:0, 0+0+0:0:0:0:0, 0+0+0:0:0:0:0, 1+0+1:0:0:0:0, 0+0+0:0:0:0:0, 1+0+0:0:0:0:0, 0+0+0:0:0:0:0, 2+0+1:0:0:0:0, 3+0+0:0:0:0:0, 1+0+0:0:0:0:0, 0+0+0:0:0:0:0, 1+0+1:0:0:0:0, 1+0+0:0:0:0:0, 1+0+0:0:0:0:0, 0+0+0:0:0:0:0, 2+0+1:0:0:0:0, 3+0+0:0:0:0:0, 1+0+0:0:0:0:0, 0+0+0:0:0:0:0, 0+0+0:0:0:0:0, 0+0+0:0:0:0:0, 0+0+0:0:0:0:0, 2+0+1:0:0:0:0, 0+0+0:0:0:0:0, 0+0+0:0:0:0:0, 1+0+0:0:0:0:0, 0+0+0:0:0:0:0, 1+0+0:0:0:0:0, 0+0+0:0:0:0:0, 1+0+1:0:0:0:0, 0+0+0:0:0:0:0, 2+0+1:0:0:0:0, 2+0+0:0:0:0:0, 1+0+0:0:0:0:0, 0+0+0:0:0:0:0, 0+0+0:0:0:0:0, 0+0+0:0:0:0:0, 0+0+0:0:0:0:0, 0+0+0:0:0:0:0, 1+0+0:0:0:0:0, 0+0+0:0:0:0:0, 2+0+1:0:0:0:0, 3+0+1:0:0:0:1, 1+0+1:0:0:0:0, 0+0+0:0:0:0:0, 1+0+0:0:0:0:0, 1+0+0:0:0:0:0, 0+0+0:0:0:0:0, 0+0+0:0:0:0:0, 2+0+1:0:0:0:0, 5+0+2:0:0:0:0, 1+0+0:0:0:0:0, 0+0+0:0:0:0:0, 0+0+0:0:0:0:0, 3+0+1:0:0:0:0, 2+0+0:0:0:0:0, 0+0+0:0:0:0:0, 2+0+1:0:0:0:0, 2+0+2:0:0:0:0, 1+0+0:0:0:0:0, 0+0+0:0:0:0:0, 1+0+1:0:0:0:0, 0+0+0:0:0:0:0, 0+0+0:0:0:0:0, 0+0+0:0:0:0:0, 2+0+0:0:0:0:0, 2+0+0:0:0:0:0, 1+0+0:0:0:0:0, 0+0+0:0:0:0:0, 0+0+0:0:0:0:0, 0+0+0:0:0:0:0, 1+0+1:0:0:0:0, 1+0+0:0:0:0:0, 2+0+1:0:0:0:0, 0+0+0:0:0:0:0, 2+0+1:0:0:0:0, 3+0+1:0:0:0:1, 0+0+0:0:0:0:0, 0+0+0:0:0:0:0, 1+0+1:0:0:0:0, 0+0+0:0:0:0:0, 2+0+2:0:0:0:0, 0+0+0:0:0:0:0, 3+0+1:0:0:0:0, 2+0+0:0:0:0:0, 1+0+0:0:0:0:0, 0+0+0:0:0:0:0, 1+0+0:0:0:0:0, 2+0+2:0:0:0:0, 2+0+0:0:0:0:0, 2+0+1:0:0:0:0, 1+0+0:0:0:0:0, 4+0+2:0:0:0:0, 1+0+0:0:0:0:0, 0+0+0:0:0:0:0, 0+0+0:0:0:0:0, 0+0+0:0:0:0:0, 0+0+0:0:0:0:0, 0+0+0:0:0:0:0, 3+0+1:0:0:0:0, 2+0+0:0:0:0:0, 1+0+1:0:0:0:0, 0+0+0:0:0:0:0, 0+0+0:0:0:0:0, 0+0+0:0:0:0:0, 0+0+0:0:0:0:0, 0+0+0:0:0:0:0, 0+0+0:0:0:0:0, 1+0+1:0:0:0:0, 2+0+1:0:0:0:0, 0+0+0:0:0:0:0, 0+0+0:0:0:0:0, 0+0+0:0:0:0:0, 164+0+49:0:0:0:2
D major (2#),  , 0+0+0:0:0:0:0, 1+0+0:0:0:0:0, 2+0+0:0:0:0:0, 3+0+2:0:0:0:0, 2+0+0:0:0:0:0, 1+0+0:0:0:0:0, 1+0+0:0:0:0:0, 3+0+0:0:0:0:0, 0+0+0:0:0:0:0, 1+0+0:0:0:0:0, 2+0+0:0:0:0:0, 3+0+1:0:0:0:0, 2+0+0:0:0:0:0, 1+0+0:0:0:0:0, 2+0+1:0:0:0:0, 2+0+0:0:0:0:0, 0+0+0:0:0:0:0, 0+0+0:0:0:0:0, 0+0+0:0:0:0:0, 0+0+0:0:0:0:0, 0+0+0:0:0:0:0, 2+0+0:0:0:0:0, 1+0+0:0:0:0:0, 2+0+1:0:0:0:0, 0+0+0:0:0:0:0, 1+0+0:0:0:0:0, 2+0+0:0:0:0:0, 2+0+0:0:0:0:0, 2+0+1:0:0:0:0, 1+0+0:0:0:0:0, 2+0+1:0:0:0:0, 2+0+0:0:0:0:0, 2+0+0:0:0:0:0, 2+0+0:0:0:0:0, 0+0+0:0:0:0:0, 2+0+1:0:0:0:0, 2+0+0:0:0:0:0, 4+0+1:0:0:0:0, 4+0+1:0:0:0:0, 2+0+1:0:0:0:0, 1+0+0:0:0:0:0, 3+0+0:0:0:0:0, 1+0+1:0:0:0:0, 1+0+0:0:0:0:0, 3+0+0:0:0:0:0, 2+0+1:0:0:0:0, 2+0+1:0:0:0:0, 2+0+1:0:0:0:0, 1+0+0:0:0:0:0, 3+0+0:0:0:0:0, 0+0+0:0:0:0:0, 0+0+0:0:0:0:0, 0+0+0:0:0:0:0, 0+0+0:0:0:0:0, 0+0+0:0:0:0:0, 2+0+0:0:0:0:0, 1+0+0:0:0:0:0, 2+0+0:0:0:0:0, 2+0+1:0:0:0:0, 1+0+0:0:0:0:0, 2+0+1:0:0:0:0, 4+0+1:0:0:0:0, 4+0+1:0:0:0:0, 1+0+1:0:0:0:0, 1+0+0:0:0:0:0, 3+0+0:0:0:0:0, 1+0+0:0:0:0:0, 2+0+0:0:0:0:0, 1+0+0:0:0:0:0, 2+0+0:0:0:0:0, 2+0+0:0:0:0:0, 4+0+0:0:0:0:0, 3+0+2:0:0:0:0, 0+0+0:0:0:0:0, 2+0+0:0:0:0:0, 3+0+0:0:0:0:0, 1+0+0:0:0:0:0, 1+0+0:0:0:0:0, 2+0+0:0:0:0:0, 4+0+1:0:0:0:0, 4+0+1:0:0:0:0, 1+0+0:0:0:0:0, 2+0+2:0:0:0:0, 3+0+1:0:0:0:0, 0+0+0:0:0:0:0, 0+0+0:0:0:0:0, 0+0+0:0:0:0:0, 2+0+1:0:0:0:0, 0+0+0:0:0:0:0, 2+0+0:0:0:0:0, 2+0+1:0:0:0:0, 2+0+0:0:0:0:0, 0+0+0:0:0:0:0, 2+0+0:0:0:0:0, 4+0+1:0:0:0:0, 2+0+1:0:0:0:0, 4+0+1:0:0:0:0, 1+0+0:0:0:0:0, 2+0+1:0:0:0:0, 3+0+0:0:0:0:0, 2+0+0:0:0:0:0, 2+0+0:0:0:0:0, 0+0+0:0:0:0:0, 1+0+0:0:0:0:0, 2+0+1:0:0:0:0, 3+0+0:0:0:0:0, 4+0+1:0:0:0:0, 2+0+1:0:0:0:0, 2+0+2:0:0:0:0, 0+0+0:0:0:0:0, 0+0+0:0:0:0:0, 0+0+0:0:0:0:0, 1+0+0:0:0:0:0, 2+0+1:0:0:0:0, 4+0+1:0:0:0:0, 2+0+1:0:0:0:0, 1+0+0:0:0:0:0, 2+0+0:0:0:0:0, 0+0+0:0:0:0:0, 0+0+0:0:0:0:0, 0+0+0:0:0:0:0, 1+0+0:0:0:0:0, 1+0+1:0:0:0:1, 1+0+2:0:0:0:0, 1+0+0:0:0:0:0, 2+0+0:0:0:0:0, 2+0+1:0:0:0:0, 2+0+0:0:0:0:0, 4+0+0:0:0:0:0, 2+0+1:0:0:0:0, 2+0+0:0:0:0:0, 1+0+0:0:0:0:0, 1+0+0:0:0:0:0, 3+0+0:0:0:0:0, 2+0+0:0:0:0:0, 2+0+0:0:0:0:0, 2+0+1:0:0:0:0, 1+0+0:0:0:0:0, 2+0+1:0:0:0:0, 4+0+1:0:0:0:0, 4+0+1:0:0:0:0, 2+0+1:0:0:0:0, 2+0+0:0:0:0:0, 3+0+0:0:0:0:0, 2+0+1:0:0:0:0, 1+0+0:0:0:0:0, 3+0+2:0:0:0:0, 3+0+1:0:0:0:0, 2+0+3:0:0:0:0, 2+0+1:0:0:0:0, 2+0+2:0:0:0:0, 2+0+1:0:0:0:0, 0+0+0:0:0:0:0, 0+0+0:0:0:0:0, 0+0+0:0:0:0:0, 1+0+1:1:0:0:0, 1+0+0:0:0:0:0, 2+0+0:0:0:0:0, 1+0+0:0:0:0:0, 2+0+0:0:0:0:0, 0+0+0:0:0:0:0, 1+0+0:0:0:0:0, 2+0+0:0:0:0:0, 2+0+0:0:0:0:0, 2+0+1:0:0:0:0, 1+0+0:0:0:0:0, 1+0+1:0:0:0:0, 2+0+0:0:0:0:0, 1+0+0:0:0:0:0, 1+0+0:0:0:0:0, 1+0+0:0:0:0:0, 2+0+0:0:0:0:0, 2+0+0:0:0:0:0, 3+0+1:0:0:0:0, 1+0+1:0:0:0:0, 1+0+0:0:0:0:0, 1+0+0:0:0:0:0, 1+0+0:0:0:0:0, 293+0+67:1:0:0:1
G minor (2b),  , 0+0+0:0:0:0:0, 0+0+0:0:0:0:0, 0+0+0:0:0:0:0, 0+0+0:0:0:0:0, 2+0+0:0:0:0:0, 3+0+0:0:0:0:0, 1+0+0:0:0:0:0, 0+0+0:0:0:0:0, 1+0+0:0:0:0:0, 0+0+0:0:0:0:0, 0+0+0:0:0:0:0, 2+0+1:0:0:0:0, 2+0+1:0:0:0:0, 2+0+2:0:0:0:0, 2+0+1:0:0:0:0, 0+0+0:0:0:0:0, 2+0+0:0:0:0:0, 3+0+0:0:0:0:0, 3+0+0:0:0:0:0, 3+0+0:0:0:0:0, 0+0+0:0:0:0:0, 0+0+0:0:0:0:0, 1+0+0:0:0:0:0, 0+0+0:0:0:0:0, 0+0+0:0:0:0:0, 0+0+0:0:0:0:0, 0+0+0:0:0:0:0, 0+0+0:0:0:0:0, 2+0+1:0:0:0:0, 2+0+1:0:0:0:0, 2+0+1:0:0:0:0, 0+0+0:0:0:0:0, 0+0+0:0:0:0:0, 0+0+0:0:0:0:0, 0+0+0:0:0:0:0, 1+0+1:0:0:0:0, 1+0+1:0:0:0:0, 0+0+0:0:0:0:0, 2+0+1:0:0:0:0, 4+0+1:0:0:0:0, 1+0+0:0:0:0:0, 0+0+0:0:0:0:0, 1+0+0:0:0:0:0, 0+0+0:0:0:0:0, 0+0+0:0:0:0:0, 0+0+0:0:0:0:0, 3+0+1:0:0:0:0, 4+0+3:0:0:0:0, 1+0+2:0:0:0:0, 0+0+0:0:0:0:0, 0+0+0:0:0:0:0, 3+0+0:0:0:0:0, 3+0+0:0:0:0:0, 2+0+0:0:0:0:0, 0+0+0:0:0:0:0, 0+0+0:0:0:0:0, 1+0+0:0:0:0:0, 0+0+0:0:0:0:0, 1+0+1:0:0:0:0, 0+0+0:0:0:0:0, 2+0+1:0:0:0:0, 0+0+0:0:0:0:0, 2+0+1:0:0:0:0, 3+0+2:0:0:0:0, 1+0+0:0:0:0:0, 0+0+0:0:0:0:0, 0+0+0:0:0:0:0, 0+0+0:0:0:0:0, 1+0+1:0:0:0:0, 0+0+0:0:0:0:0, 1+0+1:0:0:0:0, 0+0+0:0:0:0:0, 2+0+2:0:0:0:0, 3+0+0:0:0:0:0, 1+0+0:0:0:0:0, 0+0+0:0:0:0:0, 1+0+1:0:0:0:0, 1+0+0:0:0:0:0, 1+0+0:0:0:0:0, 0+0+0:0:0:0:0, 2+0+1:0:0:0:0, 3+0+3:0:0:0:0, 1+0+0:0:0:0:0, 0+0+0:0:0:0:0, 0+0+0:0:0:0:0, 0+0+0:0:0:0:0, 0+0+0:0:0:0:0, 2+0+1:0:0:0:0, 0+0+0:0:0:0:0, 0+0+0:0:0:0:0, 1+0+1:0:0:0:0, 0+0+0:0:0:0:0, 1+0+0:0:0:0:0, 0+0+0:0:0:0:0, 1+0+1:0:0:0:0, 0+0+0:0:0:0:0, 2+0+1:0:0:0:0, 2+0+2:0:0:0:0, 1+0+1:0:0:0:0, 0+0+0:0:0:0:0, 0+0+0:0:0:0:0, 0+0+0:0:0:0:0, 0+0+0:0:0:0:0, 0+0+0:0:0:0:0, 1+0+1:0:0:0:0, 0+0+0:0:0:0:0, 2+0+1:0:0:0:0, 4+0+1:0:0:0:0, 2+0+2:0:0:0:0, 0+0+0:0:0:0:0, 1+0+0:0:0:0:0, 1+0+0:0:0:0:0, 0+0+0:0:0:0:0, 0+0+0:0:0:0:0, 2+0+1:0:0:0:0, 6+0+2:0:0:0:0, 1+0+0:0:0:0:0, 0+0+0:0:0:0:0, 0+0+0:0:0:0:0, 3+0+0:0:0:0:0, 2+0+0:0:0:0:0, 0+0+0:0:0:0:0, 2+0+1:0:0:0:0, 2+0+2:0:0:0:0, 1+0+0:0:0:0:0, 0+0+0:0:0:0:0, 1+0+1:0:0:0:0, 0+0+0:0:0:0:0, 0+0+0:0:0:0:0, 0+0+0:0:0:0:0, 2+0+0:0:0:0:0, 2+0+1:0:0:0:0, 1+0+0:0:0:0:0, 0+0+0:0:0:0:0, 0+0+0:0:0:0:0, 0+0+0:0:0:0:0, 1+0+1:0:0:0:0, 1+0+0:0:0:0:0, 2+0+1:0:0:0:0, 0+0+0:0:0:0:0, 2+0+1:0:0:0:0, 3+0+2:0:0:0:0, 0+0+0:0:0:0:0, 0+0+0:0:0:0:0, 1+0+1:0:0:0:0, 0+0+0:0:0:0:0, 2+0+2:0:0:0:0, 0+0+0:0:0:0:0, 3+0+1:0:0:0:0, 2+0+0:0:0:0:0, 1+0+0:0:0:0:0, 0+0+0:0:0:0:0, 1+0+0:0:0:0:0, 2+0+0:0:0:0:0, 2+0+0:0:0:0:0, 2+0+1:0:0:0:0, 1+0+0:0:0:0:0, 4+0+0:0:0:0:0, 1+0+0:0:0:0:0, 0+0+0:0:0:0:0, 0+0+0:0:0:0:0, 0+0+0:0:0:0:0, 0+0+0:0:0:0:0, 0+0+0:0:0:0:0, 3+0+1:0:0:0:0, 2+0+2:0:0:0:0, 1+0+1:0:0:0:0, 0+0+0:0:0:0:0, 0+0+0:0:0:0:0, 0+0+0:0:0:0:0, 0+0+0:0:0:0:0, 0+0+0:0:0:0:0, 0+0+0:0:0:0:0, 1+0+1:0:0:0:0, 3+0+1:0:0:0:0, 0+0+0:0:0:0:0, 0+0+0:0:0:0:0, 0+0+0:0:0:0:0, 173+0+68:0:0:0:0
B minor (2#),  , 0+0+0:0:0:0:0, 1+0+0:0:0:0:0, 2+0+0:0:0:0:0, 3+0+2:0:0:0:0, 2+0+0:0:0:0:0, 1+0+0:0:0:0:0, 1+0+0:0:0:0:0, 3+0+0:0:0:0:0, 0+0+0:0:0:0:0, 1+0+0:0:0:0:0, 2+0+0:0:0:0:0, 3+0+1:0:0:0:0, 2+0+0:0:0:0:0, 1+0+0:0:0:0:0, 2+0+1:0:0:0:0, 2+0+0:0:0:0:0, 0+0+0:0:0:0:0, 0+0+0:0:0:0:0, 0+0+0:0:0:0:0, 0+0+0:0:0:0:0, 0+0+0:0:0:0:0, 2+0+0:0:0:0:0, 1+0+0:0:0:0:0, 2+0+1:0:0:0:0, 0+0+0:0:0:0:0, 1+0+0:0:0:0:0, 2+0+0:0:0:0:0, 2+0+0:0:0:0:0, 2+0+1:0:0:0:0, 1+0+0:0:0:0:0, 2+0+0:0:0:0:0, 2+0+0:0:0:0:0, 2+0+0:0:0:0:0, 2+0+0:0:0:0:0, 0+0+0:0:0:0:0, 2+0+1:0:0:0:0, 2+0+0:0:0:0:0, 4+0+0:0:0:0:0, 3+0+1:0:1:0:0, 2+0+1:0:0:0:0, 1+0+0:0:0:0:0, 3+0+0:0:0:0:0, 1+0+1:0:0:0:0, 1+0+0:0:0:0:0, 3+0+1:0:0:0:0, 2+0+2:0:0:0:0, 2+0+0:0:0:0:0, 2+0+1:0:0:0:0, 1+0+0:0:0:0:0, 3+0+0:0:0:0:0, 0+0+0:0:0:0:0, 0+0+0:0:0:0:0, 0+0+0:0:0:0:0, 0+0+0:0:0:0:0, 0+0+0:0:0:0:0, 2+0+0:0:0:0:0, 1+0+0:0:0:0:0, 2+0+1:0:0:0:0, 3+0+1:0:0:0:0, 1+0+0:0:0:0:0, 2+0+1:0:0:0:0, 4+0+1:0:0:0:0, 4+0+1:0:0:0:0, 1+0+1:0:0:0:0, 1+0+0:0:0:0:0, 3+0+0:0:0:0:0, 1+0+0:0:0:0:0, 3+0+1:0:0:0:0, 1+0+0:0:0:0:0, 2+0+1:0:0:0:0, 2+0+1:0:0:0:0, 4+0+0:0:0:0:0, 3+0+2:0:0:0:0, 0+0+0:0:0:0:0, 2+0+0:0:0:0:0, 3+0+0:0:0:0:0, 1+0+0:0:0:0:0, 1+0+0:0:0:0:0, 2+0+0:0:0:0:0, 4+0+0:0:0:0:0, 3+0+1:0:1:0:0, 1+0+0:0:0:0:0, 2+0+2:0:0:0:0, 3+0+1:0:0:0:0, 0+0+0:0:0:0:0, 0+0+0:0:0:0:0, 0+0+0:0:0:0:0, 2+0+1:0:0:0:0, 0+0+0:0:0:0:0, 2+0+0:0:0:0:0, 2+0+1:0:0:0:0, 2+0+1:0:0:0:0, 0+0+0:0:0:0:0, 2+0+1:0:0:0:0, 4+0+2:0:0:0:0, 2+0+1:0:0:0:0, 4+0+1:0:0:0:0, 1+0+0:0:0:0:0, 2+0+0:0:0:0:0, 3+0+0:0:0:0:0, 2+0+0:0:0:0:0, 2+0+0:0:0:0:0, 0+0+0:0:0:0:0, 1+0+0:0:0:0:0, 2+0+1:0:0:0:0, 3+0+0:0:0:0:0, 3+0+1:0:1:0:0, 2+0+1:0:0:0:0, 2+0+2:0:0:0:0, 0+0+0:0:0:0:0, 0+0+0:0:0:0:0, 0+0+0:0:0:0:0, 1+0+0:0:0:0:0, 2+0+1:0:0:0:0, 4+0+1:0:0:0:0, 2+0+1:0:0:0:0, 1+0+0:0:0:0:0, 2+0+0:0:0:0:0, 0+0+0:0:0:0:0, 0+0+0:0:0:0:0, 0+0+0:0:0:0:0, 1+0+0:0:0:0:0, 2+0+1:0:0:0:0, 1+0+2:0:0:0:0, 1+0+0:0:0:0:0, 2+0+1:0:0:0:0, 3+0+1:0:0:0:0, 2+0+1:0:0:0:0, 4+0+2:0:0:0:0, 2+0+2:0:0:0:0, 2+0+0:0:0:0:0, 1+0+0:0:0:0:0, 1+0+0:0:0:0:0, 3+0+0:0:0:0:0, 2+0+0:0:0:0:0, 2+0+0:0:0:0:0, 2+0+1:0:0:0:0, 1+0+0:0:0:0:0, 2+0+1:0:0:0:0, 4+0+0:0:0:0:0, 3+0+1:0:1:0:0, 2+0+0:0:0:0:0, 2+0+0:0:0:0:0, 3+0+1:0:0:0:0, 1+0+0:0:0:0:0, 1+0+1:0:0:0:0, 3+0+3:0:0:0:0, 3+0+3:0:0:0:0, 2+0+0:0:0:0:0, 2+0+0:0:0:0:0, 2+0+0:0:0:0:0, 2+0+1:0:0:0:0, 0+0+0:0:0:0:0, 0+0+0:0:0:0:0, 0+0+0:0:0:0:0, 1+0+1:1:0:0:0, 1+0+0:0:0:0:0, 2+0+0:0:0:0:0, 1+0+0:0:0:0:0, 2+0+1:0:0:0:0, 0+0+0:0:0:0:0, 1+0+0:0:0:0:0, 2+0+0:0:0:0:0, 2+0+0:0:0:0:0, 2+0+0:0:0:0:0, 1+0+0:0:0:0:0, 1+0+0:0:0:0:0, 2+0+0:0:0:0:0, 1+0+0:0:0:0:0, 1+0+0:0:0:0:0, 1+0+0:0:0:0:0, 2+0+0:0:0:0:0, 2+0+0:0:0:0:0, 4+0+1:0:0:0:0, 1+0+1:0:0:0:0, 1+0+0:0:0:0:0, 1+0+0:0:0:0:0, 1+0+0:0:0:0:0, 293+0+71:1:4:0:0
Eb major (3b),  , 1+0+0:0:0:0:0, 0+0+0:0:0:0:0, 0+0+0:0:0:0:0, 0+0+0:0:0:0:0, 1+0+0:0:0:0:0, 3+0+0:0:0:0:0, 1+0+0:0:0:0:0, 0+0+0:0:0:0:0, 2+0+2:0:0:0:0, 0+0+0:0:0:0:0, 0+0+0:0:0:0:0, 1+0+0:0:0:0:0, 1+0+1:0:0:0:0, 2+0+0:0:0:0:0, 1+0+0:0:0:0:0, 0+0+0:0:0:0:0, 4+0+1:0:0:0:0, 3+0+1:0:0:0:0, 4+0+1:0:0:0:0, 3+0+2:0:0:0:0, 0+0+0:0:0:0:0, 1+0+0:0:0:0:0, 0+0+0:0:0:0:0, 0+0+0:0:0:0:0, 1+0+0:0:0:0:0, 0+0+0:0:0:0:0, 0+0+0:0:0:0:0, 0+0+0:0:0:0:0, 1+0+1:0:0:0:0, 2+0+0:0:0:0:0, 1+0+0:0:0:0:0, 0+0+0:0:0:0:0, 0+0+0:0:0:0:0, 0+0+0:0:0:0:0, 2+0+0:0:0:0:0, 2+0+1:0:0:0:0, 2+0+0:0:0:0:0, 0+0+0:0:0:0:0, 1+0+1:0:0:0:0, 3+0+1:0:0:0:0, 1+0+0:0:0:0:0, 0+0+0:0:0:0:0, 2+0+1:0:0:0:0, 0+0+0:0:0:0:0, 0+0+0:0:0:0:0, 1+0+1:0:0:0:0, 2+0+1:0:0:0:0, 3+0+0:0:0:0:0, 2+0+1:0:0:0:0, 0+0+0:0:0:0:0, 2+0+0:0:0:0:0, 3+0+1:0:0:0:0, 4+0+0:0:0:0:0, 2+0+1:0:0:0:0, 0+0+0:0:0:0:0, 1+0+0:0:0:0:0, 0+0+0:0:0:0:0, 0+0+0:0:0:0:0, 1+0+1:0:0:0:0, 1+0+0:0:0:0:0, 2+0+1:0:0:0:0, 0+0+0:0:0:0:0, 1+0+1:0:0:0:0, 4+0+1:0:0:0:0, 1+0+0:0:0:0:0, 0+0+0:0:0:0:0, 0+0+0:0:0:0:0, 0+0+0:0:0:0:0, 1+0+1:0:0:0:0, 0+0+0:0:0:0:0, 2+0+1:0:0:0:0, 0+0+0:0:0:0:0, 1+0+1:0:0:0:0, 3+0+0:0:0:0:0, 1+0+0:0:0:0:0, 0+0+0:0:0:0:0, 3+0+1:0:0:0:0, 2+0+0:0:0:0:0, 1+0+0:0:0:0:0, 0+0+0:0:0:0:0, 1+0+1:0:0:0:0, 3+0+0:0:0:0:0, 1+0+0:0:0:0:0, 0+0+0:0:0:0:0, 2+0+0:0:0:0:0, 2+0+0:0:0:0:0, 2+0+0:0:0:0:0, 3+0+1:0:0:0:0, 0+0+0:0:0:0:0, 0+0+0:0:0:0:0, 0+0+0:0:0:0:0, 0+0+0:0:0:0:0, 2+0+0:0:0:0:0, 0+0+0:0:0:0:0, 1+0+1:0:0:0:0, 0+0+0:0:0:0:0, 1+0+0:0:0:0:0, 2+0+0:0:0:0:0, 1+0+0:0:0:0:0, 0+0+0:0:0:0:0, 0+0+0:0:0:0:0, 0+0+0:0:0:0:0, 1+0+0:0:0:0:0, 0+0+0:0:0:0:0, 2+0+1:0:0:0:0, 0+0+0:0:0:0:0, 1+0+1:0:0:0:0, 3+0+1:0:0:0:0, 1+0+1:0:0:0:0, 0+0+0:0:0:0:0, 2+0+1:0:0:0:0, 1+0+0:0:0:0:0, 0+0+0:0:0:0:0, 1+0+0:0:0:0:0, 1+0+1:0:0:0:0, 5+0+2:0:0:0:0, 1+0+0:0:0:0:0, 0+0+0:0:0:0:0, 2+0+0:0:0:0:0, 3+0+1:0:0:0:0, 3+0+0:0:0:0:0, 1+0+0:0:0:0:0, 1+0+1:0:0:0:0, 1+0+0:0:0:0:0, 0+0+0:0:0:0:0, 0+0+0:0:0:0:0, 1+0+1:0:0:0:0, 0+0+0:0:0:0:0, 0+0+0:0:0:0:0, 1+0+1:0:0:0:0, 1+0+0:0:0:0:0, 2+0+0:0:0:0:0, 1+0+0:0:0:0:0, 0+0+0:0:0:0:0, 0+0+0:0:0:0:0, 0+0+0:0:0:0:0, 3+0+1:0:0:0:0, 1+0+0:0:0:0:0, 2+0+1:0:0:0:0, 0+0+0:0:0:0:0, 1+0+1:0:0:0:0, 3+0+1:0:0:0:0, 0+0+0:0:0:0:0, 0+0+0:0:0:0:0, 2+0+1:0:0:0:0, 0+0+0:0:0:0:0, 2+0+1:0:0:0:0, 0+0+0:0:0:0:0, 2+0+0:0:0:0:0, 2+0+0:0:0:0:0, 1+0+0:0:0:0:0, 0+0+0:0:0:0:0, 3+0+0:0:0:0:0, 2+0+1:1:0:0:1, 4+0+0:0:0:0:0, 3+0+1:0:0:0:0, 1+0+1:0:0:0:0, 2+0+0:0:0:0:0, 0+0+0:0:0:0:0, 0+0+0:0:0:0:0, 1+0+0:0:0:0:0, 0+0+0:0:0:0:0, 0+0+0:0:0:0:0, 0+0+0:0:0:0:0, 2+0+1:0:0:0:0, 2+0+0:0:0:0:0, 2+0+1:0:0:0:0, 0+0+0:0:0:0:0, 0+0+0:0:0:0:0, 0+0+0:0:0:0:0, 0+0+0:0:0:0:0, 0+0+0:0:0:0:0, 0+0+0:0:0:0:0, 2+0+1:0:0:0:0, 2+0+1:0:0:0:0, 0+0+0:0:0:0:0, 0+0+0:0:0:0:0, 0+0+0:0:0:0:0, 192+0+54:1:0:0:1
A major (3#),  , 0+0+0:0:0:0:0, 2+0+0:0:0:0:0, 2+0+0:0:0:0:0, 4+0+2:0:0:0:0, 1+0+0:0:0:0:0, 1+0+0:0:0:0:0, 1+0+0:0:0:0:0, 3+0+0:0:0:0:0, 0+0+0:0:0:0:0, 2+0+0:0:0:0:0, 2+0+0:0:0:0:0, 3+0+4:0:0:0:0, 1+0+0:0:0:0:0, 1+0+0:0:0:0:0, 2+0+0:0:0:0:0, 2+0+0:0:0:0:0, 0+0+0:0:0:0:0, 0+0+0:0:0:0:0, 0+0+0:0:0:0:0, 0+0+0:0:0:0:0, 1+0+0:0:0:0:0, 2+0+0:0:0:0:0, 0+0+0:0:0:0:0, 3+0+1:0:0:0:0, 0+0+0:0:0:0:0, 2+0+0:0:0:0:0, 2+0+0:0:0:0:0, 2+0+0:0:0:0:0, 1+0+0:0:0:0:0, 1+0+0:0:0:0:0, 2+0+0:0:0:0:0, 2+0+0:0:0:0:0, 2+0+0:0:0:0:0, 2+0+0:0:0:0:0, 0+0+0:0:0:0:0, 2+0+1:0:0:0:0, 2+0+0:0:0:0:0, 4+0+0:0:0:0:0, 3+0+1:0:0:0:0, 2+0+1:0:0:0:0, 1+0+0:0:0:0:0, 4+0+0:0:0:0:0, 2+0+1:0:0:0:0, 3+0+0:0:0:0:0, 3+0+0:0:0:0:0, 2+0+1:0:0:0:0, 1+0+1:0:0:0:0, 2+0+1:0:0:0:0, 1+0+0:0:0:0:0, 3+0+0:0:0:0:0, 0+0+0:0:0:0:0, 0+0+0:0:0:0:0, 0+0+0:0:0:0:0, 0+0+0:0:0:0:0, 1+0+0:0:0:0:0, 2+0+0:0:0:0:0, 0+0+0:0:0:0:0, 3+0+1:0:0:0:0, 2+0+1:0:0:0:0, 3+0+0:0:0:0:0, 2+0+1:0:0:0:0, 4+0+1:0:0:0:0, 3+0+1:0:0:0:0, 1+0+1:0:0:0:0, 1+0+0:0:0:0:0, 3+0+0:0:0:0:0, 1+0+0:0:0:0:0, 3+0+1:0:0:0:0, 0+0+0:0:0:0:0, 4+0+1:0:0:0:0, 2+0+0:0:0:0:0, 4+0+0:0:0:0:0, 3+0+2:0:0:0:0, 0+0+0:0:0:0:0, 2+0+0:0:0:0:0, 3+0+0:0:0:0:0, 0+0+0:0:0:0:0, 2+0+0:0:0:0:0, 2+0+0:0:0:0:0, 4+0+0:0:0:0:0, 2+0+1:0:1:0:0, 1+0+0:0:0:0:0, 2+0+0:0:0:0:0, 4+0+1:0:0:0:0, 0+0+0:0:0:0:0, 0+0+0:0:0:0:0, 0+0+0:0:0:0:0, 1+0+1:0:0:0:0, 2+0+0:0:0:0:0, 3+0+0:0:0:0:0, 1+0+1:0:0:0:0, 3+0+1:0:0:0:0, 0+0+0:0:0:0:0, 4+0+1:0:0:0:0, 4+0+1:0:0:0:0, 2+0+1:0:0:0:0, 3+0+1:0:0:0:0, 1+0+0:0:0:0:0, 2+0+0:0:0:0:0, 3+0+0:0:0:0:0, 2+0+0:0:0:0:0, 2+0+0:0:0:0:0, 0+0+0:0:0:0:0, 2+0+0:0:0:0:0, 2+0+0:0:0:0:0, 3+0+0:0:0:0:0, 3+0+1:0:0:0:0, 2+0+1:0:0:0:0, 2+0+2:0:0:0:0, 1+0+0:0:0:0:0, 1+0+0:0:0:0:0, 2+0+0:0:0:0:0, 1+0+0:0:0:0:0, 2+0+1:0:0:0:0, 3+0+1:0:0:0:0, 2+0+1:0:0:0:0, 1+0+0:0:0:0:0, 2+0+0:0:0:0:0, 0+0+0:0:0:0:0, 0+0+0:0:0:0:0, 0+0+0:0:0:0:0, 1+0+0:0:0:0:0, 1+0+1:0:0:0:0, 2+0+0:0:0:0:0, 0+0+0:0:0:0:0, 3+0+1:0:0:0:0, 2+0+1:0:0:0:0, 4+0+1:0:0:0:0, 4+0+1:0:0:0:0, 2+0+2:0:0:0:0, 1+0+0:0:0:0:0, 1+0+0:0:0:0:0, 1+0+0:0:0:0:0, 3+0+0:0:0:0:0, 2+0+0:0:0:0:0, 2+0+0:0:0:0:0, 1+0+1:0:0:0:0, 3+0+0:0:0:0:0, 2+0+0:0:0:0:0, 4+0+0:0:0:0:0, 2+0+1:0:1:0:0, 2+0+1:0:0:0:0, 2+0+0:0:0:0:0, 3+0+2:0:0:0:0, 2+0+1:0:0:0:0, 3+0+0:0:0:0:0, 3+0+2:0:0:0:0, 4+0+1:0:0:0:0, 1+0+0:0:0:0:0, 2+0+0:0:0:0:0, 2+0+0:0:0:0:0, 4+0+0:0:0:0:0, 0+0+0:0:0:0:0, 0+0+0:0:0:0:0, 0+0+0:0:0:0:0, 1+0+1:1:0:0:0, 2+0+1:0:0:0:0, 2+0+0:0:0:0:0, 0+0+0:0:0:0:0, 3+0+1:0:0:0:0, 0+0+0:0:0:0:0, 2+0+0:0:0:0:0, 2+0+0:0:0:0:0, 2+0+0:0:0:0:0, 1+0+0:0:0:0:0, 1+0+0:0:0:0:0, 1+0+0:0:0:0:0, 2+0+0:0:0:0:0, 1+0+0:0:0:0:0, 1+0+0:0:0:0:0, 1+0+0:0:0:0:0, 2+0+0:0:0:0:0, 2+0+0:0:0:0:0, 3+0+1:0:0:0:0, 2+0+1:0:0:0:0, 1+0+0:0:0:0:0, 1+0+0:0:0:0:0, 1+0+0:0:0:0:0, 313+0+61:1:2:0:0
C minor (3b),  , 1+0+0:0:0:0:0, 0+0+0:0:0:0:0, 0+0+0:0:0:0:0, 0+0+0:0:0:0:0, 1+0+0:0:0:0:0, 3+0+0:0:0:0:0, 1+0+0:0:0:0:0, 0+0+0:0:0:0:0, 2+0+0:0:0:0:0, 0+0+0:0:0:0:0, 0+0+0:0:0:0:0, 2+0+1:0:0:0:0, 1+0+1:0:0:0:0, 2+0+0:0:0:0:0, 1+0+0:0:0:0:0, 0+0+0:0:0:0:0, 4+0+1:0:0:0:0, 3+0+1:0:0:0:0, 4+0+1:0:0:0:0, 3+0+0:0:0:0:0, 0+0+0:0:0:0:0, 1+0+0:0:0:0:0, 0+0+0:0:0:0:0, 0+0+0:0:0:0:0, 1+0+0:0:0:0:0, 0+0+0:0:0:0:0, 0+0+0:0:0:0:0, 0+0+0:0:0:0:0, 1+0+1:0:0:0:0, 2+0+0:0:0:0:0, 1+0+0:0:0:0:0, 0+0+0:0:0:0:0, 0+0+0:0:0:0:0, 0+0+0:0:0:0:0, 2+0+0:0:0:0:0, 2+0+1:0:0:0:0, 2+0+0:0:0:0:0, 0+0+0:0:0:0:0, 1+0+1:0:0:0:0, 3+0+3:0:0:0:0, 1+0+0:0:0:0:0, 0+0+0:0:0:0:0, 2+0+0:0:0:0:0, 0+0+0:0:0:0:0, 0+0+0:0:0:0:0, 1+0+0:0:0:0:0, 2+0+1:0:0:0:0, 4+0+3:0:0:0:0, 2+0+0:0:0:0:0, 0+0+0:0:0:0:0, 2+0+0:0:0:0:0, 3+0+1:0:0:0:0, 4+0+0:0:0:0:0, 2+0+0:0:0:0:0, 0+0+0:0:0:0:0, 1+0+0:0:0:0:0, 0+0+0:0:0:0:0, 0+0+0:0:0:0:0, 1+0+1:0:0:0:0, 1+0+0:0:0:0:0, 3+0+1:0:0:0:0, 0+0+0:0:0:0:0, 1+0+1:0:0:0:0, 4+0+2:0:0:0:0, 1+0+0:0:0:0:0, 0+0+0:0:0:0:0, 0+0+0:0:0:0:0, 0+0+0:0:0:0:0, 1+0+1:0:0:0:0, 0+0+0:0:0:0:0, 2+0+0:0:0:0:0, 0+0+0:0:0:0:0, 1+0+1:0:0:0:0, 3+0+0:0:0:0:0, 1+0+0:0:0:0:0, 0+0+0:0:0:0:0, 3+0+0:0:0:0:0, 2+0+0:0:0:0:0, 1+0+0:0:0:0:0, 0+0+0:0:0:0:0, 1+0+1:0:0:0:0, 3+0+0:0:0:0:0, 1+0+0:0:0:0:0, 0+0+0:0:0:0:0, 2+0+0:0:0:0:0, 2+0+0:0:0:0:0, 2+0+0:0:0:0:0, 3+0+1:0:0:0:0, 0+0+0:0:0:0:0, 0+0+0:0:0:0:0, 0+0+0:0:0:0:0, 0+0+0:0:0:0:0, 2+0+0:0:0:0:0, 0+0+0:0:0:0:0, 1+0+1:0:0:0:0, 0+0+0:0:0:0:0, 1+0+1:0:0:0:0, 2+0+0:0:0:0:0, 1+0+0:0:0:0:0, 0+0+0:0:0:0:0, 0+0+0:0:0:0:0, 0+0+0:0:0:0:0, 1+0+0:0:0:0:0, 0+0+0:0:0:0:0, 2+0+0:0:0:0:0, 0+0+0:0:0:0:0, 1+0+1:0:0:0:0, 3+0+2:0:0:0:0, 1+0+1:0:0:0:0, 0+0+0:0:0:0:0, 2+0+0:0:0:0:0, 1+0+0:0:0:0:0, 0+0+0:0:0:0:0, 1+0+1:0:0:0:0, 1+0+1:0:0:0:0, 5+0+2:0:0:0:0, 1+0+0:0:0:0:0, 0+0+0:0:0:0:0, 2+0+0:0:0:0:0, 3+0+1:0:0:0:0, 3+0+0:0:0:0:0, 1+0+0:0:0:0:0, 1+0+1:0:0:0:0, 2+0+2:0:0:0:0, 0+0+0:0:0:0:0, 0+0+0:0:0:0:0, 1+0+1:0:0:0:0, 0+0+0:0:0:0:0, 0+0+0:0:0:0:0, 1+0+0:0:0:0:0, 1+0+0:0:0:0:0, 2+0+0:0:0:0:0, 1+0+0:0:0:0:0, 0+0+0:0:0:0:0, 0+0+0:0:0:0:0, 0+0+0:0:0:0:0, 3+0+1:0:0:0:0, 1+0+0:0:0:0:0, 2+0+1:0:0:0:0, 0+0+0:0:0:0:0, 1+0+1:0:0:0:0, 3+0+2:0:0:0:0, 0+0+0:0:0:0:0, 0+0+0:0:0:0:0, 2+0+1:0:0:0:0, 0+0+0:0:0:0:0, 2+0+2:0:0:0:0, 0+0+0:0:0:0:0, 2+0+1:0:0:0:0, 2+0+0:0:0:0:0, 1+0+0:0:0:0:0, 0+0+0:0:0:0:0, 3+0+0:0:0:0:0, 2+0+1:0:0:0:0, 4+0+0:0:0:0:0, 3+0+1:0:0:0:0, 1+0+0:0:0:0:0, 4+0+2:0:0:0:0, 0+0+0:0:0:0:0, 0+0+0:0:0:0:0, 1+0+0:0:0:0:0, 0+0+0:0:0:0:0, 0+0+0:0:0:0:0, 0+0+0:0:0:0:0, 2+0+1:0:0:0:0, 2+0+0:0:0:0:0, 2+0+1:0:0:0:0, 0+0+0:0:0:0:0, 0+0+0:0:0:0:0, 0+0+0:0:0:0:0, 0+0+0:0:0:0:0, 0+0+0:0:0:0:0, 0+0+0:0:0:0:0, 2+0+1:0:0:0:0, 2+0+1:0:0:0:0, 0+0+0:0:0:0:0, 0+0+0:0:0:0:0, 0+0+0:0:0:0:0, 198+0+57:0:0:0:0
F# minor (3#),  , 0+0+0:0:0:0:0, 2+0+0:0:0:0:0, 2+0+0:0:0:0:0, 4+0+2:0:0:0:0, 1+0+0:0:0:0:0, 1+0+0:0:0:0:0, 1+0+0:0:0:0:0, 3+0+0:0:0:0:0, 0+0+0:0:0:0:0, 2+0+0:0:0:0:0, 2+0+0:0:0:0:0, 3+0+1:0:0:0:0, 1+0+0:0:0:0:0, 1+0+0:0:0:0:0, 2+0+0:0:0:0:0, 2+0+0:0:0:0:0, 0+0+0:0:0:0:0, 0+0+0:0:0:0:0, 0+0+1:0:0:0:0, 0+0+0:0:0:0:0, 1+0+0:0:0:0:0, 2+0+0:0:0:0:0, 0+0+0:0:0:0:0, 3+0+1:0:0:0:0, 0+0+0:0:0:0:0, 2+0+0:0:0:0:0, 2+0+0:0:0:0:0, 2+0+0:0:0:0:0, 1+0+0:0:0:0:0, 1+0+0:0:0:0:0, 2+0+0:0:0:0:0, 2+0+0:0:0:0:0, 2+0+0:0:0:0:0, 2+0+0:0:0:0:0, 0+0+0:0:0:0:0, 2+0+1:0:0:0:0, 2+0+0:0:0:0:0, 4+0+0:0:0:0:0, 2+0+1:0:0:0:0, 2+0+1:0:0:0:0, 1+0+0:0:0:0:0, 4+0+1:0:0:0:1, 2+0+1:0:0:0:0, 3+0+0:0:0:0:0, 3+0+1:0:0:0:0, 2+0+2:0:0:0:0, 1+0+0:0:0:0:0, 2+0+1:0:0:0:0, 1+0+0:0:0:0:0, 3+0+0:0:0:0:0, 0+0+0:0:0:0:0, 0+0+0:0:0:0:0, 0+0+0:0:0:0:0, 0+0+0:0:0:0:0, 1+0+0:0:0:0:0, 2+0+0:0:0:0:0, 0+0+0:0:0:0:0, 3+0+1:0:0:0:0, 2+0+1:0:0:0:0, 3+0+0:0:0:0:0, 2+0+1:0:0:0:0, 5+0+1:0:0:0:0, 2+0+1:0:1:0:0, 1+0+1:0:0:0:0, 1+0+0:0:0:0:0, 3+0+0:0:0:0:0, 1+0+0:0:0:0:0, 4+0+0:0:0:0:0, 0+0+0:0:0:0:0, 4+0+1:0:0:0:0, 2+0+0:0:0:0:0, 4+0+0:0:0:0:0, 3+0+2:0:0:0:0, 0+0+0:0:0:0:0, 2+0+0:0:0:0:0, 3+0+0:0:0:0:0, 0+0+0:0:0:0:0, 2+0+0:0:0:0:0, 2+0+0:0:0:0:0, 4+0+0:0:0:0:0, 2+0+1:0:0:0:0, 1+0+0:0:0:0:0, 2+0+0:0:0:0:0, 4+0+1:0:0:0:0, 0+0+0:0:0:0:0, 0+0+0:0:0:0:0, 0+0+0:0:0:0:0, 1+0+1:0:0:0:0, 2+0+0:0:0:0:0, 3+0+0:0:0:0:0, 1+0+1:0:0:0:0, 3+0+1:0:0:0:0, 0+0+0:0:0:0:0, 4+0+1:0:0:0:0, 4+0+2:0:0:0:2, 2+0+1:0:0:0:0, 2+0+0:0:0:0:0, 1+0+0:0:0:0:0, 2+0+0:0:0:0:0, 3+0+0:0:0:0:0, 2+0+0:0:0:0:0, 2+0+0:0:0:0:0, 0+0+0:0:0:0:0, 2+0+1:0:0:0:0, 2+0+0:0:0:0:0, 3+0+0:0:0:0:0, 2+0+1:0:0:0:0, 2+0+1:0:0:0:0, 3+0+1:0:0:0:0, 1+0+0:0:0:0:0, 1+0+0:0:0:0:0, 2+0+0:0:0:0:0, 1+0+0:0:0:0:0, 3+0+2:0:0:0:0, 2+0+1:0:1:0:0, 2+0+1:0:0:0:0, 1+0+0:0:0:0:0, 2+0+0:0:0:0:0, 0+0+0:0:0:0:0, 0+0+0:0:0:0:0, 0+0+0:0:0:0:0, 1+0+0:0:0:0:0, 1+0+1:0:0:0:0, 2+0+2:0:0:0:0, 0+0+0:0:0:0:0, 3+0+1:0:0:0:0, 2+0+1:0:0:0:0, 4+0+1:0:0:0:0, 4+0+2:0:0:0:0, 2+0+2:0:0:0:0, 1+0+0:0:0:0:0, 1+0+0:0:0:0:0, 1+0+0:0:0:0:0, 3+0+0:0:0:0:0, 2+0+0:0:0:0:0, 2+0+0:0:0:0:0, 1+0+1:0:0:0:0, 3+0+0:0:0:0:0, 2+0+0:0:0:0:0, 4+0+0:0:0:0:0, 2+0+1:0:0:0:0, 2+0+1:0:0:0:0, 2+0+0:0:0:0:0, 3+0+1:0:0:0:0, 1+0+0:0:0:0:0, 3+0+1:0:0:0:0, 3+0+3:0:0:0:1, 4+0+3:0:0:0:0, 1+0+0:0:0:0:0, 2+0+0:0:0:0:0, 2+0+0:0:0:0:0, 4+0+0:0:0:0:0, 0+0+0:0:0:0:0, 0+0+0:0:0:0:0, 0+0+0:0:0:0:0, 1+0+1:1:0:0:0, 2+0+1:0:0:0:0, 2+0+0:0:0:0:0, 0+0+0:0:0:0:0, 3+0+1:0:0:0:0, 0+0+0:0:0:0:0, 2+0+0:0:0:0:0, 2+0+0:0:0:0:0, 2+0+0:0:0:0:0, 1+0+0:0:0:0:0, 1+0+0:0:0:0:0, 1+0+0:0:0:0:0, 2+0+0:0:0:0:0, 1+0+0:0:0:0:0, 1+0+0:0:0:0:0, 1+0+0:0:0:0:0, 2+0+0:0:0:0:0, 2+0+0:0:0:0:0, 3+0+1:0:0:0:0, 3+0+2:0:0:0:0, 1+0+0:0:0:0:0, 1+0+0:0:0:0:0, 1+0+0:0:0:0:0, 312+0+67:1:2:0:4
Ab major (4b),  , 2+0+0:0:0:0:0, 1+0+0:0:0:0:0, 0+0+0:0:0:0:0, 0+0+0:0:0:0:0, 0+0+0:0:0:0:0, 3+0+0:0:0:0:0, 1+0+0:0:0:0:0, 0+0+0:0:0:0:0, 3+0+1:0:0:0:0, 1+0+0:0:0:0:0, 0+0+0:0:0:0:0, 1+0+0:0:0:0:0, 2+0+1:0:0:0:0, 2+0+0:0:0:0:0, 1+0+0:0:0:0:0, 0+0+0:0:0:0:0, 4+0+0:0:0:0:0, 4+0+0:0:0:0:0, 5+0+1:0:0:0:0, 4+0+2:0:0:0:0, 2+0+0:0:0:0:0, 1+0+0:0:0:0:0, 1+0+0:0:0:0:0, 1+0+0:0:0:0:0, 2+0+0:0:0:0:0, 0+0+0:0:0:0:0, 0+0+0:0:0:0:0, 0+0+0:0:0:0:0, 2+0+1:0:0:0:0, 2+0+0:0:0:0:0, 1+0+0:0:0:0:0, 0+0+0:0:0:0:0, 0+0+0:0:0:0:0, 0+0+0:0:0:0:0, 3+0+0:0:0:0:0, 2+0+1:0:0:0:0, 2+0+1:0:0:0:0, 0+0+0:0:0:0:0, 2+0+1:0:0:0:0, 3+0+1:0:0:0:0, 1+0+0:0:0:0:0, 1+0+0:0:0:0:0, 3+0+1:0:0:0:0, 0+0+0:0:0:0:0, 0+0+0:0:0:0:0, 2+0+1:0:0:0:0, 1+0+0:0:0:0:0, 4+0+0:0:0:0:0, 2+0+1:0:0:0:0, 0+0+0:0:0:0:0, 2+0+0:0:0:0:0, 4+0+1:0:0:0:0, 4+0+0:0:0:0:0, 3+0+1:0:0:0:0, 2+0+0:0:0:0:0, 1+0+0:0:0:0:0, 1+0+0:0:0:0:0, 0+0+0:0:0:0:0, 2+0+1:0:0:0:0, 1+0+0:0:0:0:0, 2+0+1:0:0:0:0, 1+0+0:0:0:0:0, 2+0+1:0:0:0:0, 5+0+1:0:0:0:0, 1+0+0:0:0:0:0, 0+0+0:0:0:0:0, 0+0+0:0:0:0:0, 1+0+0:0:0:0:0, 2+0+1:0:0:0:0, 0+0+0:0:0:0:0, 2+0+1:0:0:0:0, 0+0+0:0:0:0:0, 2+0+1:0:0:0:0, 3+0+0:0:0:0:0, 1+0+0:0:0:0:0, 0+0+0:0:0:0:0, 4+0+1:0:0:0:0, 2+0+0:0:0:0:0, 1+0+0:0:0:0:0, 0+0+0:0:0:0:0, 2+0+1:0:0:0:0, 3+0+0:0:0:0:0, 1+0+0:0:0:0:0, 2+0+0:0:0:0:0, 2+0+0:0:0:0:0, 3+0+0:0:0:0:0, 2+0+0:0:0:0:0, 3+0+1:0:0:0:0, 0+0+0:0:0:0:0, 0+0+0:0:0:0:0, 1+0+0:0:0:0:0, 1+0+0:0:0:0:0, 3+0+1:0:0:0:0, 0+0+0:0:0:0:0, 1+0+1:0:0:0:0, 1+0+0:0:0:0:0, 0+0+0:0:0:0:0, 2+0+0:0:0:0:0, 1+0+0:0:0:0:0, 0+0+0:0:0:0:0, 0+0+0:0:0:0:0, 0+0+0:0:0:0:0, 2+0+0:0:0:0:0, 1+0+0:0:0:0:0, 2+0+1:0:0:0:0, 0+0+0:0:0:0:0, 2+0+1:0:0:0:0, 3+0+1:0:0:0:0, 1+0+1:0:0:0:0, 2+0+0:0:0:0:0, 3+0+1:0:0:0:0, 1+0+0:0:0:0:0, 0+0+0:0:0:0:0, 2+0+1:0:0:0:0, 2+0+1:0:0:0:0, 4+0+2:0:0:0:0, 1+0+0:0:0:0:0, 0+0+0:0:0:0:0, 2+0+0:0:0:0:0, 4+0+1:0:0:0:0, 3+0+0:0:0:0:0, 2+0+0:0:0:0:0, 2+0+1:0:0:0:0, 1+0+0:0:0:0:0, 1+0+0:0:0:0:0, 0+0+0:0:0:0:0, 2+0+1:0:0:0:0, 0+0+0:0:0:0:0, 0+0+0:0:0:0:0, 2+0+1:0:0:0:0, 0+0+0:0:0:0:0, 2+0+0:0:0:0:0, 1+0+0:0:0:0:0, 0+0+0:0:0:0:0, 0+0+0:0:0:0:0, 0+0+0:0:0:0:0, 4+0+1:0:0:0:0, 1+0+0:0:0:0:0, 2+0+1:0:0:0:0, 0+0+0:0:0:0:0, 2+0+1:0:0:0:0, 3+0+1:0:0:0:0, 0+0+0:0:0:0:0, 1+0+0:0:0:0:0, 3+0+1:0:0:0:0, 1+0+0:0:0:0:0, 2+0+2:0:0:0:0, 0+0+0:0:0:0:0, 1+0+0:0:0:0:0, 2+0+0:0:0:0:0, 1+0+0:0:0:0:0, 1+0+0:0:0:0:0, 2+0+0:0:0:0:0, 3+0+2:0:0:0:0, 4+0+0:0:0:0:0, 4+0+1:0:0:0:0, 2+0+1:0:0:0:0, 2+0+0:0:0:0:0, 2+0+0:0:0:0:0, 0+0+0:0:0:0:0, 2+0+0:0:0:0:0, 0+0+0:0:0:0:0, 0+0+0:0:0:0:0, 0+0+0:0:0:0:0, 1+0+0:0:0:0:0, 2+0+0:0:0:0:0, 2+0+1:0:0:0:0, 0+0+0:0:0:0:0, 0+0+0:0:0:0:0, 0+0+0:0:0:0:0, 0+0+0:0:0:0:0, 0+0+0:0:0:0:0, 0+0+0:0:0:0:0, 2+0+1:0:0:0:0, 2+0+1:0:0:0:0, 0+0+0:0:0:0:0, 0+0+0:0:0:0:0, 0+0+0:0:0:0:0, 251+0+54:0:0:0:0
E major (4#),  , 1+0+0:0:0:0:0, 3+0+0:0:0:0:0, 2+0+0:0:0:0:0, 4+0+0:0:0:0:0, 1+0+0:0:0:0:0, 1+0+0:0:0:0:0, 1+0+0:0:0:0:0, 3+0+0:0:0:0:0, 1+0+0:0:0:0:0, 3+0+0:0:0:0:0, 2+0+0:0:0:0:0, 2+0+4:0:0:0:0, 2+0+1:0:0:0:0, 1+0+0:0:0:0:0, 2+0+0:0:0:0:0, 2+0+0:0:0:0:0, 0+0+0:0:0:0:0, 1+0+0:0:0:0:0, 1+0+0:0:0:0:0, 1+0+0:0:0:0:0, 3+0+0:0:0:0:0, 1+0+0:0:0:0:0, 1+0+0:0:0:0:0, 4+0+0:0:0:0:0, 1+0+0:0:0:0:0, 2+0+0:0:0:0:0, 2+0+0:0:0:0:0, 1+0+0:0:0:0:0, 2+0+1:0:0:0:0, 1+0+0:0:0:0:0, 2+0+0:0:0:0:0, 2+0+0:0:0:0:0, 1+0+0:0:0:0:0, 1+0+0:0:0:0:0, 1+0+0:0:0:0:0, 2+0+1:0:0:0:0, 2+0+0:0:0:0:0, 3+0+0:0:0:0:0, 3+0+1:0:0:0:0, 1+0+1:0:0:0:0, 1+0+0:0:0:0:0, 5+0+0:0:0:0:0, 3+0+1:0:0:0:0, 3+0+0:0:0:0:0, 2+0+1:0:0:0:0, 2+0+2:0:0:0:0, 1+0+0:0:0:0:0, 3+0+1:0:0:0:0, 1+0+0:0:0:0:0, 3+0+0:0:0:0:0, 0+0+0:0:0:0:0, 1+0+0:0:0:0:0, 0+0+0:0:0:0:0, 1+0+0:0:0:0:0, 3+0+0:0:0:0:0, 1+0+0:0:0:0:0, 1+0+0:0:0:0:0, 3+0+1:0:0:0:0, 1+0+1:0:0:0:0, 3+0+0:0:0:0:0, 2+0+1:0:0:0:0, 4+0+1:0:0:0:0, 4+0+1:0:0:0:0, 2+0+1:0:0:0:0, 1+0+0:0:0:0:0, 2+0+0:0:0:0:0, 0+0+0:0:0:0:0, 2+0+1:0:0:0:0, 1+0+2:0:0:0:0, 4+0+1:0:0:0:0, 2+0+0:0:0:0:0, 3+0+0:0:0:0:0, 4+0+2:0:0:0:0, 0+0+0:0:0:0:0, 2+0+0:0:0:0:0, 2+0+0:0:0:0:0, 1+0+1:0:0:0:0, 2+0+0:0:0:0:0, 2+0+0:0:0:0:0, 3+0+0:0:0:0:0, 3+0+1:0:0:0:0, 1+0+0:0:0:0:0, 1+0+0:0:0:0:0, 6+0+1:0:0:0:0, 0+0+0:0:0:0:0, 1+0+0:0:0:0:0, 0+0+0:0:0:0:0, 1+0+1:0:0:0:0, 2+0+0:0:0:0:0, 2+0+0:0:0:0:0, 2+0+1:0:0:0:0, 4+0+1:0:0:0:0, 1+0+0:0:0:0:0, 4+0+1:0:0:0:0, 3+0+2:0:0:0:0, 3+0+1:0:0:0:0, 2+0+0:0:0:0:0, 1+0+0:0:0:0:0, 2+0+0:0:0:0:0, 2+0+0:0:0:0:0, 1+0+0:0:0:0:0, 1+0+0:0:0:0:0, 1+0+0:0:0:0:0, 3+0+0:0:0:0:0, 2+0+1:0:0:0:0, 2+0+0:0:0:0:0, 3+0+1:0:0:0:0, 1+0+0:0:0:0:0, 1+0+2:0:0:0:0, 3+0+0:0:0:0:0, 2+0+0:0:0:0:0, 2+0+0:0:0:0:0, 0+0+0:0:0:0:0, 2+0+3:0:0:0:0, 4+0+1:0:0:0:0, 1+0+1:0:0:0:0, 1+0+0:0:0:0:0, 2+0+0:0:0:0:0, 0+0+0:0:0:0:0, 1+0+0:0:0:0:0, 0+0+0:0:0:0:0, 2+0+0:0:0:0:0, 2+0+1:0:0:0:0, 1+0+0:0:0:0:0, 1+0+0:0:0:0:0, 3+0+1:0:0:0:0, 1+0+1:0:0:0:0, 4+0+1:0:0:0:0, 3+0+2:0:0:0:0, 3+0+2:0:0:0:0, 1+0+0:0:0:0:0, 1+0+0:0:0:0:0, 1+0+0:0:0:0:0, 2+0+0:0:0:0:0, 1+0+0:0:0:0:0, 2+0+0:0:0:0:0, 2+0+1:0:0:0:0, 3+0+0:0:0:0:0, 2+0+1:0:0:0:0, 3+0+0:0:0:0:0, 3+0+1:0:0:0:0, 1+0+0:0:0:0:0, 1+0+0:0:0:0:0, 4+0+1:0:0:0:0, 3+0+1:0:0:0:0, 4+0+0:0:0:0:0, 2+0+3:0:0:0:0, 3+0+3:0:0:0:0, 1+0+0:0:0:0:0, 1+0+0:0:0:0:0, 1+0+0:0:0:0:0, 3+0+0:0:0:0:0, 0+0+0:0:0:0:0, 1+0+0:0:0:0:0, 0+0+0:0:0:0:0, 2+0+1:1:0:0:0, 3+0+1:0:0:0:0, 0+0+0:0:0:0:0, 2+0+0:0:0:0:0, 3+0+1:0:0:0:0, 1+0+0:0:0:0:0, 2+0+0:0:0:0:0, 2+0+0:0:0:0:0, 1+0+0:0:0:0:0, 1+0+0:0:0:0:0, 1+0+0:0:0:0:0, 1+0+1:0:0:0:0, 2+0+0:0:0:0:0, 0+0+0:0:0:0:0, 1+0+0:0:0:0:0, 1+0+0:0:0:0:0, 1+0+0:0:0:0:0, 1+0+0:0:0:0:0, 3+0+1:0:0:0:0, 2+0+1:0:0:0:0, 0+0+0:0:0:0:0, 0+0+0:0:0:0:0, 0+0+0:0:0:0:0, 321+0+70:1:0:0:0
F minor (4b),  , 2+0+0:0:0:0:0, 1+0+0:0:0:0:0, 0+0+0:0:0:0:0, 0+0+0:0:0:0:0, 0+0+0:0:0:0:0, 3+0+0:0:0:0:0, 1+0+0:0:0:0:0, 0+0+0:0:0:0:0, 3+0+1:0:0:0:0, 1+0+0:0:0:0:0, 0+0+0:0:0:0:0, 2+0+1:0:0:0:0, 2+0+1:0:0:0:0, 2+0+0:0:0:0:0, 1+0+0:0:0:0:0, 0+0+0:0:0:0:0, 4+0+0:0:0:0:0, 4+0+0:0:0:0:0, 5+0+1:0:0:0:0, 4+0+2:0:0:0:0, 2+0+0:0:0:0:0, 1+0+0:0:0:0:0, 1+0+0:0:0:0:0, 1+0+0:0:0:0:0, 2+0+0:0:0:0:0, 0+0+0:0:0:0:0, 0+0+0:0:0:0:0, 0+0+0:0:0:0:0, 2+0+1:0:0:0:0, 2+0+0:0:0:0:0, 1+0+0:0:0:0:0, 0+0+0:0:0:0:0, 0+0+0:0:0:0:0, 0+0+0:0:0:0:0, 3+0+0:0:0:0:0, 2+0+1:0:0:0:0, 2+0+0:0:0:0:0, 0+0+0:0:0:0:0, 2+0+1:0:0:0:0, 3+0+1:0:0:0:0, 1+0+0:0:0:0:0, 1+0+0:0:0:0:0, 3+0+1:0:0:0:0, 0+0+0:0:0:0:0, 0+0+0:0:0:0:0, 2+0+1:0:0:0:0, 1+0+1:0:0:0:0, 4+0+3:0:0:0:0, 2+0+0:0:0:0:0, 0+0+0:0:0:0:0, 2+0+0:0:0:0:0, 4+0+0:0:0:0:0, 4+0+0:0:0:0:0, 3+0+1:0:0:0:0, 2+0+0:0:0:0:0, 1+0+0:0:0:0:0, 1+0+0:0:0:0:0, 0+0+0:0:0:0:0, 2+0+1:0:0:0:0, 1+0+0:0:0:0:0, 2+0+1:0:0:0:0, 1+0+0:0:0:0:0, 2+0+1:0:0:0:0, 5+0+1:0:0:0:0, 1+0+0:0:0:0:0, 0+0+0:0:0:0:0, 0+0+0:0:0:0:0, 1+0+0:0:0:0:0, 2+0+1:0:0:0:0, 0+0+0:0:0:0:0, 2+0+0:0:0:0:0, 0+0+0:0:0:0:0, 2+0+1:0:0:0:0, 3+0+0:0:0:0:0, 1+0+0:0:0:0:0, 0+0+0:0:0:0:0, 4+0+1:0:0:0:0, 2+0+0:0:0:0:0, 1+0+0:0:0:0:0, 0+0+0:0:0:0:0, 2+0+1:0:0:0:0, 3+0+0:0:0:0:0, 1+0+0:0:0:0:0, 2+0+0:0:0:0:0, 2+0+0:0:0:0:0, 3+0+0:0:0:0:0, 2+0+0:0:0:0:0, 3+0+1:0:0:0:0, 0+0+0:0:0:0:0, 0+0+0:0:0:0:0, 1+0+3:0:0:0:0, 1+0+0:0:0:0:0, 3+0+1:0:0:0:0, 0+0+0:0:0:0:0, 1+0+1:0:0:0:0, 1+0+0:0:0:0:0, 0+0+0:0:0:0:0, 2+0+0:0:0:0:0, 1+0+0:0:0:0:0, 0+0+0:0:0:0:0, 0+0+0:0:0:0:0, 0+0+0:0:0:0:0, 2+0+0:0:0:0:0, 1+0+0:0:0:0:0, 2+0+0:0:0:0:0, 0+0+0:0:0:0:0, 2+0+1:0:0:0:0, 3+0+1:0:0:0:0, 1+0+1:0:0:0:0, 2+0+0:0:0:0:0, 3+0+1:0:0:0:0, 1+0+0:0:0:0:0, 0+0+0:0:0:0:0, 2+0+0:0:0:0:0, 2+0+1:0:0:0:0, 4+0+2:0:0:0:0, 1+0+0:0:0:0:0, 0+0+0:0:0:0:0, 2+0+0:0:0:0:0, 4+0+1:0:0:0:0, 3+0+0:0:0:0:0, 2+0+0:0:0:0:0, 2+0+1:0:0:0:0, 2+0+2:0:0:0:0, 1+0+0:0:0:0:0, 0+0+0:0:0:0:0, 2+0+1:0:0:0:0, 0+0+0:0:0:0:0, 0+0+0:0:0:0:0, 2+0+1:0:0:0:0, 0+0+0:0:0:0:0, 2+0+0:0:0:0:0, 1+0+0:0:0:0:0, 0+0+0:0:0:0:0, 0+0+0:0:0:0:0, 0+0+0:0:0:0:0, 4+0+1:0:0:0:0, 1+0+0:0:0:0:0, 2+0+1:0:0:0:0, 0+0+0:0:0:0:0, 2+0+1:0:0:0:0, 3+0+1:0:0:0:0, 0+0+0:0:0:0:0, 1+0+0:0:0:0:0, 3+0+1:0:0:0:0, 1+0+0:0:0:0:0, 2+0+2:0:0:0:0, 0+0+0:0:0:0:0, 1+0+0:0:0:0:0, 2+0+0:0:0:0:0, 1+0+0:0:0:0:0, 1+0+0:0:0:0:0, 3+0+0:0:0:0:0, 3+0+2:0:0:0:0, 4+0+0:0:0:0:0, 4+0+1:0:0:0:0, 2+0+0:0:0:0:0, 4+0+2:0:0:0:0, 2+0+0:0:0:0:0, 0+0+0:0:0:0:0, 2+0+0:0:0:0:0, 0+0+0:0:0:0:0, 0+0+0:0:0:0:0, 0+0+0:0:0:0:0, 1+0+1:0:0:0:0, 2+0+0:0:0:0:0, 2+0+1:0:0:0:0, 0+0+0:0:0:0:0, 0+0+0:0:0:0:0, 0+0+0:0:0:0:0, 0+0+0:0:0:0:0, 0+0+0:0:0:0:0, 0+0+0:0:0:0:0, 2+0+1:0:0:0:0, 2+0+1:0:0:0:0, 0+0+0:0:0:0:0, 0+0+0:0:0:0:0, 0+0+0:0:0:0:0, 256+0+60:0:0:0:0
C# minor (4#),  , 1+0+0:0:0:0:0, 3+0+0:0:0:0:0, 2+0+0:0:0:0:0, 4+0+0:0:0:0:0, 1+0+0:0:0:0:0, 1+0+0:0:0:0:0, 1+0+0:0:0:0:0, 3+0+0:0:0:0:0, 1+0+0:0:0:0:0, 3+0+0:0:0:0:0, 2+0+0:0:0:0:0, 2+0+0:0:0:0:0, 2+0+0:0:0:0:0, 1+0+0:0:0:0:0, 2+0+0:0:0:0:0, 2+0+0:0:0:0:0, 0+0+0:0:0:0:0, 1+0+0:0:0:0:0, 1+0+1:0:0:0:0, 1+0+0:0:0:0:0, 3+0+0:0:0:0:0, 1+0+0:0:0:0:0, 1+0+0:0:0:0:0, 4+0+1:0:0:0:0, 1+0+0:0:0:0:0, 2+0+0:0:0:0:0, 2+0+0:0:0:0:0, 1+0+0:0:0:0:0, 2+0+1:0:0:0:0, 1+0+0:0:0:0:0, 2+0+0:0:0:0:0, 2+0+0:0:0:0:0, 1+0+0:0:0:0:0, 1+0+0:0:0:0:0, 1+0+0:0:0:0:0, 2+0+1:0:0:0:0, 2+0+1:0:0:0:0, 3+0+0:0:0:0:0, 3+0+1:0:0:0:0, 1+0+1:0:0:0:0, 1+0+0:0:0:0:0, 5+0+1:0:0:0:1, 3+0+1:0:0:0:0, 3+0+0:0:0:0:0, 2+0+0:0:0:0:0, 3+0+1:0:0:0:0, 1+0+0:0:0:0:0, 3+0+1:0:0:0:0, 1+0+0:0:0:0:0, 3+0+0:0:0:0:0, 0+0+0:0:0:0:0, 1+0+0:0:0:0:0, 0+0+0:0:0:0:0, 1+0+0:0:0:0:0, 3+0+0:0:0:0:0, 1+0+0:0:0:0:0, 1+0+0:0:0:0:0, 3+0+1:0:0:0:0, 1+0+1:0:0:0:0, 3+0+0:0:0:0:0, 2+0+1:0:0:0:0, 4+0+1:0:0:0:0, 3+0+1:0:0:0:0, 2+0+1:0:0:0:0, 1+0+0:0:0:0:0, 2+0+0:0:0:0:0, 0+0+0:0:0:0:0, 3+0+0:0:0:0:0, 1+0+0:0:0:0:0, 4+0+1:0:0:0:0, 2+0+1:0:0:0:1, 3+0+0:0:0:0:0, 3+0+2:0:0:0:1, 0+0+0:0:0:0:0, 2+0+0:0:0:0:0, 2+0+0:0:0:0:0, 1+0+0:0:0:0:0, 2+0+0:0:0:0:0, 2+0+1:0:0:0:0, 3+0+0:0:0:0:0, 3+0+1:0:0:0:0, 1+0+0:0:0:0:0, 1+0+0:0:0:0:0, 6+0+1:0:0:0:0, 0+0+0:0:0:0:0, 1+0+0:0:0:0:0, 0+0+0:0:0:0:0, 1+0+1:0:0:0:0, 2+0+0:0:0:0:0, 2+0+0:0:0:0:0, 2+0+1:0:0:0:0, 4+0+1:0:0:0:0, 1+0+0:0:0:0:0, 4+0+1:0:0:0:0, 3+0+2:0:0:0:2, 3+0+0:0:0:0:0, 2+0+0:0:0:0:0, 1+0+0:0:0:0:0, 2+0+0:0:0:0:0, 2+0+0:0:0:0:0, 1+0+0:0:0:0:0, 1+0+0:0:0:0:0, 1+0+0:0:0:0:0, 3+0+1:0:0:0:0, 2+0+1:0:0:0:1, 2+0+0:0:0:0:0, 3+0+1:0:0:0:0, 1+0+1:0:0:0:0, 1+0+2:0:0:0:0, 3+0+0:0:0:0:0, 2+0+1:0:0:0:0, 4+0+0:0:0:0:0, 0+0+0:0:0:0:0, 4+0+1:0:0:0:1, 3+0+1:0:0:0:0, 1+0+2:0:0:0:0, 1+0+0:0:0:0:0, 2+0+0:0:0:0:0, 0+0+0:0:0:0:0, 1+0+0:0:0:0:0, 0+0+0:0:0:0:0, 2+0+0:0:0:0:0, 2+0+1:0:0:0:0, 2+0+0:0:0:0:0, 1+0+0:0:0:0:0, 3+0+1:0:0:0:0, 1+0+1:0:0:0:0, 4+0+1:0:0:0:0, 3+0+0:0:0:0:0, 3+0+1:0:0:0:0, 1+0+0:0:0:0:0, 1+0+0:0:0:0:0, 1+0+0:0:0:0:0, 2+0+0:0:0:0:0, 1+0+0:0:0:0:0, 2+0+0:0:0:0:0, 2+0+1:1:0:0:1, 3+0+0:0:0:0:0, 2+0+2:0:0:0:0, 3+0+0:0:0:0:0, 3+0+1:0:0:0:0, 1+0+1:0:0:0:0, 1+0+0:0:0:0:0, 4+0+1:0:0:0:0, 2+0+0:0:0:0:0, 4+0+1:0:0:0:0, 2+0+3:0:0:0:1, 3+0+3:0:0:0:0, 1+0+0:0:0:0:0, 1+0+0:0:0:0:0, 1+0+0:0:0:0:0, 3+0+0:0:0:0:0, 0+0+0:0:0:0:0, 1+0+0:0:0:0:0, 0+0+0:0:0:0:0, 2+0+1:1:0:0:0, 3+0+1:0:0:0:0, 0+0+0:0:0:0:0, 2+0+0:0:0:0:0, 3+0+1:0:0:0:0, 1+0+0:0:0:0:0, 2+0+0:0:0:0:0, 2+0+0:0:0:0:0, 1+0+0:0:0:0:0, 1+0+0:0:0:0:0, 1+0+0:0:0:0:0, 1+0+0:0:0:0:0, 2+0+0:0:0:0:0, 0+0+0:0:0:0:0, 1+0+0:0:0:0:0, 1+0+0:0:0:0:0, 1+0+0:0:0:0:0, 1+0+0:0:0:0:0, 3+0+1:0:0:0:0, 2+0+1:0:0:0:0, 0+0+0:0:0:0:0, 0+0+0:0:0:0:0, 0+0+0:0:0:0:0, 324+0+64:2:0:0:9
Db major (5b),  , 2+0+0:0:0:0:0, 2+0+0:0:0:0:0, 0+0+0:0:0:0:0, 1+0+0:0:0:0:0, 0+0+0:0:0:0:0, 1+0+0:0:0:0:0, 1+0+0:0:0:0:0, 0+0+0:0:0:0:0, 2+0+2:0:0:0:0, 2+0+0:0:0:0:0, 0+0+0:0:0:0:0, 1+0+0:0:0:0:0, 2+0+1:0:0:0:0, 1+0+0:0:0:0:0, 1+0+0:0:0:0:0, 0+0+0:0:0:0:0, 3+0+1:0:0:0:0, 3+0+1:0:0:0:0, 4+0+1:0:0:0:0, 4+0+0:0:0:0:0, 3+0+0:0:0:0:0, 1+0+0:0:0:0:0, 1+0+0:0:0:0:0, 2+0+0:0:0:0:0, 2+0+0:0:0:0:0, 1+0+0:0:0:0:0, 0+0+0:0:0:0:0, 0+0+0:0:0:0:0, 2+0+1:0:0:0:0, 1+0+0:0:0:0:0, 1+0+0:0:0:0:0, 0+0+0:0:0:0:0, 0+0+0:0:0:0:0, 0+0+0:0:0:0:0, 3+0+0:0:0:0:0, 3+0+1:0:0:0:1, 2+0+1:0:0:0:0, 0+0+0:0:0:0:0, 2+0+1:0:0:0:0, 2+0+0:0:0:0:0, 1+0+0:0:0:0:0, 2+0+0:0:0:0:0, 4+0+1:0:0:0:0, 2+0+0:0:0:0:0, 0+0+0:0:0:0:0, 2+0+1:0:0:0:0, 1+0+0:0:0:0:0, 3+0+0:0:0:0:0, 2+0+1:0:0:0:0, 0+0+0:0:0:0:0, 2+0+0:0:0:0:0, 3+0+1:0:0:0:0, 4+0+0:0:0:0:0, 3+0+0:0:0:0:0, 3+0+0:0:0:0:0, 1+0+0:0:0:0:0, 1+0+0:0:0:0:0, 1+0+0:0:0:0:0, 2+0+1:0:0:0:0, 3+0+0:0:0:0:0, 1+0+0:0:0:0:0, 1+0+0:0:0:0:0, 2+0+1:0:0:0:0, 3+0+1:0:0:0:0, 1+0+0:0:0:0:0, 0+0+0:0:0:0:0, 0+0+0:0:0:0:0, 1+0+0:0:0:0:0, 2+0+1:0:0:0:0, 2+0+0:0:0:0:0, 2+0+1:0:0:0:0, 0+0+0:0:0:0:0, 3+0+1:0:0:0:0, 1+0+0:0:0:0:0, 1+0+0:0:0:0:0, 0+0+0:0:0:0:0, 4+0+1:0:0:0:0, 3+0+0:0:0:0:0, 1+0+0:0:0:0:0, 0+0+0:0:0:0:0, 2+0+1:0:0:0:0, 2+0+0:0:0:0:0, 1+0+0:0:0:0:0, 3+0+0:0:0:0:0, 2+0+0:0:0:0:0, 3+0+0:0:0:0:0, 2+0+0:0:0:0:0, 4+0+1:0:0:0:0, 2+0+0:0:0:0:0, 1+0+0:0:0:0:0, 1+0+0:0:0:0:0, 2+0+0:0:0:0:0, 3+0+0:0:0:0:0, 2+0+0:0:0:0:0, 1+0+1:0:0:0:0, 1+0+0:0:0:0:0, 0+0+0:0:0:0:0, 1+0+0:0:0:0:0, 1+0+0:0:0:0:0, 0+0+0:0:0:0:0, 0+0+0:0:0:0:0, 0+0+0:0:0:0:0, 2+0+0:0:0:0:0, 2+0+0:0:0:0:0, 2+0+1:0:0:0:0, 0+0+0:0:0:0:0, 2+0+1:0:0:0:0, 2+0+1:0:0:0:0, 1+0+1:0:0:0:0, 3+0+0:0:0:0:0, 4+0+1:0:0:0:0, 3+0+0:0:0:0:0, 0+0+0:0:0:0:0, 2+0+0:0:0:0:0, 2+0+1:0:0:0:0, 2+0+2:0:0:0:0, 1+0+0:0:0:0:0, 0+0+0:0:0:0:0, 2+0+0:0:0:0:0, 3+0+1:0:0:0:0, 3+0+0:0:0:0:0, 2+0+0:0:0:0:0, 3+0+1:0:0:0:0, 2+0+0:0:0:0:0, 1+0+0:0:0:0:0, 1+0+0:0:0:0:0, 2+0+1:0:0:0:0, 2+0+0:0:0:0:0, 0+0+0:0:0:0:0, 2+0+1:0:0:0:0, 0+0+0:0:0:0:0, 1+0+0:0:0:0:0, 1+0+0:0:0:0:0, 0+0+0:0:0:0:0, 0+0+0:0:0:0:0, 0+0+0:0:0:0:0, 4+0+1:0:0:0:0, 3+0+0:0:0:0:0, 2+0+1:0:0:0:0, 0+0+0:0:0:0:0, 2+0+1:0:0:0:0, 2+0+1:0:0:0:0, 0+0+0:0:0:0:0, 1+0+0:0:0:0:0, 2+0+1:0:0:0:0, 3+0+0:0:0:0:0, 2+0+2:0:0:0:0, 1+0+0:0:0:0:0, 0+0+0:0:0:0:0, 1+0+0:0:0:0:0, 1+0+0:0:0:0:0, 1+0+0:0:0:0:0, 2+0+0:0:0:0:0, 3+0+2:0:0:0:0, 4+0+0:0:0:0:0, 3+0+1:0:0:0:0, 3+0+1:0:0:0:0, 2+0+0:0:0:0:0, 2+0+0:0:0:0:0, 1+0+0:0:0:0:0, 2+0+0:0:0:0:0, 1+0+0:0:0:0:0, 0+0+0:0:0:0:0, 0+0+0:0:0:0:0, 1+0+0:0:0:0:0, 1+0+0:0:0:0:0, 2+0+1:0:0:0:0, 0+0+0:0:0:0:0, 0+0+0:0:0:0:0, 0+0+0:0:0:0:0, 0+0+0:0:0:0:0, 0+0+0:0:0:0:0, 0+0+0:0:0:0:0, 2+0+1:0:0:0:0, 3+0+1:0:0:0:0, 0+0+0:0:0:0:0, 0+0+0:0:0:0:0, 0+0+0:0:0:0:0, 268+0+50:0:0:0:1
B major (5#),  , 2+0+0:0:0:0:0, 2+0+0:0:0:0:0, 2+0+0:0:0:0:0, 2+0+0:0:0:0:0, 1+0+0:0:0:0:0, 0+0+0:0:0:0:0, 1+0+0:0:0:0:0, 1+0+0:0:0:0:0, 2+0+0:0:0:0:0, 2+0+0:0:0:0:0, 2+0+0:0:0:0:0, 0+0+0:0:0:0:0, 2+0+1:0:0:0:0, 0+0+0:0:0:0:0, 1+0+0:0:0:0:0, 0+0+0:0:0:0:0, 2+0+0:0:0:0:0, 1+0+0:0:0:0:0, 2+0+1:0:0:0:0, 1+0+0:0:0:0:0, 3+0+0:0:0:0:0, 2+0+0:0:0:0:0, 1+0+0:0:0:0:0, 3+0+1:0:0:0:0, 2+0+0:0:0:0:0, 2+0+0:0:0:0:0, 2+0+0:0:0:0:0, 0+0+0:0:0:0:0, 2+0+1:0:0:0:0, 0+0+0:0:0:0:0, 1+0+0:0:0:0:0, 0+0+0:0:0:0:0, 0+0+0:0:0:0:0, 0+0+0:0:0:0:0, 3+0+0:0:0:0:0, 3+0+1:0:0:0:0, 3+0+1:0:0:0:0, 1+0+0:0:0:0:0, 3+0+1:0:0:0:0, 0+0+0:0:0:0:0, 1+0+0:0:0:0:0, 3+0+1:0:0:0:1, 4+0+1:0:0:0:0, 3+0+0:0:0:0:0, 2+0+0:0:0:0:0, 3+0+1:0:0:0:1, 1+0+0:0:0:0:0, 2+0+1:0:0:0:0, 2+0+0:0:0:0:0, 1+0+0:0:0:0:0, 2+0+0:0:0:0:0, 1+0+0:0:0:0:0, 1+0+0:0:0:0:0, 1+0+0:0:0:0:0, 3+0+0:0:0:0:0, 2+0+0:0:0:0:0, 1+0+0:0:0:0:0, 2+0+1:0:0:0:0, 2+0+1:0:0:0:0, 4+0+0:0:0:0:0, 3+0+1:0:0:0:0, 2+0+1:0:0:0:0, 3+0+1:0:0:0:0, 3+0+1:0:0:0:0, 1+0+0:0:0:0:0, 0+0+0:0:0:0:0, 0+0+0:0:0:0:0, 2+0+0:0:0:0:0, 2+0+0:0:0:0:0, 3+0+1:0:0:0:0, 3+0+1:0:0:0:0, 1+0+0:0:0:0:0, 3+0+2:0:0:0:1, 0+0+0:0:0:0:0, 2+0+0:0:0:0:0, 0+0+0:0:0:0:0, 3+0+1:0:0:0:0, 3+0+0:0:0:0:0, 2+0+0:0:0:0:0, 1+0+0:0:0:0:0, 3+0+1:0:0:0:0, 0+0+0:0:0:0:0, 1+0+0:0:0:0:0, 4+0+1:0:0:0:0, 2+0+0:0:0:0:0, 3+0+0:0:0:0:0, 2+0+0:0:0:0:0, 2+0+1:0:0:0:0, 2+0+0:0:0:0:0, 2+0+0:0:0:0:0, 1+0+1:0:0:0:0, 3+0+1:0:0:0:0, 2+0+0:0:0:0:0, 3+0+1:0:0:0:0, 3+0+2:0:0:0:0, 2+0+1:0:0:0:0, 2+0+0:0:0:0:0, 0+0+0:0:0:0:0, 1+0+0:0:0:0:0, 0+0+0:0:0:0:0, 0+0+0:0:0:0:0, 0+0+0:0:0:0:0, 2+0+0:0:0:0:0, 3+0+0:0:0:0:0, 3+0+1:0:0:0:0, 0+0+0:0:0:0:0, 3+0+1:0:0:0:0, 0+0+0:0:0:0:0, 1+0+2:0:0:0:0, 3+0+0:0:0:0:0, 3+0+0:0:0:0:0, 2+0+0:0:0:0:0, 0+0+0:0:0:0:0, 2+0+2:0:0:0:0, 3+0+1:0:1:0:0, 0+0+0:0:0:0:0, 1+0+0:0:0:0:0, 0+0+0:0:0:0:0, 2+0+0:0:0:0:0, 1+0+0:0:0:0:0, 1+0+0:0:0:0:0, 3+0+0:0:0:0:0, 2+0+1:0:0:0:0, 1+0+2:0:0:0:0, 1+0+0:0:0:0:0, 2+0+1:0:0:0:0, 2+0+1:0:0:0:0, 3+0+1:0:0:0:0, 3+0+0:0:0:0:0, 3+0+1:0:0:0:1, 1+0+0:0:0:0:0, 0+0+0:0:0:0:0, 1+0+0:0:0:0:0, 0+0+0:0:0:0:0, 0+0+0:0:0:0:0, 1+0+0:0:0:0:0, 3+0+3:0:0:0:0, 3+0+0:0:0:0:0, 2+0+2:0:0:0:0, 1+0+0:0:0:0:0, 3+0+1:0:0:0:0, 0+0+0:0:0:0:0, 1+0+0:0:0:0:0, 2+0+1:0:0:0:0, 3+0+0:0:0:0:0, 4+0+1:0:0:0:0, 2+0+3:0:0:0:0, 2+0+3:0:0:0:0, 1+0+0:0:0:0:0, 1+0+0:0:0:0:0, 1+0+0:0:0:0:0, 2+0+0:0:0:0:0, 2+0+0:0:0:0:0, 1+0+0:0:0:0:0, 2+0+0:0:0:0:0, 3+0+1:1:0:0:0, 3+0+2:0:0:0:0, 0+0+0:0:0:0:0, 2+0+0:0:0:0:0, 2+0+1:0:0:0:0, 2+0+0:0:0:0:0, 2+0+0:0:0:0:0, 2+0+0:0:0:0:0, 0+0+0:0:0:0:0, 1+0+0:0:0:0:0, 0+0+0:0:0:0:0, 2+0+1:0:0:0:0, 0+0+0:0:0:0:0, 0+0+0:0:0:0:0, 0+0+0:0:0:0:0, 0+0+0:0:0:0:0, 0+0+0:0:0:0:0, 0+0+0:0:0:0:0, 1+0+1:0:0:0:0, 2+0+1:0:0:0:0, 0+0+0:0:0:0:0, 0+0+0:0:0:0:0, 0+0+0:0:0:0:0, 284+0+66:1:1:0:4
Bb minor (5b),  , 2+0+0:0:0:0:0, 2+0+0:0:0:0:0, 0+0+0:0:0:0:0, 1+0+0:0:0:0:0, 0+0+0:0:0:0:0, 1+0+0:0:0:0:0, 1+0+0:0:0:0:0, 0+0+0:0:0:0:0, 3+0+0:0:0:0:0, 2+0+0:0:0:0:0, 0+0+0:0:0:0:0, 1+0+0:0:0:0:0, 2+0+1:0:0:0:0, 1+0+0:0:0:0:0, 1+0+0:0:0:0:0, 0+0+0:0:0:0:0, 3+0+1:0:0:0:0, 3+0+1:0:0:0:0, 4+0+1:0:0:0:0, 3+0+2:0:0:0:0, 3+0+0:0:0:0:0, 1+0+0:0:0:0:0, 1+0+0:0:0:0:0, 2+0+0:0:0:0:0, 2+0+0:0:0:0:0, 1+0+0:0:0:0:0, 0+0+0:0:0:0:0, 0+0+0:0:0:0:0, 2+0+1:0:0:0:0, 1+0+0:0:0:0:0, 1+0+0:0:0:0:0, 0+0+0:0:0:0:0, 0+0+0:0:0:0:0, 0+0+0:0:0:0:0, 3+0+0:0:0:0:0, 3+0+1:0:0:0:0, 2+0+0:0:0:0:0, 0+0+0:0:0:0:0, 2+0+1:0:0:0:0, 2+0+1:0:0:0:0, 1+0+0:0:0:0:0, 2+0+0:0:0:0:0, 4+0+1:0:0:0:0, 2+0+0:0:0:0:0, 0+0+0:0:0:0:0, 2+0+1:0:0:0:0, 1+0+1:0:0:0:0, 3+0+0:0:0:0:0, 2+0+1:0:0:0:0, 0+0+0:0:0:0:0, 2+0+0:0:0:0:0, 3+0+1:0:0:0:0, 4+0+0:0:0:0:0, 2+0+1:0:0:0:0, 3+0+0:0:0:0:0, 1+0+0:0:0:0:0, 1+0+0:0:0:0:0, 1+0+0:0:0:0:0, 2+0+1:0:0:0:0, 3+0+0:0:0:0:0, 1+0+0:0:0:0:0, 1+0+0:0:0:0:0, 2+0+1:0:0:0:0, 3+0+1:0:0:0:0, 1+0+0:0:0:0:0, 0+0+0:0:0:0:0, 0+0+0:0:0:0:0, 1+0+0:0:0:0:0, 2+0+1:0:0:0:0, 2+0+0:0:0:0:0, 2+0+0:0:0:0:0, 0+0+0:0:0:0:0, 3+0+1:0:0:0:0, 1+0+0:0:0:0:0, 1+0+0:0:0:0:0, 0+0+0:0:0:0:0, 4+0+1:0:0:0:0, 3+0+0:0:0:0:0, 1+0+0:0:0:0:0, 0+0+0:0:0:0:0, 2+0+1:0:0:0:0, 2+0+0:0:0:0:0, 1+0+0:0:0:0:0, 3+0+0:0:0:0:0, 2+0+0:0:0:0:0, 3+0+0:0:0:0:0, 2+0+0:0:0:0:0, 4+0+1:0:0:0:0, 2+0+0:0:0:0:0, 1+0+0:0:0:0:0, 1+0+0:0:0:0:0, 2+0+0:0:0:0:0, 3+0+0:0:0:0:0, 2+0+0:0:0:0:0, 1+0+1:0:0:0:0, 1+0+0:0:0:0:0, 0+0+0:0:0:0:0, 1+0+0:0:0:0:0, 1+0+0:0:0:0:0, 0+0+0:0:0:0:0, 0+0+0:0:0:0:0, 0+0+0:0:0:0:0, 2+0+0:0:0:0:0, 2+0+0:0:0:0:0, 2+0+0:0:0:0:0, 0+0+0:0:0:0:0, 2+0+1:0:0:0:0, 2+0+1:0:0:0:0, 1+0+1:0:0:0:0, 3+0+0:0:0:0:0, 4+0+0:0:0:0:0, 3+0+0:0:0:0:0, 0+0+0:0:0:0:0, 2+0+0:0:0:0:0, 2+0+1:0:0:0:0, 2+0+2:0:0:0:0, 1+0+0:0:0:0:0, 0+0+0:0:0:0:0, 2+0+0:0:0:0:0, 3+0+1:0:0:0:0, 3+0+0:0:0:0:0, 2+0+0:0:0:0:0, 3+0+1:0:0:0:0, 2+0+0:0:0:0:0, 1+0+0:0:0:0:0, 1+0+0:0:0:0:0, 2+0+1:0:0:0:0, 2+0+0:0:0:0:0, 0+0+0:0:0:0:0, 2+0+1:0:0:0:0, 0+0+0:0:0:0:0, 1+0+0:0:0:0:0, 1+0+0:0:0:0:0, 0+0+0:0:0:0:0, 0+0+0:0:0:0:0, 0+0+0:0:0:0:0, 4+0+1:0:0:0:0, 3+0+0:0:0:0:0, 2+0+1:0:0:0:0, 0+0+0:0:0:0:0, 2+0+2:0:0:0:0, 2+0+1:0:0:0:0, 0+0+0:0:0:0:0, 1+0+0:0:0:0:0, 2+0+1:0:0:0:0, 3+0+0:0:0:0:0, 2+0+2:0:0:0:0, 1+0+0:0:0:0:0, 0+0+0:0:0:0:0, 1+0+0:0:0:0:0, 1+0+0:0:0:0:0, 1+0+0:0:0:0:0, 2+0+0:0:0:0:0, 3+0+2:0:0:0:0, 4+0+0:0:0:0:0, 3+0+1:0:0:0:0, 3+0+1:0:0:0:0, 2+0+0:0:0:0:0, 2+0+0:0:0:0:0, 1+0+0:0:0:0:0, 2+0+0:0:0:0:0, 1+0+0:0:0:0:0, 0+0+0:0:0:0:0, 0+0+0:0:0:0:0, 1+0+1:0:0:0:0, 1+0+0:0:0:0:0, 2+0+1:0:0:0:0, 0+0+0:0:0:0:0, 0+0+0:0:0:0:0, 0+0+0:0:0:0:0, 0+0+0:0:0:0:0, 0+0+0:0:0:0:0, 0+0+0:0:0:0:0, 2+0+1:0:0:0:0, 3+0+1:0:0:0:0, 0+0+0:0:0:0:0, 0+0+0:0:0:0:0, 0+0+0:0:0:0:0, 267+0+51:0:0:0:0
G# minor (5#),  , 2+0+0:0:0:0:0, 2+0+0:0:0:0:0, 2+0+0:0:0:0:0, 2+0+0:0:0:0:0, 1+0+0:0:0:0:0, 0+0+0:0:0:0:0, 1+0+0:0:0:0:0, 1+0+0:0:0:0:0, 2+0+0:0:0:0:0, 2+0+0:0:0:0:0, 2+0+0:0:0:0:0, 0+0+0:0:0:0:0, 2+0+2:0:0:0:1, 0+0+0:0:0:0:0, 1+0+0:0:0:0:0, 0+0+0:0:0:0:0, 2+0+0:0:0:0:0, 1+0+0:0:0:0:0, 2+0+1:0:0:0:0, 1+0+0:0:0:0:0, 3+0+0:0:0:0:0, 2+0+0:0:0:0:0, 1+0+0:0:0:0:0, 3+0+1:0:0:0:0, 2+0+0:0:0:0:0, 2+0+0:0:0:0:0, 2+0+0:0:0:0:0, 0+0+0:0:0:0:0, 2+0+2:0:0:0:1, 0+0+0:0:0:0:0, 1+0+0:0:0:0:0, 0+0+0:0:0:0:0, 0+0+0:0:0:0:0, 0+0+0:0:0:0:0, 3+0+0:0:0:0:0, 3+0+1:0:0:0:0, 3+0+1:0:0:0:1, 1+0+0:0:0:0:0, 3+0+1:0:0:0:0, 0+0+0:0:0:0:0, 1+0+0:0:0:0:0, 3+0+1:0:0:0:1, 4+0+1:0:0:0:0, 3+0+0:0:0:0:0, 2+0+0:0:0:0:0, 3+0+1:0:0:0:1, 1+0+0:0:0:0:0, 3+0+0:0:0:0:0, 2+0+0:0:0:0:0, 1+0+0:0:0:0:0, 2+0+0:0:0:0:0, 1+0+0:0:0:0:0, 1+0+0:0:0:0:0, 1+0+0:0:0:0:0, 3+0+0:0:0:0:0, 2+0+0:0:0:0:0, 1+0+0:0:0:0:0, 2+0+1:0:0:0:0, 2+0+1:0:0:0:0, 4+0+3:0:0:0:2, 4+0+0:0:0:0:0, 3+0+0:0:0:0:0, 3+0+1:0:0:0:0, 3+0+1:0:0:0:0, 1+0+0:0:0:0:0, 0+0+0:0:0:0:0, 0+0+0:0:0:0:0, 2+0+0:0:0:0:0, 2+0+0:0:0:0:0, 3+0+1:0:0:0:0, 3+0+1:0:0:0:1, 1+0+0:0:0:0:0, 3+0+2:0:0:0:1, 0+0+0:0:0:0:0, 2+0+0:0:0:0:0, 0+0+0:0:0:0:0, 3+0+0:0:0:0:0, 3+0+0:0:0:0:0, 2+0+1:0:0:0:1, 1+0+0:0:0:0:0, 3+0+1:0:0:0:0, 0+0+0:0:0:0:0, 1+0+0:0:0:0:0, 4+0+1:0:0:0:0, 2+0+0:0:0:0:0, 3+0+0:0:0:0:0, 2+0+0:0:0:0:0, 2+0+1:0:0:0:0, 2+0+0:0:0:0:0, 2+0+0:0:0:0:0, 1+0+1:0:0:0:0, 3+0+1:0:0:0:0, 2+0+0:0:0:0:0, 3+0+1:0:0:0:0, 3+0+2:0:0:0:2, 2+0+0:0:0:0:0, 2+0+0:0:0:0:0, 0+0+0:0:0:0:0, 1+0+0:0:0:0:0, 0+0+0:0:0:0:0, 0+0+0:0:0:0:0, 0+0+0:0:0:0:0, 2+0+0:0:0:0:0, 3+0+1:0:0:0:0, 3+0+1:0:0:0:0, 0+0+0:0:0:0:0, 3+0+1:0:0:0:0, 0+0+0:0:0:0:0, 1+0+2:0:0:0:0, 3+0+0:0:0:0:0, 3+0+1:0:0:0:0, 4+0+0:0:0:0:0, 0+0+0:0:0:0:0, 3+0+1:0:0:0:1, 3+0+1:0:0:0:0, 0+0+2:0:0:0:0, 1+0+0:0:0:0:0, 0+0+0:0:0:0:0, 2+0+0:0:0:0:0, 1+0+0:0:0:0:0, 1+0+0:0:0:0:0, 3+0+0:0:0:0:0, 2+0+1:0:0:0:0, 2+0+0:0:0:0:0, 1+0+0:0:0:0:0, 2+0+1:0:0:0:0, 2+0+1:0:0:0:0, 5+0+1:0:0:0:1, 3+0+0:0:0:0:0, 3+0+1:0:0:0:1, 1+0+0:0:0:0:0, 0+0+0:0:0:0:0, 1+0+0:0:0:0:0, 0+0+0:0:0:0:0, 0+0+0:0:0:0:0, 1+0+0:0:0:0:0, 4+0+2:0:0:0:2, 3+0+0:0:0:0:0, 2+0+2:0:0:0:0, 1+0+0:0:0:0:0, 3+0+1:0:0:0:0, 0+0+0:0:0:0:0, 1+0+0:0:0:0:0, 2+0+1:0:0:0:0, 3+0+0:0:0:0:0, 4+0+1:0:0:0:0, 2+0+3:0:0:0:1, 2+0+3:0:0:0:0, 1+0+0:0:0:0:0, 1+0+0:0:0:0:0, 1+0+0:0:0:0:0, 2+0+0:0:0:0:0, 2+0+0:0:0:0:0, 1+0+0:0:0:0:0, 2+0+0:0:0:0:0, 3+0+1:1:0:0:0, 3+0+2:0:0:0:0, 0+0+0:0:0:0:0, 2+0+0:0:0:0:0, 2+0+1:0:0:0:0, 2+0+0:0:0:0:0, 2+0+0:0:0:0:0, 2+0+0:0:0:0:0, 0+0+0:0:0:0:0, 1+0+0:0:0:0:0, 0+0+0:0:0:0:0, 2+0+0:0:0:0:0, 0+0+0:0:0:0:0, 0+0+0:0:0:0:0, 0+0+0:0:0:0:0, 0+0+0:0:0:0:0, 0+0+0:0:0:0:0, 0+0+0:0:0:0:0, 1+0+1:0:0:0:0, 2+0+1:0:0:0:1, 0+0+0:0:0:0:0, 0+0+0:0:0:0:0, 0+0+0:0:0:0:0, 294+0+66:1:0:0:19
Gb major (6b),  , 2+0+0:0:0:0:0, 2+0+0:0:0:0:0, 1+0+0:0:0:0:0, 1+0+0:0:0:0:0, 0+0+0:0:0:0:0, 0+0+0:0:0:0:0, 0+0+0:0:0:0:0, 0+0+0:0:0:0:0, 2+0+2:0:0:0:0, 2+0+0:0:0:0:0, 1+0+0:0:0:0:0, 1+0+0:0:0:0:0, 2+0+1:0:0:0:0, 0+0+0:0:0:0:0, 0+0+0:0:0:0:0, 0+0+0:0:0:0:0, 3+0+1:0:0:0:0, 2+0+1:0:0:0:0, 4+0+1:0:0:0:0, 4+0+0:0:0:0:0, 3+0+0:0:0:0:0, 2+0+0:0:0:0:0, 1+0+0:0:0:0:0, 3+0+0:0:0:0:0, 2+0+0:0:0:0:0, 2+0+0:0:0:0:0, 1+0+0:0:0:0:0, 0+0+0:0:0:0:0, 2+0+1:0:0:0:0, 0+0+0:0:0:0:0, 0+0+0:0:0:0:0, 0+0+0:0:0:0:0, 0+0+0:0:0:0:0, 0+0+0:0:0:0:0, 3+0+0:0:0:0:0, 2+0+1:0:0:0:0, 3+0+1:0:0:0:0, 0+0+0:0:0:0:0, 3+0+1:0:0:0:0, 1+0+1:0:0:0:0, 0+0+0:0:0:0:0, 2+0+0:0:0:0:0, 5+0+1:0:0:0:0, 3+0+0:0:0:0:0, 1+0+0:0:0:0:0, 2+0+1:0:0:0:0, 0+0+0:0:0:0:0, 1+0+0:0:0:0:0, 1+0+1:0:0:0:0, 0+0+0:0:0:0:0, 2+0+0:0:0:0:0, 2+0+1:0:0:0:0, 4+0+0:0:0:0:0, 3+0+0:0:0:0:0, 3+0+0:0:0:0:0, 2+0+0:0:0:0:0, 1+0+0:0:0:0:0, 2+0+0:0:0:0:0, 2+0+1:0:0:0:0, 4+0+0:0:0:0:0, 2+0+0:0:0:0:0, 1+0+0:0:0:0:0, 3+0+1:0:0:0:0, 2+0+1:0:0:0:0, 0+0+0:0:0:0:0, 0+0+0:0:0:0:0, 0+0+0:0:0:0:0, 1+0+0:0:0:0:0, 2+0+1:0:0:0:0, 3+0+0:0:0:0:0, 3+0+1:0:0:0:0, 0+0+0:0:0:0:0, 4+0+1:0:0:0:0, 0+0+0:0:0:0:0, 0+0+0:0:0:0:0, 0+0+0:0:0:0:0, 4+0+1:0:0:0:0, 4+0+0:0:0:0:0, 2+0+0:0:0:0:0, 0+0+0:0:0:0:0, 3+0+1:0:0:0:0, 0+0+0:0:0:0:0, 0+0+0:0:0:0:0, 4+0+0:0:0:0:0, 2+0+0:0:0:0:0, 3+0+0:0:0:0:0, 2+0+0:0:0:0:0, 4+0+1:0:0:0:0, 2+0+0:0:0:0:0, 2+0+0:0:0:0:0, 1+0+0:0:0:0:0, 3+0+0:0:0:0:0, 2+0+2:0:0:0:0, 3+0+0:0:0:0:0, 2+0+1:0:0:0:0, 1+0+0:0:0:0:0, 1+0+0:0:0:0:0, 0+0+0:0:0:0:0, 0+0+0:0:0:0:0, 0+0+0:0:0:0:0, 0+0+0:0:0:0:0, 0+0+0:0:0:0:0, 2+0+0:0:0:0:0, 3+0+0:0:0:0:0, 3+0+1:0:0:0:0, 0+0+0:0:0:0:0, 3+0+1:0:0:0:0, 1+0+1:0:0:0:0, 1+0+1:0:0:0:0, 3+0+0:0:0:0:0, 4+0+0:0:0:0:0, 3+0+0:0:0:0:0, 0+0+0:0:0:0:0, 2+0+1:0:0:0:0, 3+0+2:0:0:0:0, 1+0+0:0:0:0:0, 0+0+0:0:0:0:0, 0+0+0:0:0:0:0, 2+0+0:0:0:0:0, 2+0+1:0:0:0:0, 3+0+0:0:0:0:0, 2+0+0:0:0:0:0, 3+0+1:0:0:0:0, 2+0+0:0:0:0:0, 1+0+0:0:0:0:0, 2+0+0:0:0:0:0, 2+0+1:0:0:0:0, 3+0+0:0:0:0:0, 1+0+0:0:0:0:0, 2+0+1:0:0:0:0, 0+0+0:0:0:0:0, 0+0+0:0:0:0:0, 0+0+0:0:0:0:0, 0+0+0:0:0:0:0, 0+0+0:0:0:0:0, 0+0+0:0:0:0:0, 4+0+1:0:0:0:0, 4+0+0:0:0:0:0, 3+0+1:0:0:0:0, 0+0+0:0:0:0:0, 3+0+1:0:0:0:0, 1+0+1:0:0:0:0, 0+0+0:0:0:0:0, 2+0+0:0:0:0:0, 2+0+1:0:0:0:0, 4+0+0:0:0:0:0, 3+0+2:0:0:0:0, 1+0+0:0:0:0:0, 0+0+0:0:0:0:0, 0+0+0:0:0:0:0, 0+0+0:0:0:0:0, 1+0+0:0:0:0:0, 2+0+0:0:0:0:0, 3+0+2:0:0:0:0, 4+0+0:0:0:0:0, 3+0+1:0:0:0:0, 3+0+1:0:0:0:0, 2+0+0:0:0:0:0, 2+0+0:0:0:0:0, 2+0+0:0:0:0:0, 2+0+0:0:0:0:0, 2+0+0:0:0:0:0, 1+0+0:0:0:0:0, 0+0+0:0:0:0:0, 0+0+0:0:0:0:0, 0+0+0:0:0:0:0, 1+0+1:0:0:0:0, 0+0+0:0:0:0:0, 0+0+0:0:0:0:0, 0+0+0:0:0:0:0, 0+0+0:0:0:0:0, 0+0+0:0:0:0:0, 0+0+0:0:0:0:0, 2+0+1:0:0:0:0, 3+0+1:0:0:0:0, 0+0+0:0:0:0:0, 0+0+0:0:0:0:0, 0+0+0:0:0:0:0, 275+0+52:0:0:0:0
F# major (6#),  , 2+0+0:0:0:0:0, 2+0+0:0:0:0:0, 1+0+0:0:0:0:0, 2+0+0:0:0:0:0, 0+0+0:0:0:0:0, 0+0+0:0:0:0:0, 0+0+0:0:0:0:0, 0+0+0:0:0:0:0, 2+0+0:0:0:0:0, 2+0+0:0:0:0:0, 1+0+0:0:0:0:0, 1+0+0:0:0:0:0, 1+0+1:0:0:0:0, 0+0+0:0:0:0:0, 0+0+0:0:0:0:0, 0+0+0:0:0:0:0, 3+0+0:0:0:0:0, 1+0+0:0:0:0:0, 3+0+1:0:0:0:0, 3+0+0:0:0:0:0, 3+0+0:0:0:0:0, 2+0+0:0:0:0:0, 1+0+0:0:0:0:0, 3+0+1:0:0:0:0, 2+0+0:0:0:0:0, 2+0+0:0:0:0:0, 1+0+0:0:0:0:0, 0+0+0:0:0:0:0, 1+0+1:0:0:0:0, 0+0+0:0:0:0:0, 0+0+0:0:0:0:0, 0+0+0:0:0:0:0, 0+0+0:0:0:0:0, 0+0+0:0:0:0:0, 3+0+0:0:0:0:0, 3+0+1:0:0:0:0, 4+0+0:0:0:0:0, 0+0+0:0:0:0:0, 2+0+1:0:0:0:0, 1+0+1:0:0:0:0, 0+0+0:0:0:0:0, 2+0+1:0:0:0:0, 4+0+1:0:0:0:0, 3+0+0:0:0:0:0, 1+0+0:0:0:0:0, 3+0+1:0:0:0:1, 0+0+0:0:0:0:0, 1+0+1:0:0:0:0, 1+0+0:0:0:0:0, 0+0+0:0:0:0:0, 2+0+0:0:0:0:0, 1+0+0:0:0:0:0, 3+0+0:0:0:0:0, 2+0+0:0:0:0:0, 3+0+0:0:0:0:0, 2+0+0:0:0:0:0, 1+0+0:0:0:0:0, 2+0+1:0:0:0:0, 2+0+1:0:0:0:0, 4+0+0:0:0:0:0, 2+0+1:0:0:0:0, 2+0+0:0:0:0:0, 2+0+1:0:0:0:0, 3+0+1:0:0:0:0, 0+0+0:0:0:0:0, 0+0+0:0:0:0:0, 0+0+0:0:0:0:0, 2+0+0:0:0:0:0, 2+0+0:0:0:0:0, 3+0+1:0:0:0:0, 4+0+0:0:0:0:0, 0+0+0:0:0:0:0, 3+0+2:0:0:0:1, 0+0+0:0:0:0:0, 0+0+0:0:0:0:0, 0+0+0:0:0:0:0, 3+0+0:0:0:0:0, 4+0+0:0:0:0:0, 3+0+0:0:0:0:0, 0+0+0:0:0:0:0, 2+0+1:0:0:0:0, 0+0+0:0:0:0:0, 0+0+0:0:0:0:0, 4+0+1:0:0:0:0, 2+0+0:0:0:0:0, 3+0+0:0:0:0:0, 2+0+0:0:0:0:0, 2+0+1:0:0:0:0, 2+0+0:0:0:0:0, 2+0+0:0:0:0:0, 1+0+1:0:0:0:0, 3+0+1:0:0:0:0, 2+0+0:0:0:0:0, 3+0+1:0:0:0:0, 3+0+2:0:1:0:0, 2+0+0:0:0:0:0, 1+0+0:0:0:0:0, 0+0+0:0:0:0:0, 0+0+0:0:0:0:0, 0+0+0:0:0:0:0, 0+0+0:0:0:0:0, 0+0+0:0:0:0:0, 2+0+0:0:0:0:0, 3+0+1:0:0:0:0, 4+0+1:0:0:0:0, 0+0+0:0:0:0:0, 2+0+1:0:0:0:0, 1+0+1:0:0:0:0, 1+0+1:0:0:0:0, 3+0+0:0:0:0:0, 3+0+1:0:0:0:0, 3+0+0:0:0:0:0, 0+0+0:0:0:0:0, 3+0+1:0:0:0:1, 2+0+1:0:0:0:0, 1+0+1:0:0:0:0, 0+0+0:0:0:0:0, 0+0+0:0:0:0:0, 2+0+0:0:0:0:0, 1+0+0:0:0:0:0, 2+0+0:0:0:0:0, 2+0+0:0:0:0:0, 2+0+1:0:0:0:0, 2+0+2:0:0:0:0, 1+0+0:0:0:0:0, 2+0+1:0:0:0:0, 2+0+1:0:0:0:0, 3+0+2:0:0:0:2, 1+0+0:0:0:0:0, 3+0+1:0:0:0:1, 0+0+0:0:0:0:0, 0+0+0:0:0:0:0, 0+0+0:0:0:0:0, 0+0+0:0:0:0:0, 0+0+0:0:0:0:0, 0+0+0:0:0:0:0, 3+0+1:0:0:0:0, 3+0+1:0:0:0:0, 3+0+2:0:0:0:1, 0+0+0:0:0:0:0, 2+0+1:0:0:0:0, 1+0+1:0:0:0:0, 0+0+0:0:0:0:0, 2+0+1:0:0:0:0, 2+0+0:0:0:0:0, 4+0+1:0:0:0:0, 3+0+3:0:0:0:1, 1+0+3:0:0:0:0, 0+0+0:0:0:0:0, 0+0+0:0:0:0:0, 0+0+0:0:0:0:0, 2+0+0:0:0:0:0, 2+0+0:0:0:0:0, 1+0+0:0:0:0:0, 4+0+0:0:0:0:0, 4+0+1:1:0:0:0, 4+0+2:0:0:0:0, 2+0+0:0:0:0:0, 2+0+0:0:0:0:0, 2+0+1:0:0:0:0, 2+0+0:0:0:0:0, 2+0+0:0:0:0:0, 1+0+0:0:0:0:0, 0+0+0:0:0:0:0, 0+0+0:0:0:0:0, 0+0+0:0:0:0:0, 1+0+0:0:0:0:0, 0+0+0:0:0:0:0, 0+0+0:0:0:0:0, 0+0+0:0:0:0:0, 0+0+0:0:0:0:0, 0+0+0:0:0:0:0, 0+0+0:0:0:0:0, 1+0+1:0:0:0:0, 2+0+2:0:0:0:0, 0+0+0:0:0:0:0, 0+0+0:0:0:0:0, 0+0+0:0:0:0:0, 263+0+65:1:1:0:8
Eb minor (6b),  , 2+0+0:0:0:0:0, 2+0+0:0:0:0:0, 1+0+0:0:0:0:0, 1+0+0:0:0:0:0, 0+0+0:0:0:0:0, 0+0+0:0:0:0:0, 0+0+0:0:0:0:0, 0+0+0:0:0:0:0, 2+0+2:0:0:0:0, 2+0+0:0:0:0:0, 1+0+0:0:0:0:0, 1+0+0:0:0:0:0, 2+0+1:0:0:0:0, 0+0+0:0:0:0:0, 0+0+0:0:0:0:0, 0+0+0:0:0:0:0, 3+0+1:0:0:0:0, 2+0+1:0:0:0:0, 4+0+1:0:0:0:0, 4+0+0:0:0:0:0, 3+0+0:0:0:0:0, 2+0+0:0:0:0:0, 1+0+0:0:0:0:0, 3+0+0:0:0:0:0, 2+0+0:0:0:0:0, 2+0+0:0:0:0:0, 1+0+0:0:0:0:0, 0+0+0:0:0:0:0, 2+0+1:0:0:0:0, 0+0+0:0:0:0:0, 0+0+0:0:0:0:0, 0+0+0:0:0:0:0, 0+0+0:0:0:0:0, 0+0+0:0:0:0:0, 3+0+0:0:0:0:0, 2+0+1:0:0:0:0, 3+0+1:0:0:0:0, 0+0+0:0:0:0:0, 3+0+1:0:0:0:0, 1+0+1:0:0:0:0, 0+0+0:0:0:0:0, 2+0+0:0:0:0:0, 5+0+1:0:0:0:0, 3+0+0:0:0:0:0, 1+0+0:0:0:0:0, 2+0+1:0:0:0:0, 0+0+0:0:0:0:0, 1+0+0:0:0:0:0, 1+0+1:0:0:0:0, 0+0+0:0:0:0:0, 2+0+0:0:0:0:0, 2+0+1:0:0:0:0, 4+0+0:0:0:0:0, 3+0+0:0:0:0:0, 3+0+0:0:0:0:0, 2+0+0:0:0:0:0, 1+0+0:0:0:0:0, 2+0+0:0:0:0:0, 2+0+1:0:0:0:0, 4+0+0:0:0:0:0, 2+0+0:0:0:0:0, 1+0+0:0:0:0:0, 3+0+1:0:0:0:0, 2+0+1:0:0:0:0, 0+0+0:0:0:0:0, 0+0+0:0:0:0:0, 0+0+0:0:0:0:0, 1+0+0:0:0:0:0, 2+0+1:0:0:0:0, 3+0+0:0:0:0:0, 3+0+1:0:0:0:0, 0+0+0:0:0:0:0, 4+0+1:0:0:0:0, 0+0+0:0:0:0:0, 0+0+0:0:0:0:0, 0+0+0:0:0:0:0, 4+0+1:0:0:0:0, 4+0+0:0:0:0:0, 2+0+0:0:0:0:0, 0+0+0:0:0:0:0, 3+0+1:0:0:0:0, 0+0+0:0:0:0:0, 0+0+0:0:0:0:0, 4+0+0:0:0:0:0, 2+0+0:0:0:0:0, 3+0+0:0:0:0:0, 2+0+0:0:0:0:0, 4+0+1:0:0:0:0, 2+0+0:0:0:0:0, 2+0+0:0:0:0:0, 1+0+0:0:0:0:0, 3+0+0:0:0:0:0, 2+0+2:0:0:0:0, 3+0+0:0:0:0:0, 2+0+1:0:0:0:0, 1+0+0:0:0:0:0, 1+0+1:0:0:0:0, 0+0+0:0:0:0:0, 0+0+0:0:0:0:0, 0+0+0:0:0:0:0, 0+0+0:0:0:0:0, 0+0+0:0:0:0:0, 2+0+0:0:0:0:0, 3+0+0:0:0:0:0, 3+0+1:0:0:0:0, 0+0+0:0:0:0:0, 3+0+1:0:0:0:0, 1+0+1:0:0:0:0, 1+0+1:0:0:0:0, 3+0+0:0:0:0:0, 4+0+1:0:0:0:0, 3+0+0:0:0:0:0, 0+0+0:0:0:0:0, 2+0+1:0:0:0:0, 3+0+1:0:0:0:0, 1+0+2:0:0:0:0, 0+0+0:0:0:0:0, 0+0+0:0:0:0:0, 2+0+0:0:0:0:0, 2+0+1:0:0:0:0, 3+0+0:0:0:0:0, 2+0+0:0:0:0:0, 3+0+1:0:0:0:0, 2+0+0:0:0:0:0, 1+0+0:0:0:0:0, 2+0+0:0:0:0:0, 2+0+1:0:0:0:0, 3+0+0:0:0:0:0, 1+0+0:0:0:0:0, 2+0+1:0:0:0:0, 0+0+0:0:0:0:0, 0+0+0:0:0:0:0, 0+0+0:0:0:0:0, 0+0+0:0:0:0:0, 0+0+0:0:0:0:0, 0+0+0:0:0:0:0, 4+0+1:0:0:0:0, 4+0+0:0:0:0:0, 3+0+1:0:0:0:0, 0+0+0:0:0:0:0, 3+0+1:0:0:0:0, 1+0+1:0:0:0:0, 0+0+0:0:0:0:0, 2+0+0:0:0:0:0, 2+0+1:0:0:0:0, 4+0+0:0:0:0:0, 3+0+2:0:0:0:0, 1+0+0:0:0:0:0, 0+0+0:0:0:0:0, 0+0+0:0:0:0:0, 0+0+0:0:0:0:0, 1+0+0:0:0:0:0, 2+0+0:0:0:0:0, 3+0+2:0:0:0:0, 4+0+0:0:0:0:0, 3+0+1:0:0:0:0, 3+0+1:0:0:0:0, 2+0+0:0:0:0:0, 2+0+0:0:0:0:0, 2+0+0:0:0:0:0, 2+0+0:0:0:0:0, 2+0+0:0:0:0:0, 1+0+0:0:0:0:0, 0+0+0:0:0:0:0, 0+0+0:0:0:0:0, 0+0+0:0:0:0:0, 1+0+1:0:0:0:0, 0+0+0:0:0:0:0, 0+0+0:0:0:0:0, 0+0+0:0:0:0:0, 0+0+0:0:0:0:0, 0+0+0:0:0:0:0, 0+0+0:0:0:0:0, 2+0+1:0:0:0:0, 3+0+1:0:0:0:0, 0+0+0:0:0:0:0, 0+0+0:0:0:0:0, 0+0+0:0:0:0:0, 275+0+55:0:0:0:0
D# minor (6#),  , 2+0+0:0:0:0:0, 2+0+0:0:0:0:0, 1+0+0:0:0:0:0, 2+0+0:0:0:0:0, 0+0+0:0:0:0:0, 0+0+0:0:0:0:0, 0+0+0:0:0:0:0, 0+0+0:0:0:0:0, 2+0+0:0:0:0:0, 2+0+0:0:0:0:0, 1+0+0:0:0:0:0, 1+0+0:0:0:0:0, 1+0+2:0:0:0:1, 0+0+0:0:0:0:0, 0+0+0:0:0:0:0, 0+0+0:0:0:0:0, 3+0+0:0:0:0:0, 1+0+0:0:0:0:0, 3+0+1:0:0:0:0, 3+0+0:0:0:0:0, 3+0+0:0:0:0:0, 2+0+0:0:0:0:0, 1+0+0:0:0:0:0, 3+0+1:0:0:0:0, 2+0+0:0:0:0:0, 2+0+0:0:0:0:0, 1+0+0:0:0:0:0, 0+0+0:0:0:0:0, 1+0+2:0:0:0:1, 0+0+0:0:0:0:0, 0+0+0:0:0:0:0, 0+0+0:0:0:0:0, 0+0+0:0:0:0:0, 0+0+0:0:0:0:0, 3+0+0:0:0:0:0, 3+0+1:0:0:0:0, 4+0+0:0:0:0:0, 0+0+0:0:0:0:0, 2+0+1:0:0:0:0, 1+0+1:0:0:0:0, 0+0+0:0:0:0:0, 3+0+1:0:0:0:1, 4+0+1:0:0:0:0, 3+0+0:0:0:0:0, 1+0+0:0:0:0:0, 3+0+1:0:0:0:1, 0+0+0:0:0:0:0, 2+0+0:0:0:0:0, 1+0+1:0:0:0:0, 0+0+0:0:0:0:0, 2+0+0:0:0:0:0, 1+0+0:0:0:0:0, 3+0+0:0:0:0:0, 2+0+0:0:0:0:0, 3+0+0:0:0:0:0, 2+0+0:0:0:0:0, 1+0+0:0:0:0:0, 2+0+1:0:0:0:0, 2+0+1:0:0:0:0, 4+0+0:0:0:0:0, 3+0+0:0:0:0:0, 2+0+0:0:0:0:0, 2+0+1:0:0:0:0, 3+0+1:0:0:0:0, 0+0+0:0:0:0:0, 0+0+0:0:0:0:0, 0+0+0:0:0:0:0, 2+0+0:0:0:0:0, 2+0+0:0:0:0:0, 3+0+1:0:0:0:0, 4+0+0:0:0:0:0, 0+0+0:0:0:0:0, 3+0+2:0:0:0:1, 0+0+0:0:0:0:0, 0+0+0:0:0:0:0, 0+0+0:0:0:0:0, 3+0+0:0:0:0:0, 4+0+0:0:0:0:0, 3+0+0:0:0:0:0, 0+0+0:0:0:0:0, 2+0+1:0:0:0:0, 0+0+0:0:0:0:0, 0+0+0:0:0:0:0, 4+0+1:0:0:0:0, 2+0+0:0:0:0:0, 3+0+0:0:0:0:0, 2+0+0:0:0:0:0, 2+0+1:0:0:0:0, 2+0+0:0:0:0:0, 2+0+0:0:0:0:0, 1+0+1:0:0:0:0, 3+0+1:0:0:0:0, 2+0+0:0:0:0:0, 3+0+1:0:0:0:0, 3+0+2:0:1:0:0, 2+0+0:0:0:0:0, 1+0+0:0:0:0:0, 0+0+0:0:0:0:0, 0+0+0:0:0:0:0, 0+0+0:0:0:0:0, 0+0+0:0:0:0:0, 0+0+0:0:0:0:0, 2+0+0:0:0:0:0, 3+0+1:0:0:0:0, 4+0+0:0:0:0:0, 0+0+0:0:0:0:0, 2+0+1:0:0:0:0, 1+0+1:0:0:0:0, 1+0+1:0:0:0:0, 3+0+0:0:0:0:0, 3+0+1:0:0:0:0, 5+0+0:0:0:0:0, 0+0+0:0:0:0:0, 3+0+1:0:0:0:1, 2+0+1:0:0:0:0, 1+0+1:0:0:0:0, 0+0+0:0:0:0:0, 0+0+0:0:0:0:0, 2+0+0:0:0:0:0, 1+0+0:0:0:0:0, 2+0+0:0:0:0:0, 2+0+0:0:0:0:0, 2+0+1:0:0:0:0, 3+0+0:0:0:0:0, 2+0+0:0:0:0:0, 2+0+1:0:0:0:0, 2+0+1:0:0:0:0, 5+0+1:0:0:0:1, 1+0+0:0:0:0:0, 3+0+1:0:0:0:1, 0+0+0:0:0:0:0, 0+0+0:0:0:0:0, 0+0+0:0:0:0:0, 0+0+0:0:0:0:0, 0+0+0:0:0:0:0, 0+0+0:0:0:0:0, 4+0+2:0:0:0:2, 3+0+0:0:0:0:0, 3+0+0:0:0:0:0, 0+0+0:0:0:0:0, 2+0+1:0:0:0:0, 1+0+1:0:0:0:0, 0+0+0:0:0:0:0, 2+0+1:0:0:0:0, 2+0+0:0:0:0:0, 4+0+1:0:0:0:0, 3+0+3:0:0:0:1, 1+0+3:0:0:0:0, 0+0+0:0:0:0:0, 0+0+0:0:0:0:0, 0+0+0:0:0:0:0, 2+0+0:0:0:0:0, 4+0+0:0:0:0:0, 1+0+0:0:0:0:0, 4+0+0:0:0:0:0, 4+0+1:1:0:0:0, 4+0+2:0:0:0:0, 2+0+0:0:0:0:0, 2+0+0:0:0:0:0, 2+0+1:0:0:0:0, 2+0+0:0:0:0:0, 2+0+0:0:0:0:0, 1+0+0:0:0:0:0, 0+0+0:0:0:0:0, 0+0+0:0:0:0:0, 0+0+0:0:0:0:0, 1+0+0:0:0:0:0, 0+0+0:0:0:0:0, 0+0+0:0:0:0:0, 0+0+0:0:0:0:0, 0+0+0:0:0:0:0, 0+0+0:0:0:0:0, 0+0+0:0:0:0:0, 1+0+1:0:0:0:0, 2+0+2:0:0:0:0, 0+0+0:0:0:0:0, 0+0+0:0:0:0:0, 0+0+0:0:0:0:0, 275+0+60:1:1:0:11
Cb major (7b),  , 2+0+0:0:0:0:0, 2+0+0:0:0:0:0, 2+0+0:0:0:0:0, 1+0+0:0:0:0:0, 1+0+0:0:0:0:0, 0+0+0:0:0:0:0, 1+0+0:0:0:0:0, 1+0+0:0:0:0:0, 2+0+2:0:0:0:0, 2+0+0:0:0:0:0, 2+0+0:0:0:0:0, 0+0+0:0:0:0:0, 3+0+1:0:0:0:0, 0+0+0:0:0:0:0, 1+0+0:0:0:0:0, 0+0+0:0:0:0:0, 4+0+0:0:0:0:0, 4+0+0:0:0:0:0, 5+0+0:0:0:0:0, 4+0+0:0:0:0:0, 3+0+0:0:0:0:0, 2+0+0:0:0:0:0, 1+0+0:0:0:0:0, 3+0+0:0:0:0:0, 2+0+0:0:0:0:0, 2+0+0:0:0:0:0, 2+0+0:0:0:0:0, 0+0+0:0:0:0:0, 3+0+1:0:0:0:0, 0+0+0:0:0:0:0, 1+0+0:0:0:0:0, 0+0+0:0:0:0:0, 0+0+0:0:0:0:0, 0+0+0:0:0:0:0, 3+0+0:0:0:0:0, 2+0+1:0:0:0:0, 4+0+0:0:0:0:0, 1+0+0:0:0:0:0, 4+0+1:0:0:0:0, 0+0+1:0:0:0:0, 1+0+0:0:0:0:0, 3+0+0:0:0:0:0, 5+0+1:0:0:0:0, 3+0+0:0:0:0:0, 2+0+0:0:0:0:0, 2+0+1:0:0:0:0, 1+0+0:0:0:0:0, 2+0+0:0:0:0:0, 2+0+1:0:0:0:0, 1+0+0:0:0:0:0, 2+0+0:0:0:0:0, 2+0+1:0:0:0:0, 4+0+0:0:0:0:0, 2+0+1:0:0:0:0, 3+0+0:0:0:0:0, 2+0+0:0:0:0:0, 1+0+0:0:0:0:0, 2+0+0:0:0:0:0, 2+0+1:0:0:0:0, 4+0+0:0:0:0:0, 3+0+0:0:0:0:0, 2+0+0:0:0:0:0, 4+0+1:0:0:0:0, 2+0+1:0:0:0:0, 1+0+0:0:0:0:0, 0+0+0:0:0:0:0, 0+0+0:0:0:0:0, 1+0+0:0:0:0:0, 2+0+1:0:0:0:0, 3+0+0:0:0:0:0, 4+0+1:0:0:0:0, 1+0+0:0:0:0:0, 4+0+1:0:0:0:0, 0+0+0:0:0:0:0, 2+0+0:0:0:0:0, 0+0+0:0:0:0:0, 4+0+1:0:0:0:0, 4+0+0:0:0:0:0, 3+0+0:0:0:0:0, 1+0+0:0:0:0:0, 4+0+1:0:0:0:0, 0+0+0:0:0:0:0, 1+0+0:0:0:0:0, 4+0+0:0:0:0:0, 2+0+0:0:0:0:0, 3+0+0:0:0:0:0, 2+0+0:0:0:0:0, 4+0+1:0:0:0:0, 2+0+0:0:0:0:0, 2+0+0:0:0:0:0, 1+0+0:0:0:0:0, 3+0+0:0:0:0:0, 2+0+2:0:0:0:0, 3+0+0:0:0:0:0, 3+0+1:0:0:0:0, 1+0+0:0:0:0:0, 2+0+0:0:0:0:0, 0+0+0:0:0:0:0, 1+0+0:0:0:0:0, 0+0+0:0:0:0:0, 0+0+0:0:0:0:0, 0+0+0:0:0:0:0, 2+0+0:0:0:0:0, 3+0+0:0:0:0:0, 4+0+0:0:0:0:0, 0+0+0:0:0:0:0, 4+0+1:0:0:0:0, 0+0+1:0:0:0:0, 2+0+1:0:0:0:0, 3+0+0:0:0:0:0, 4+0+1:0:0:0:0, 3+0+0:0:0:0:0, 0+0+0:0:0:0:0, 2+0+1:0:0:0:0, 4+0+2:0:0:0:0, 0+0+0:0:0:0:0, 1+0+0:0:0:0:0, 0+0+0:0:0:0:0, 2+0+0:0:0:0:0, 2+0+1:0:0:0:0, 3+0+0:0:0:0:0, 3+0+0:0:0:0:0, 3+0+1:0:0:0:0, 1+0+0:0:0:0:0, 1+0+0:0:0:0:0, 2+0+0:0:0:0:0, 2+0+1:0:0:0:0, 3+0+0:0:0:0:0, 3+0+0:0:0:0:0, 2+0+1:0:0:0:0, 1+0+0:0:0:0:0, 0+0+0:0:0:0:0, 1+0+0:0:0:0:0, 0+0+0:0:0:0:0, 0+0+0:0:0:0:0, 1+0+0:0:0:0:0, 4+0+1:0:0:0:0, 4+0+0:0:0:0:0, 4+0+1:0:0:0:0, 1+0+0:0:0:0:0, 4+0+1:0:0:0:0, 0+0+1:0:0:0:0, 1+0+0:0:0:0:0, 2+0+0:0:0:0:0, 3+0+1:0:0:0:0, 4+0+0:0:0:0:0, 2+0+3:0:0:0:0, 2+0+0:0:0:0:0, 1+0+0:0:0:0:0, 1+0+0:0:0:0:0, 1+0+0:0:0:0:0, 1+0+0:0:0:0:0, 2+0+0:0:0:0:0, 3+0+2:0:0:0:0, 4+0+0:0:0:0:0, 3+0+1:0:0:0:0, 4+0+1:0:0:0:0, 0+0+0:0:0:0:0, 2+0+0:0:0:0:0, 2+0+0:0:0:0:0, 2+0+0:0:0:0:0, 2+0+0:0:0:0:0, 2+0+0:0:0:0:0, 0+0+0:0:0:0:0, 1+0+0:0:0:0:0, 0+0+0:0:0:0:0, 2+0+1:0:0:0:0, 0+0+0:0:0:0:0, 0+0+0:0:0:0:0, 0+0+0:0:0:0:0, 0+0+0:0:0:0:0, 0+0+0:0:0:0:0, 0+0+0:0:0:0:0, 2+0+1:0:0:0:0, 4+0+1:0:0:0:0, 0+0+0:0:0:0:0, 0+0+0:0:0:0:0, 0+0+0:0:0:0:0, 329+0+50:0:0:0:0
C# major (7#),  , 2+0+0:0:0:0:0, 2+0+0:0:0:0:0, 0+0+0:0:0:0:0, 2+0+0:0:0:0:0, 0+0+0:0:0:0:0, 1+0+0:0:0:0:0, 1+0+0:0:0:0:0, 0+0+0:0:0:0:0, 2+0+0:0:0:0:0, 2+0+0:0:0:0:0, 0+0+0:0:0:0:0, 1+0+1:0:0:0:0, 1+0+1:0:0:0:0, 1+0+0:0:0:0:0, 1+0+0:0:0:0:0, 0+0+0:0:0:0:0, 3+0+0:0:0:0:0, 2+0+0:0:0:0:0, 4+0+1:0:0:0:0, 3+0+0:0:0:0:0, 3+0+0:0:0:0:0, 1+0+0:0:0:0:0, 1+0+0:0:0:0:0, 2+0+1:0:0:0:0, 2+0+0:0:0:0:0, 2+0+0:0:0:0:0, 0+0+0:0:0:0:0, 0+0+0:0:0:0:0, 1+0+1:0:0:0:0, 1+0+0:0:0:0:0, 1+0+0:0:0:0:0, 0+0+0:0:0:0:0, 0+0+0:0:0:0:0, 0+0+0:0:0:0:0, 3+0+0:0:0:0:0, 4+0+1:0:0:0:0, 3+0+1:0:0:0:1, 0+0+0:0:0:0:0, 1+0+1:0:0:0:0, 2+0+1:0:0:0:0, 1+0+0:0:0:0:0, 5+0+0:0:0:0:0, 4+0+0:0:0:0:0, 3+0+0:0:0:0:0, 0+0+0:0:0:0:0, 3+0+1:0:0:0:1, 1+0+0:0:0:0:0, 3+0+1:0:0:0:0, 2+0+1:0:0:0:0, 0+0+0:0:0:0:0, 2+0+0:0:0:0:0, 2+0+0:0:0:0:0, 4+0+0:0:0:0:0, 2+0+1:0:0:0:0, 3+0+0:0:0:0:0, 1+0+0:0:0:0:0, 1+0+0:0:0:0:0, 1+0+1:0:0:0:0, 2+0+1:0:0:0:0, 4+0+0:0:0:0:0, 1+0+1:0:0:0:0, 1+0+1:0:0:0:0, 1+0+1:0:0:0:0, 4+0+1:0:0:0:0, 1+0+0:0:0:0:0, 0+0+0:0:0:0:0, 0+0+0:0:0:0:0, 2+0+0:0:0:0:0, 2+0+0:0:0:0:0, 2+0+1:0:0:0:0, 3+0+1:0:0:0:1, 0+0+0:0:0:0:0, 2+0+2:0:0:0:1, 1+0+0:0:0:0:0, 1+0+0:0:0:0:0, 0+0+0:0:0:0:0, 3+0+0:0:0:0:0, 4+0+0:0:0:0:0, 2+0+1:0:0:0:1, 0+0+0:0:0:0:0, 1+0+1:0:0:0:0, 2+0+0:0:0:0:0, 1+0+0:0:0:0:0, 3+0+1:0:0:0:0, 2+0+0:0:0:0:0, 3+0+0:0:0:0:0, 2+0+0:0:0:0:0, 2+0+1:0:0:0:0, 2+0+0:0:0:0:0, 2+0+0:0:0:0:0, 1+0+1:0:0:0:0, 2+0+1:0:0:0:0, 2+0+0:0:0:0:0, 2+0+1:0:0:0:0, 2+0+2:0:1:0:0, 2+0+0:0:0:0:0, 0+0+0:0:0:0:0, 1+0+0:0:0:0:0, 1+0+0:0:0:0:0, 0+0+0:0:0:0:0, 0+0+0:0:0:0:0, 0+0+0:0:0:0:0, 2+0+0:0:0:0:0, 2+0+1:0:0:0:0, 3+0+1:0:0:0:1, 0+0+0:0:0:0:0, 1+0+1:0:0:0:0, 2+0+1:0:0:0:0, 1+0+1:0:0:0:0, 3+0+0:0:0:0:0, 3+0+1:0:0:0:0, 5+0+0:0:0:0:0, 0+0+0:0:0:0:0, 3+0+1:0:0:0:1, 1+0+1:0:0:0:0, 2+0+1:0:0:0:0, 1+0+0:0:0:0:0, 0+0+0:0:0:0:0, 2+0+0:0:0:0:0, 2+0+0:0:0:0:0, 3+0+0:0:0:0:0, 2+0+0:0:0:0:0, 2+0+1:0:0:0:0, 3+0+0:0:0:0:0, 1+0+0:0:0:0:0, 1+0+1:0:0:0:0, 2+0+1:0:0:0:0, 2+0+2:0:0:0:2, 0+0+0:0:0:0:0, 3+0+1:0:0:0:1, 0+0+0:0:0:0:0, 1+0+0:0:0:0:0, 1+0+0:0:0:0:0, 0+0+0:0:0:0:0, 0+0+0:0:0:0:0, 0+0+0:0:0:0:0, 3+0+3:0:0:0:0, 4+0+0:0:0:0:0, 3+0+2:0:0:0:0, 0+0+0:0:0:0:0, 1+0+1:0:0:0:0, 2+0+1:0:0:0:0, 0+0+0:0:0:0:0, 1+0+1:0:0:0:0, 2+0+0:0:0:0:0, 3+0+1:0:0:0:0, 2+0+3:0:0:0:1, 1+0+3:0:0:0:0, 0+0+0:0:0:0:0, 1+0+0:0:0:0:0, 1+0+0:0:0:0:0, 2+0+0:0:0:0:0, 2+0+0:0:0:0:0, 2+0+0:0:0:0:0, 4+0+0:0:0:0:0, 4+0+1:1:0:0:0, 4+0+1:0:0:0:0, 2+0+0:0:0:0:0, 2+0+0:0:0:0:0, 1+0+1:0:0:0:0, 2+0+0:0:0:0:0, 2+0+0:0:0:0:0, 0+0+0:0:0:0:0, 0+0+0:0:0:0:0, 1+0+0:0:0:0:0, 1+0+0:0:0:0:0, 2+0+0:0:0:0:0, 0+0+0:0:0:0:0, 0+0+0:0:0:0:0, 0+0+0:0:0:0:0, 0+0+0:0:0:0:0, 0+0+0:0:0:0:0, 0+0+0:0:0:0:0, 1+0+1:0:0:0:0, 2+0+2:0:0:0:0, 0+0+0:0:0:0:0, 0+0+0:0:0:0:0, 0+0+0:0:0:0:0, 274+0+68:1:1:0:11
Ab minor (7b),  , 2+0+0:0:0:0:0, 2+0+0:0:0:0:0, 2+0+0:0:0:0:0, 1+0+0:0:0:0:0, 1+0+0:0:0:0:0, 0+0+0:0:0:0:0, 1+0+0:0:0:0:0, 1+0+0:0:0:0:0, 2+0+2:0:0:0:0, 2+0+0:0:0:0:0, 2+0+0:0:0:0:0, 0+0+0:0:0:0:0, 3+0+1:0:0:0:0, 0+0+0:0:0:0:0, 1+0+0:0:0:0:0, 0+0+0:0:0:0:0, 2+0+1:0:0:0:0, 2+0+1:0:0:0:0, 4+0+1:0:0:0:0, 3+0+2:0:0:0:0, 3+0+0:0:0:0:0, 2+0+0:0:0:0:0, 1+0+0:0:0:0:0, 3+0+0:0:0:0:0, 2+0+0:0:0:0:0, 2+0+0:0:0:0:0, 2+0+0:0:0:0:0, 0+0+0:0:0:0:0, 3+0+1:0:0:0:0, 0+0+0:0:0:0:0, 1+0+0:0:0:0:0, 0+0+0:0:0:0:0, 0+0+0:0:0:0:0, 0+0+0:0:0:0:0, 3+0+0:0:0:0:0, 2+0+1:0:0:0:0, 4+0+1:0:0:0:0, 1+0+0:0:0:0:0, 4+0+1:0:0:0:0, 0+0+1:0:0:0:0, 1+0+0:0:0:0:0, 3+0+0:0:0:0:0, 5+0+1:0:0:0:0, 3+0+0:0:0:0:0, 2+0+0:0:0:0:0, 2+0+1:0:0:0:0, 1+0+0:0:0:0:0, 2+0+0:0:0:0:0, 2+0+1:0:0:0:0, 1+0+0:0:0:0:0, 2+0+0:0:0:0:0, 2+0+1:0:0:0:0, 4+0+0:0:0:0:0, 2+0+1:0:0:0:0, 3+0+0:0:0:0:0, 2+0+0:0:0:0:0, 1+0+0:0:0:0:0, 2+0+0:0:0:0:0, 2+0+1:0:0:0:0, 4+0+0:0:0:0:0, 3+0+0:0:0:0:0, 2+0+0:0:0:0:0, 4+0+1:0:0:0:0, 2+0+1:0:0:0:0, 1+0+0:0:0:0:0, 0+0+0:0:0:0:0, 0+0+0:0:0:0:0, 1+0+0:0:0:0:0, 2+0+1:0:0:0:0, 3+0+0:0:0:0:0, 4+0+1:0:0:0:0, 1+0+0:0:0:0:0, 4+0+1:0:0:0:0, 0+0+0:0:0:0:0, 2+0+0:0:0:0:0, 0+0+0:0:0:0:0, 4+0+1:0:0:0:0, 4+0+0:0:0:0:0, 3+0+0:0:0:0:0, 1+0+0:0:0:0:0, 4+0+1:0:0:0:0, 0+0+0:0:0:0:0, 1+0+0:0:0:0:0, 4+0+0:0:0:0:0, 2+0+0:0:0:0:0, 3+0+0:0:0:0:0, 2+0+0:0:0:0:0, 3+0+2:0:0:0:0, 2+0+0:0:0:0:0, 2+0+0:0:0:0:0, 1+0+0:0:0:0:0, 3+0+0:0:0:0:0, 2+0+2:0:0:0:0, 3+0+0:0:0:0:0, 3+0+1:0:0:0:0, 1+0+0:0:0:0:0, 2+0+0:0:0:0:0, 0+0+0:0:0:0:0, 1+0+0:0:0:0:0, 0+0+0:0:0:0:0, 0+0+0:0:0:0:0, 0+0+0:0:0:0:0, 2+0+0:0:0:0:0, 3+0+0:0:0:0:0, 4+0+1:0:0:0:0, 0+0+0:0:0:0:0, 4+0+1:0:0:0:0, 0+0+1:0:0:0:0, 2+0+1:0:0:0:0, 3+0+0:0:0:0:0, 4+0+1:0:0:0:0, 3+0+0:0:0:0:0, 0+0+0:0:0:0:0, 2+0+1:0:0:0:0, 4+0+1:0:0:0:0, 0+0+2:0:0:0:0, 1+0+0:0:0:0:0, 0+0+0:0:0:0:0, 2+0+0:0:0:0:0, 2+0+1:0:0:0:0, 3+0+0:0:0:0:0, 3+0+0:0:0:0:0, 3+0+1:0:0:0:0, 1+0+0:0:0:0:0, 1+0+0:0:0:0:0, 2+0+0:0:0:0:0, 2+0+1:0:0:0:0, 3+0+0:0:0:0:0, 3+0+0:0:0:0:0, 2+0+1:0:0:0:0, 1+0+0:0:0:0:0, 0+0+0:0:0:0:0, 1+0+0:0:0:0:0, 0+0+0:0:0:0:0, 0+0+0:0:0:0:0, 1+0+0:0:0:0:0, 4+0+1:0:0:0:0, 3+0+1:0:0:0:0, 4+0+1:0:0:0:0, 1+0+0:0:0:0:0, 4+0+1:0:0:0:0, 0+0+1:0:0:0:0, 1+0+0:0:0:0:0, 2+0+0:0:0:0:0, 3+0+1:0:0:0:0, 4+0+0:0:0:0:0, 2+0+3:0:0:0:0, 2+0+0:0:0:0:0, 1+0+0:0:0:0:0, 1+0+0:0:0:0:0, 1+0+0:0:0:0:0, 1+0+0:0:0:0:0, 2+0+0:0:0:0:0, 3+0+2:0:0:0:0, 4+0+0:0:0:0:0, 3+0+1:0:0:0:0, 4+0+1:0:0:0:0, 0+0+0:0:0:0:0, 2+0+0:0:0:0:0, 2+0+0:0:0:0:0, 2+0+0:0:0:0:0, 2+0+0:0:0:0:0, 2+0+0:0:0:0:0, 0+0+0:0:0:0:0, 1+0+1:0:0:0:0, 0+0+0:0:0:0:0, 2+0+1:0:0:0:0, 0+0+0:0:0:0:0, 0+0+0:0:0:0:0, 0+0+0:0:0:0:0, 0+0+0:0:0:0:0, 0+0+0:0:0:0:0, 0+0+0:0:0:0:0, 2+0+1:0:0:0:0, 4+0+1:0:0:0:0, 0+0+0:0:0:0:0, 0+0+0:0:0:0:0, 0+0+0:0:0:0:0, 321+0+61:0:0:0:0
A# minor (7#),  , 2+0+0:0:0:0:0, 2+0+0:0:0:0:0, 0+0+0:0:0:0:0, 2+0+0:0:0:0:0, 0+0+0:0:0:0:0, 1+0+0:0:0:0:0, 1+0+0:0:0:0:0, 0+0+0:0:0:0:0, 2+0+0:0:0:0:0, 2+0+0:0:0:0:0, 0+0+0:0:0:0:0, 1+0+0:0:0:0:0, 1+0+2:0:0:0:1, 1+0+0:0:0:0:0, 1+0+0:0:0:0:0, 0+0+0:0:0:0:0, 3+0+0:0:0:0:0, 2+0+0:0:0:0:0, 4+0+1:0:0:0:0, 3+0+0:0:0:0:0, 3+0+0:0:0:0:0, 1+0+0:0:0:0:0, 1+0+0:0:0:0:0, 2+0+1:0:0:0:0, 2+0+0:0:0:0:0, 2+0+0:0:0:0:0, 0+0+0:0:0:0:0, 0+0+0:0:0:0:0, 1+0+2:0:0:0:1, 1+0+0:0:0:0:0, 1+0+0:0:0:0:0, 0+0+0:0:0:0:0, 0+0+0:0:0:0:0, 0+0+0:0:0:0:0, 3+0+0:0:0:0:0, 4+0+1:0:0:0:0, 3+0+1:0:0:0:1, 0+0+0:0:0:0:0, 1+0+1:0:0:0:0, 2+0+1:0:0:0:0, 1+0+0:0:0:0:0, 3+0+1:0:0:0:1, 4+0+1:0:0:0:0, 3+0+0:0:0:0:0, 0+0+0:0:0:0:0, 3+0+1:0:0:0:1, 1+0+0:0:0:0:0, 4+0+0:0:0:0:0, 3+0+2:0:0:0:0, 0+0+0:0:0:0:0, 4+0+0:0:0:0:0, 2+0+0:0:0:0:0, 4+0+0:0:0:0:0, 2+0+0:0:0:0:0, 3+0+0:0:0:0:0, 1+0+0:0:0:0:0, 1+0+0:0:0:0:0, 1+0+1:0:0:0:0, 2+0+1:0:0:0:0, 4+0+0:0:0:0:0, 2+0+0:0:0:0:0, 2+0+0:0:0:0:0, 1+0+1:0:0:0:0, 4+0+1:0:0:0:0, 1+0+0:0:0:0:0, 0+0+0:0:0:0:0, 0+0+0:0:0:0:0, 2+0+0:0:0:0:0, 2+0+0:0:0:0:0, 2+0+1:0:0:0:0, 3+0+1:0:0:0:1, 0+0+0:0:0:0:0, 2+0+2:0:0:0:1, 1+0+0:0:0:0:0, 1+0+0:0:0:0:0, 0+0+0:0:0:0:0, 3+0+0:0:0:0:0, 4+0+0:0:0:0:0, 3+0+0:0:0:0:0, 0+0+0:0:0:0:0, 1+0+1:0:0:0:0, 2+0+0:0:0:0:0, 1+0+0:0:0:0:0, 3+0+1:0:0:0:0, 2+0+0:0:0:0:0, 3+0+0:0:0:0:0, 2+0+0:0:0:0:0, 2+0+1:0:0:0:0, 2+0+0:0:0:0:0, 2+0+0:0:0:0:0, 1+0+1:0:0:0:0, 2+0+1:0:0:0:0, 2+0+0:0:0:0:0, 2+0+1:0:0:0:0, 2+0+2:0:1:0:0, 2+0+0:0:0:0:0, 0+0+0:0:0:0:0, 1+0+0:0:0:0:0, 1+0+0:0:0:0:0, 0+0+0:0:0:0:0, 0+0+0:0:0:0:0, 0+0+0:0:0:0:0, 2+0+0:0:0:0:0, 2+0+1:0:0:0:0, 3+0+1:0:0:0:1, 0+0+0:0:0:0:0, 1+0+1:0:0:0:0, 2+0+1:0:0:0:0, 1+0+1:0:0:0:0, 3+0+0:0:0:0:0, 3+0+1:0:0:0:0, 5+0+0:0:0:0:0, 0+0+0:0:0:0:0, 3+0+1:0:0:0:1, 1+0+1:0:0:0:0, 2+0+1:0:0:0:0, 1+0+0:0:0:0:0, 0+0+0:0:0:0:0, 4+0+0:0:0:0:0, 2+0+0:0:0:0:0, 3+0+0:0:0:0:0, 2+0+0:0:0:0:0, 2+0+1:0:0:0:0, 3+0+0:0:0:0:0, 2+0+0:0:0:0:0, 1+0+1:0:0:0:0, 2+0+1:0:0:0:0, 2+0+2:0:0:0:2, 0+0+0:0:0:0:0, 3+0+1:0:0:0:1, 0+0+0:0:0:0:0, 1+0+0:0:0:0:0, 1+0+0:0:0:0:0, 0+0+0:0:0:0:0, 0+0+0:0:0:0:0, 0+0+0:0:0:0:0, 4+0+2:0:0:0:2, 4+0+0:0:0:0:0, 4+0+1:0:0:0:0, 0+0+0:0:0:0:0, 1+0+1:0:0:0:0, 2+0+1:0:0:0:0, 0+0+0:0:0:0:0, 1+0+1:0:0:0:0, 2+0+0:0:0:0:0, 3+0+1:0:0:0:0, 2+0+3:0:0:0:1, 1+0+3:0:0:0:0, 0+0+0:0:0:0:0, 1+0+0:0:0:0:0, 1+0+0:0:0:0:0, 2+0+0:0:0:0:0, 4+0+0:0:0:0:0, 2+0+0:0:0:0:0, 4+0+0:0:0:0:0, 4+0+1:1:0:0:0, 4+0+1:0:0:0:0, 2+0+0:0:0:0:0, 2+0+0:0:0:0:0, 1+0+1:0:0:0:0, 2+0+0:0:0:0:0, 2+0+0:0:0:0:0, 0+0+0:0:0:0:0, 0+0+0:0:0:0:0, 1+0+0:0:0:0:0, 1+0+0:0:0:0:0, 3+0+1:0:0:0:0, 0+0+0:0:0:0:0, 0+0+0:0:0:0:0, 0+0+0:0:0:0:0, 0+0+0:0:0:0:0, 0+0+0:0:0:0:0, 0+0+0:0:0:0:0, 1+0+2:0:0:0:1, 2+0+2:0:0:0:0, 0+0+0:0:0:0:0, 0+0+0:0:0:0:0, 0+0+0:0:0:0:0, 287+0+67:1:1:0:16
